[21:58:11] [main/INFO] [LaunchWrapper]: Loading tweak class name net.minecraftforge.fml.common.launcher.FMLServerTweaker
[21:58:11] [main/INFO] [LaunchWrapper]: Using primary tweak class name net.minecraftforge.fml.common.launcher.FMLServerTweaker
[21:58:11] [main/INFO] [LaunchWrapper]: Calling tweak class net.minecraftforge.fml.common.launcher.FMLServerTweaker
[21:58:11] [main/DEBUG] [FML]: Injecting tracing printstreams for STDOUT/STDERR.
[21:58:11] [main/INFO] [FML]: Forge Mod Loader version 14.23.5.2860 for Minecraft 1.12.2 loading
[21:58:11] [main/INFO] [FML]: Java is OpenJDK 64-Bit Server VM, version 1.8.0_482, running on Linux:amd64:6.8.0-1052-azure, installed at /usr/lib/jvm/java-8-openjdk-amd64/jre
[21:58:11] [main/DEBUG] [FML]: Java classpath at launch is:
[21:58:11] [main/DEBUG] [FML]:     /workspaces/Pornoland/servidor_minecraft/forge-1.12.2-14.23.5.2860.jar
[21:58:11] [main/DEBUG] [FML]: Java library path at launch is:
[21:58:11] [main/DEBUG] [FML]:     /tmp/_MEIe3gQfu
[21:58:11] [main/DEBUG] [FML]:     /usr/java/packages/lib/amd64
[21:58:11] [main/DEBUG] [FML]:     /usr/lib/x86_64-linux-gnu/jni
[21:58:11] [main/DEBUG] [FML]:     /lib/x86_64-linux-gnu
[21:58:11] [main/DEBUG] [FML]:     /usr/lib/x86_64-linux-gnu
[21:58:11] [main/DEBUG] [FML]:     /usr/lib/jni
[21:58:11] [main/DEBUG] [FML]:     /lib
[21:58:11] [main/DEBUG] [FML]:     /usr/lib
[21:58:11] [main/DEBUG] [FML]: Determined Minecraft Libraries Root: /workspaces/Pornoland/servidor_minecraft/libraries
[21:58:11] [main/DEBUG] [FML]: Cleaning up mods folder: ./mods
[21:58:11] [main/DEBUG] [FML]: Examining file: jei_1.12.2-4.16.1.1013.jar
[21:58:11] [main/DEBUG] [FML]: Cleaning up mods folder: ./mods/1.12.2
[21:58:11] [main/DEBUG] [FML]: Enabling runtime deobfuscation
[21:58:11] [main/DEBUG] [FML]: Instantiating coremod class FMLCorePlugin
[21:58:11] [main/DEBUG] [FML]: Found signing certificates for coremod FMLCorePlugin (net.minecraftforge.fml.relauncher.FMLCorePlugin)
[21:58:11] [main/DEBUG] [FML]: Found certificate e3c3d50c7c986df74c645c0ac54639741c90a557
[21:58:11] [main/DEBUG] [FML]: Added access transformer class net.minecraftforge.fml.common.asm.transformers.AccessTransformer to enqueued access transformers
[21:58:11] [main/DEBUG] [FML]: Enqueued coremod FMLCorePlugin
[21:58:11] [main/DEBUG] [FML]: Instantiating coremod class FMLForgePlugin
[21:58:11] [main/DEBUG] [FML]: Found signing certificates for coremod FMLForgePlugin (net.minecraftforge.classloading.FMLForgePlugin)
[21:58:11] [main/DEBUG] [FML]: Found certificate e3c3d50c7c986df74c645c0ac54639741c90a557
[21:58:11] [main/DEBUG] [FML]: Enqueued coremod FMLForgePlugin
[21:58:11] [main/DEBUG] [FML]: All fundamental core mods are successfully located
[21:58:11] [main/DEBUG] [FML]: Discovering coremods
[21:58:11] [main/INFO] [FML]: Searching /workspaces/Pornoland/servidor_minecraft/./mods for mods
[21:58:11] [main/DEBUG] [FML]:   Adding jei_1.12.2-4.16.1.1013.jar to the mod list
[21:58:11] [main/DEBUG] [FML]:   Adding Lucky-Block-Mod-1.12.2.zip to the mod list
[21:58:11] [main/INFO] [FML]: Searching /workspaces/Pornoland/servidor_minecraft/./mods/1.12.2 for mods
[21:58:11] [main/DEBUG] [FML]: Examining for coremod candidacy jei_1.12.2-4.16.1.1013.jar
[21:58:11] [main/DEBUG] [FML]: Not found coremod data in jei_1.12.2-4.16.1.1013.jar
[21:58:11] [main/DEBUG] [FML]: Examining for coremod candidacy Lucky-Block-Mod-1.12.2.zip
[21:58:11] [main/DEBUG] [FML]: Not found coremod data in Lucky-Block-Mod-1.12.2.zip
[21:58:11] [main/INFO] [LaunchWrapper]: Loading tweak class name net.minecraftforge.fml.common.launcher.FMLInjectionAndSortingTweaker
[21:58:11] [main/INFO] [LaunchWrapper]: Loading tweak class name net.minecraftforge.fml.common.launcher.FMLDeobfTweaker
[21:58:11] [main/INFO] [LaunchWrapper]: Calling tweak class net.minecraftforge.fml.common.launcher.FMLInjectionAndSortingTweaker
[21:58:11] [main/INFO] [LaunchWrapper]: Calling tweak class net.minecraftforge.fml.common.launcher.FMLInjectionAndSortingTweaker
[21:58:11] [main/INFO] [LaunchWrapper]: Calling tweak class net.minecraftforge.fml.relauncher.CoreModManager$FMLPluginWrapper
[21:58:11] [main/DEBUG] [FML]: Injecting coremod FMLCorePlugin \{net.minecraftforge.fml.relauncher.FMLCorePlugin\} class transformers
[21:58:11] [main/TRACE] [FML]: Registering transformer net.minecraftforge.fml.common.asm.transformers.SideTransformer
[21:58:11] [main/TRACE] [FML]: Registering transformer net.minecraftforge.fml.common.asm.transformers.EventSubscriptionTransformer
[21:58:11] [main/TRACE] [FML]: Registering transformer net.minecraftforge.fml.common.asm.transformers.EventSubscriberTransformer
[21:58:11] [main/TRACE] [FML]: Registering transformer net.minecraftforge.fml.common.asm.transformers.SoundEngineFixTransformer
[21:58:11] [main/DEBUG] [FML]: Injection complete
[21:58:11] [main/DEBUG] [FML]: Running coremod plugin for FMLCorePlugin \{net.minecraftforge.fml.relauncher.FMLCorePlugin\}
[21:58:11] [main/DEBUG] [FML]: Running coremod plugin FMLCorePlugin
[21:58:12] [main/DEBUG] [FML]: Read 1154 binary patches
[21:58:12] [main/DEBUG] [FML]: Loading deobfuscation resource /deobfuscation_data-1.12.2.lzma with 36076 records
[21:58:13] [main/INFO] [FML]: Found valid fingerprint for Minecraft Forge. Certificate fingerprint e3c3d50c7c986df74c645c0ac54639741c90a557
[21:58:13] [main/DEBUG] [FML]: Coremod plugin class FMLCorePlugin run successfully
[21:58:13] [main/INFO] [LaunchWrapper]: Calling tweak class net.minecraftforge.fml.relauncher.CoreModManager$FMLPluginWrapper
[21:58:13] [main/DEBUG] [FML]: Injecting coremod FMLForgePlugin \{net.minecraftforge.classloading.FMLForgePlugin\} class transformers
[21:58:13] [main/DEBUG] [FML]: Injection complete
[21:58:13] [main/DEBUG] [FML]: Running coremod plugin for FMLForgePlugin \{net.minecraftforge.classloading.FMLForgePlugin\}
[21:58:13] [main/DEBUG] [FML]: Running coremod plugin FMLForgePlugin
[21:58:13] [main/DEBUG] [FML]: Coremod plugin class FMLForgePlugin run successfully
[21:58:13] [main/INFO] [LaunchWrapper]: Calling tweak class net.minecraftforge.fml.common.launcher.FMLDeobfTweaker
[21:58:13] [main/DEBUG] [FML]: Loaded 215 rules from AccessTransformer config file forge_at.cfg
[21:58:13] [main/DEBUG] [FML]: Loaded 13 rules from AccessTransformer mod jar file ./mods/jei_1.12.2-4.16.1.1013.jar!META-INF/jei_at.cfg

[21:58:13] [main/DEBUG] [FML]: Validating minecraft
[21:58:13] [main/DEBUG] [FML]: Minecraft validated, launching...
[21:58:13] [main/INFO] [LaunchWrapper]: Loading tweak class name net.minecraftforge.fml.common.launcher.TerminalTweaker
[21:58:13] [main/INFO] [LaunchWrapper]: Calling tweak class net.minecraftforge.fml.common.launcher.TerminalTweaker
[21:58:13] [main/INFO] [LaunchWrapper]: Launching wrapped minecraft {net.minecraft.server.MinecraftServer}
[21:58:16] [main/DEBUG] [FML]: Creating vanilla freeze snapshot
[21:58:16] [main/DEBUG] [FML]: Vanilla freeze snapshot created
[21:58:16] [Server thread/INFO] [net.minecraft.server.dedicated.DedicatedServer]: Starting minecraft server version 1.12.2
[21:58:16] [Server thread/INFO] [FML]: MinecraftForge v14.23.5.2860 Initialized
[21:58:16] [Server thread/INFO] [FML]: Starts to replace vanilla recipe ingredients with ore ingredients.
[21:58:16] [Server thread/INFO] [FML]: Invalid recipe found with multiple oredict ingredients in the same ingredient...
[21:58:16] [Server thread/INFO] [FML]: Replaced 1227 ore ingredients
[21:58:16] [Server thread/DEBUG] [FML]: File /workspaces/Pornoland/servidor_minecraft/config/injectedDependencies.json not found. No dependencies injected
[21:58:16] [Server thread/DEBUG] [FML]: Building injected Mod Containers [net.minecraftforge.fml.common.FMLContainer, net.minecraftforge.common.ForgeModContainer]
[21:58:16] [Server thread/DEBUG] [FML]: Attempting to load mods contained in the minecraft jar file and associated classes
[21:58:16] [Server thread/DEBUG] [FML]: Minecraft is a file at /workspaces/Pornoland/servidor_minecraft/forge-1.12.2-14.23.5.2860.jar, loading
[21:58:16] [Server thread/DEBUG] [FML]: Minecraft jar mods loaded successfully
[21:58:16] [Server thread/INFO] [FML]: Searching /workspaces/Pornoland/servidor_minecraft/./mods for mods
[21:58:16] [Server thread/DEBUG] [FML]:   Adding jei_1.12.2-4.16.1.1013.jar to the mod list
[21:58:16] [Server thread/DEBUG] [FML]:   Adding Lucky-Block-Mod-1.12.2.zip to the mod list
[21:58:17] [Server thread/INFO] [FML]: Searching /workspaces/Pornoland/servidor_minecraft/./mods/1.12.2 for mods
[21:58:17] [Server thread/DEBUG] [FML]: Found a candidate zip or jar file jei_1.12.2-4.16.1.1013.jar
[21:58:17] [Server thread/DEBUG] [FML]: Found a candidate zip or jar file Lucky-Block-Mod-1.12.2.zip
[21:58:17] [Server thread/DEBUG] [FML]: Examining file forge-1.12.2-14.23.5.2860.jar for potential mods
[21:58:17] [Server thread/DEBUG] [FML]: The mod container forge-1.12.2-14.23.5.2860.jar appears to be missing an mcmod.info file
[21:58:17] [Server thread/DEBUG] [FML]: Examining file jei_1.12.2-4.16.1.1013.jar for potential mods
[21:58:17] [Server thread/TRACE] [FML]: Located mcmod.info file in file jei_1.12.2-4.16.1.1013.jar
[21:58:17] [Server thread/DEBUG] [FML]: Identified a mod of type Lnet/minecraftforge/fml/common/Mod; (mezz.jei.JustEnoughItems) - loading
[21:58:17] [Server thread/TRACE] [FML]: Parsed dependency info for jei: Requirements: [forge@[14.23.5.2816,)] After:[forge@[14.23.5.2816,)] Before:[]
[21:58:17] [Server thread/DEBUG] [FML]: Examining file Lucky-Block-Mod-1.12.2.zip for potential mods
[21:58:17] [Server thread/TRACE] [FML]: Located mcmod.info file in file Lucky-Block-Mod-1.12.2.zip
[21:58:17] [Server thread/DEBUG] [FML]: Identified a mod of type Lnet/minecraftforge/fml/common/Mod; (mod.lucky.Lucky) - loading
[21:58:17] [Server thread/TRACE] [FML]: Parsed dependency info for lucky: Requirements: [] After:[] Before:[]
[21:58:17] [Server thread/INFO] [FML]: Forge Mod Loader has identified 6 mods to load
[21:58:17] [Server thread/DEBUG] [FML]: Found API mezz.jei.api (owned by jei providing JustEnoughItemsAPI) embedded in jei
[21:58:17] [Server thread/DEBUG] [FML]: Creating API container dummy for API JustEnoughItemsAPI: owner: jei, dependents: []
[21:58:17] [Server thread/TRACE] [FML]: Received a system property request ''
[21:58:17] [Server thread/TRACE] [FML]: System property request managing the state of 0 mods
[21:58:17] [Server thread/DEBUG] [FML]: After merging, found state information for 0 mods
[21:58:17] [Server thread/WARN] [FML]: Missing English translation for FML: assets/fml/lang/en_us.lang
[21:58:17] [Server thread/DEBUG] [FML]: Enabling mod jei
[21:58:17] [Server thread/DEBUG] [FML]: Enabling mod lucky
[21:58:17] [Server thread/TRACE] [FML]: Verifying mod requirements are satisfied
[21:58:17] [Server thread/TRACE] [FML]: All mod requirements are satisfied
[21:58:17] [Server thread/TRACE] [FML]: Sorting mods into an ordered list
[21:58:17] [Server thread/TRACE] [FML]: Mod sorting completed successfully
[21:58:17] [Server thread/DEBUG] [FML]: Mod sorting data
[21:58:17] [Server thread/DEBUG] [FML]: 	jei(Just Enough Items:4.16.1.1013): jei_1.12.2-4.16.1.1013.jar (required-after:forge@[14.23.5.2816,);)
[21:58:17] [Server thread/DEBUG] [FML]: 	lucky(Lucky Block:7.6.0): Lucky-Block-Mod-1.12.2.zip ()
[21:58:17] [Server thread/DEBUG] [FML]: 	JustEnoughItemsAPI(API: JustEnoughItemsAPI:4.13.0): jei_1.12.2-4.16.1.1013.jar ()
[21:58:17] [Server thread/DEBUG] [FML]: Loading @Config anotation data
[21:58:17] [Server thread/TRACE] [FML]: Sending event FMLConstructionEvent to mod minecraft
[21:58:17] [Server thread/TRACE] [FML]: Sent event FMLConstructionEvent to mod minecraft
[21:58:17] [Server thread/DEBUG] [FML]: Bar Step: Construction - Minecraft took 0.001s
[21:58:17] [Server thread/TRACE] [FML]: Sending event FMLConstructionEvent to mod mcp
[21:58:17] [Server thread/TRACE] [FML]: Sent event FMLConstructionEvent to mod mcp
[21:58:17] [Server thread/DEBUG] [FML]: Bar Step: Construction - Minecraft Coder Pack took 0.002s
[21:58:17] [Server thread/TRACE] [FML]: Sending event FMLConstructionEvent to mod FML
[21:58:17] [Server thread/TRACE] [FML]: Mod FML is using network checker : Invoking method checkModLists
[21:58:17] [Server thread/TRACE] [FML]: Testing mod FML to verify it accepts its own version in a remote connection
[21:58:17] [Server thread/TRACE] [FML]: The mod FML accepts its own version (8.0.99.99)
[21:58:17] [Server thread/INFO] [FML]: Attempting connection with missing mods [minecraft, mcp, FML, forge, jei, lucky] at CLIENT
[21:58:17] [Server thread/INFO] [FML]: Attempting connection with missing mods [minecraft, mcp, FML, forge, jei, lucky] at SERVER
[21:58:18] [Server thread/TRACE] [FML]: Sent event FMLConstructionEvent to mod FML
[21:58:18] [Server thread/DEBUG] [FML]: Bar Step: Construction - Forge Mod Loader took 0.337s
[21:58:18] [Server thread/TRACE] [FML]: Sending event FMLConstructionEvent to mod forge
[21:58:18] [Server thread/DEBUG] [forge]: Loading Vanilla annotations: null
[21:58:18] [Server thread/DEBUG] [forge]: Preloading CrashReport Classes
[21:58:18] [Server thread/DEBUG] [forge]: 	net/minecraftforge/common/util/TextTable
[21:58:18] [Server thread/DEBUG] [forge]: 	net/minecraftforge/common/util/TextTable$Alignment
[21:58:18] [Server thread/DEBUG] [forge]: 	net/minecraftforge/common/util/TextTable$Column
[21:58:18] [Server thread/DEBUG] [forge]: 	net/minecraftforge/common/util/TextTable$Row
[21:58:18] [Server thread/DEBUG] [forge]: 	net/minecraftforge/fml/client/SplashProgress$1
[21:58:18] [Server thread/DEBUG] [forge]: 	net/minecraftforge/fml/common/FMLCommonHandler$1
[21:58:18] [Server thread/DEBUG] [forge]: 	net/minecraftforge/fml/common/Loader$1
[21:58:18] [Server thread/TRACE] [FML]: Mod forge is using network checker : No network checking performed
[21:58:18] [Server thread/TRACE] [FML]: Testing mod forge to verify it accepts its own version in a remote connection
[21:58:18] [Server thread/TRACE] [FML]: The mod forge accepts its own version (14.23.5.2860)
[21:58:18] [Server thread/DEBUG] [FML]: Attempting to inject @Config classes into forge for type INSTANCE
[21:58:18] [Server thread/TRACE] [FML]: Sent event FMLConstructionEvent to mod forge
[21:58:18] [Server thread/DEBUG] [FML]: Bar Step: Construction - Minecraft Forge took 0.063s
[21:58:18] [Server thread/TRACE] [FML]: Sending event FMLConstructionEvent to mod jei
[21:58:18] [Server thread/TRACE] [FML]: Mod jei is using network checker : Invoking method checkModLists
[21:58:18] [Server thread/TRACE] [FML]: Testing mod jei to verify it accepts its own version in a remote connection
[21:58:18] [Server thread/TRACE] [FML]: The mod jei accepts its own version (4.16.1.1013)
[21:58:18] [Server thread/DEBUG] [FML]: Attempting to inject @SidedProxy classes into jei
[21:58:18] [Server thread/DEBUG] [FML]: Attempting to inject @EventBusSubscriber classes into the eventbus for jei
[21:58:18] [Server thread/DEBUG] [FML]: Attempting to inject @Config classes into jei for type INSTANCE
[21:58:18] [Server thread/TRACE] [FML]: Sent event FMLConstructionEvent to mod jei
[21:58:18] [Server thread/DEBUG] [FML]: Bar Step: Construction - Just Enough Items took 0.023s
[21:58:18] [Server thread/TRACE] [FML]: Sending event FMLConstructionEvent to mod lucky
[21:58:18] [Server thread/TRACE] [FML]: Mod lucky is using network checker : Accepting version 7.6.0
[21:58:18] [Server thread/TRACE] [FML]: Testing mod lucky to verify it accepts its own version in a remote connection
[21:58:18] [Server thread/TRACE] [FML]: The mod lucky accepts its own version (7.6.0)
[21:58:18] [Server thread/DEBUG] [FML]: Attempting to inject @SidedProxy classes into lucky
[21:58:18] [Server thread/DEBUG] [FML]: Attempting to inject @EventBusSubscriber classes into the eventbus for lucky
[21:58:18] [Server thread/DEBUG] [FML]: Registering @EventBusSubscriber for mod.lucky.init.Register for mod lucky
[21:58:18] [Server thread/DEBUG] [FML]: Injected @EventBusSubscriber class mod.lucky.init.Register
[21:58:18] [Server thread/DEBUG] [FML]: Attempting to inject @Config classes into lucky for type INSTANCE
[21:58:18] [Server thread/TRACE] [FML]: Sent event FMLConstructionEvent to mod lucky
[21:58:18] [Server thread/DEBUG] [FML]: Bar Step: Construction - Lucky Block took 0.387s
[21:58:18] [Server thread/DEBUG] [FML]: Bar Finished: Construction took 0.813s
[21:58:18] [Server thread/DEBUG] [FML]: Mod signature data
[21:58:18] [Server thread/DEBUG] [FML]:  	Valid Signatures:
[21:58:18] [Server thread/DEBUG] [FML]: 		(e3c3d50c7c986df74c645c0ac54639741c90a557) FML	(Forge Mod Loader	8.0.99.99)	forge-1.12.2-14.23.5.2860.jar
[21:58:18] [Server thread/DEBUG] [FML]: 		(e3c3d50c7c986df74c645c0ac54639741c90a557) forge	(Minecraft Forge	14.23.5.2860)	forge-1.12.2-14.23.5.2860.jar
[21:58:18] [Server thread/DEBUG] [FML]:  	Missing Signatures:
[21:58:18] [Server thread/DEBUG] [FML]: 		minecraft	(Minecraft	1.12.2)	minecraft.jar
[21:58:18] [Server thread/DEBUG] [FML]: 		mcp	(Minecraft Coder Pack	9.42)	minecraft.jar
[21:58:18] [Server thread/DEBUG] [FML]: 		jei	(Just Enough Items	4.16.1.1013)	jei_1.12.2-4.16.1.1013.jar
[21:58:18] [Server thread/DEBUG] [FML]: 		lucky	(Lucky Block	7.6.0)	Lucky-Block-Mod-1.12.2.zip
[21:58:18] [Server thread/INFO] [FML]: Processing ObjectHolder annotations
[21:58:18] [Server thread/INFO] [FML]: Found 1168 ObjectHolder annotations
[21:58:18] [Server thread/INFO] [FML]: Identifying ItemStackHolder annotations
[21:58:18] [Server thread/INFO] [FML]: Found 0 ItemStackHolder annotations
[21:58:18] [Server thread/TRACE] [FML]: Sending event FMLPreInitializationEvent to mod minecraft
[21:58:18] [Server thread/TRACE] [FML]: Sent event FMLPreInitializationEvent to mod minecraft
[21:58:18] [Server thread/DEBUG] [FML]: Bar Step: PreInitialization - Minecraft took 0.001s
[21:58:18] [Server thread/TRACE] [FML]: Sending event FMLPreInitializationEvent to mod mcp
[21:58:18] [Server thread/TRACE] [FML]: Sent event FMLPreInitializationEvent to mod mcp
[21:58:18] [Server thread/DEBUG] [FML]: Bar Step: PreInitialization - Minecraft Coder Pack took 0.001s
[21:58:18] [Server thread/TRACE] [FML]: Sending event FMLPreInitializationEvent to mod FML
[21:58:18] [Server thread/TRACE] [FML]: Sent event FMLPreInitializationEvent to mod FML
[21:58:18] [Server thread/DEBUG] [FML]: Bar Step: PreInitialization - Forge Mod Loader took 0.001s
[21:58:18] [Server thread/TRACE] [FML]: Sending event FMLPreInitializationEvent to mod forge
[21:58:18] [Server thread/INFO] [FML]: Configured a dormant chunk cache size of 0
[21:58:18] [Server thread/TRACE] [FML]: Sent event FMLPreInitializationEvent to mod forge
[21:58:18] [Server thread/DEBUG] [FML]: Bar Step: PreInitialization - Minecraft Forge took 0.077s
[21:58:18] [Forge Version Check/INFO] [forge.VersionCheck]: [forge] Starting version check at http://files.minecraftforge.net/maven/net/minecraftforge/forge/promotions_slim.json
[21:58:18] [Server thread/TRACE] [FML]: Sending event FMLPreInitializationEvent to mod jei
[21:58:18] [Server thread/TRACE] [FML]: Sent event FMLPreInitializationEvent to mod jei
[21:58:18] [Server thread/DEBUG] [FML]: Bar Step: PreInitialization - Just Enough Items took 0.039s
[21:58:18] [Server thread/TRACE] [FML]: Sending event FMLPreInitializationEvent to mod lucky
[21:58:18] [Server thread/TRACE] [FML]: Sent event FMLPreInitializationEvent to mod lucky
[21:58:18] [Server thread/DEBUG] [FML]: Bar Step: PreInitialization - Lucky Block took 0.002s
[21:58:18] [Server thread/DEBUG] [FML]: Bar Finished: PreInitialization took 0.119s
[21:58:18] [Server thread/INFO] [FML]: Applying holder lookups
[21:58:18] [Server thread/INFO] [FML]: Holder lookups applied
[21:58:18] [Server thread/INFO] [FML]: Applying holder lookups
[21:58:18] [Server thread/INFO] [FML]: Holder lookups applied
[21:58:18] [Server thread/INFO] [FML]: Applying holder lookups
[21:58:18] [Server thread/INFO] [FML]: Holder lookups applied
[21:58:18] [Server thread/INFO] [FML]: Applying holder lookups
[21:58:18] [Server thread/INFO] [FML]: Holder lookups applied
[21:58:18] [Server thread/INFO] [FML]: Injecting itemstacks
[21:58:18] [Server thread/INFO] [FML]: Itemstack injection complete
[21:58:18] [Server thread/INFO] [net.minecraft.server.dedicated.DedicatedServer]: Loading properties
[21:58:18] [Server thread/INFO] [net.minecraft.server.dedicated.DedicatedServer]: Default game type: SURVIVAL
[21:58:18] [Server thread/INFO] [net.minecraft.server.dedicated.DedicatedServer]: Generating keypair
[21:58:19] [Server thread/INFO] [net.minecraft.server.dedicated.DedicatedServer]: Starting Minecraft server on *:25565
[21:58:19] [Server thread/INFO] [net.minecraft.network.NetworkSystem]: Using epoll channel type
[21:58:19] [Server thread/WARN] [net.minecraft.server.dedicated.DedicatedServer]: **** SERVER IS RUNNING IN OFFLINE/INSECURE MODE!
[21:58:19] [Server thread/WARN] [net.minecraft.server.dedicated.DedicatedServer]: The server will make no attempt to authenticate usernames. Beware.
[21:58:19] [Server thread/WARN] [net.minecraft.server.dedicated.DedicatedServer]: While this makes the game possible to play without internet access, it also opens up the ability for hackers to connect with any username they choose.
[21:58:19] [Server thread/WARN] [net.minecraft.server.dedicated.DedicatedServer]: To change this, set "online-mode" to "true" in the server.properties file.
[21:58:19] [Server thread/INFO] [FML]: Applying holder lookups
[21:58:19] [Server thread/INFO] [FML]: Holder lookups applied
[21:58:19] [Server thread/TRACE] [FML]: Sending event FMLInitializationEvent to mod minecraft
[21:58:19] [Server thread/TRACE] [FML]: Sent event FMLInitializationEvent to mod minecraft
[21:58:19] [Server thread/DEBUG] [FML]: Bar Step: Initialization - Minecraft took 0.000s
[21:58:19] [Server thread/TRACE] [FML]: Sending event FMLInitializationEvent to mod mcp
[21:58:19] [Server thread/TRACE] [FML]: Sent event FMLInitializationEvent to mod mcp
[21:58:19] [Server thread/DEBUG] [FML]: Bar Step: Initialization - Minecraft Coder Pack took 0.000s
[21:58:19] [Server thread/TRACE] [FML]: Sending event FMLInitializationEvent to mod FML
[21:58:19] [Server thread/TRACE] [FML]: Sent event FMLInitializationEvent to mod FML
[21:58:19] [Server thread/DEBUG] [FML]: Bar Step: Initialization - Forge Mod Loader took 0.000s
[21:58:19] [Server thread/TRACE] [FML]: Sending event FMLInitializationEvent to mod forge
[21:58:19] [Server thread/TRACE] [FML]: Sent event FMLInitializationEvent to mod forge
[21:58:19] [Server thread/DEBUG] [FML]: Bar Step: Initialization - Minecraft Forge took 0.000s
[21:58:19] [Server thread/TRACE] [FML]: Sending event FMLInitializationEvent to mod jei
[21:58:19] [Server thread/TRACE] [FML]: Sent event FMLInitializationEvent to mod jei
[21:58:19] [Server thread/DEBUG] [FML]: Bar Step: Initialization - Just Enough Items took 0.000s
[21:58:19] [Server thread/TRACE] [FML]: Sending event FMLInitializationEvent to mod lucky
[21:58:19] [Server thread/TRACE] [FML]: Automatically registered mod lucky entity LuckyProjectile as lucky:luckyprojectile
[21:58:19] [Server thread/TRACE] [FML]: Automatically registered mod lucky entity LuckyPotion as lucky:luckypotion
[21:58:19] [Server thread/WARN] [FML]: Potentially Dangerous alternative prefix `minecraft` for name `luckyblockdata`, expected `lucky`. This could be a intended override, but in most cases indicates a broken mod.
[21:58:19] [Server thread/TRACE] [FML]: Sent event FMLInitializationEvent to mod lucky
[21:58:19] [Server thread/DEBUG] [FML]: Bar Step: Initialization - Lucky Block took 0.038s
[21:58:19] [Server thread/DEBUG] [FML]: Bar Finished: Initialization took 0.040s
[21:58:19] [Server thread/TRACE] [FML]: Attempting to deliver 0 IMC messages to mod minecraft
[21:58:19] [Server thread/TRACE] [FML]: Sending event IMCEvent to mod minecraft
[21:58:19] [Server thread/TRACE] [FML]: Sent event IMCEvent to mod minecraft
[21:58:19] [Server thread/DEBUG] [FML]: Bar Step: InterModComms$IMC - Minecraft took 0.007s
[21:58:19] [Server thread/TRACE] [FML]: Attempting to deliver 0 IMC messages to mod mcp
[21:58:19] [Server thread/TRACE] [FML]: Sending event IMCEvent to mod mcp
[21:58:19] [Server thread/TRACE] [FML]: Sent event IMCEvent to mod mcp
[21:58:19] [Server thread/DEBUG] [FML]: Bar Step: InterModComms$IMC - Minecraft Coder Pack took 0.000s
[21:58:19] [Server thread/TRACE] [FML]: Attempting to deliver 0 IMC messages to mod FML
[21:58:19] [Server thread/TRACE] [FML]: Sending event IMCEvent to mod FML
[21:58:19] [Server thread/TRACE] [FML]: Sent event IMCEvent to mod FML
[21:58:19] [Server thread/DEBUG] [FML]: Bar Step: InterModComms$IMC - Forge Mod Loader took 0.000s
[21:58:19] [Server thread/TRACE] [FML]: Attempting to deliver 0 IMC messages to mod forge
[21:58:19] [Server thread/TRACE] [FML]: Sending event IMCEvent to mod forge
[21:58:19] [Server thread/TRACE] [FML]: Sent event IMCEvent to mod forge
[21:58:19] [Server thread/DEBUG] [FML]: Bar Step: InterModComms$IMC - Minecraft Forge took 0.000s
[21:58:19] [Server thread/TRACE] [FML]: Attempting to deliver 0 IMC messages to mod jei
[21:58:19] [Server thread/TRACE] [FML]: Sending event IMCEvent to mod jei
[21:58:19] [Server thread/TRACE] [FML]: Sent event IMCEvent to mod jei
[21:58:19] [Server thread/DEBUG] [FML]: Bar Step: InterModComms$IMC - Just Enough Items took 0.000s
[21:58:19] [Server thread/TRACE] [FML]: Attempting to deliver 0 IMC messages to mod lucky
[21:58:19] [Server thread/TRACE] [FML]: Sending event IMCEvent to mod lucky
[21:58:19] [Server thread/TRACE] [FML]: Sent event IMCEvent to mod lucky
[21:58:19] [Server thread/DEBUG] [FML]: Bar Step: InterModComms$IMC - Lucky Block took 0.000s
[21:58:19] [Server thread/DEBUG] [FML]: Bar Finished: InterModComms$IMC took 0.009s
[21:58:19] [Server thread/INFO] [FML]: Injecting itemstacks
[21:58:19] [Server thread/INFO] [FML]: Itemstack injection complete
[21:58:19] [Server thread/TRACE] [FML]: Sending event FMLPostInitializationEvent to mod minecraft
[21:58:19] [Server thread/TRACE] [FML]: Sent event FMLPostInitializationEvent to mod minecraft
[21:58:19] [Server thread/DEBUG] [FML]: Bar Step: PostInitialization - Minecraft took 0.000s
[21:58:19] [Server thread/TRACE] [FML]: Sending event FMLPostInitializationEvent to mod mcp
[21:58:19] [Server thread/TRACE] [FML]: Sent event FMLPostInitializationEvent to mod mcp
[21:58:19] [Server thread/DEBUG] [FML]: Bar Step: PostInitialization - Minecraft Coder Pack took 0.000s
[21:58:19] [Server thread/TRACE] [FML]: Sending event FMLPostInitializationEvent to mod FML
[21:58:19] [Server thread/TRACE] [FML]: Sent event FMLPostInitializationEvent to mod FML
[21:58:19] [Server thread/DEBUG] [FML]: Bar Step: PostInitialization - Forge Mod Loader took 0.000s
[21:58:19] [Server thread/TRACE] [FML]: Sending event FMLPostInitializationEvent to mod forge
[21:58:19] [Forge Version Check/DEBUG] [forge.VersionCheck]: [forge] Received version check data:
{
  "homepage": "https://files.minecraftforge.net/net/minecraftforge/forge/",
  "promos": {
    "1.1-latest": "1.3.4.29",
    "1.2.3-latest": "1.4.1.64",
    "1.2.4-latest": "2.0.0.68",
    "1.2.5-latest": "3.4.9.171",
    "1.3.2-latest": "4.3.5.318",
    "1.4.0-latest": "5.0.0.326",
    "1.4.1-latest": "6.0.0.329",
    "1.4.2-latest": "6.0.1.355",
    "1.4.3-latest": "6.2.1.358",
    "1.4.4-latest": "6.3.0.378",
    "1.4.5-latest": "6.4.2.448",
    "1.4.6-latest": "6.5.0.489",
    "1.4.7-latest": "6.6.2.534",
    "1.5-latest": "7.7.0.598",
    "1.5.1-latest": "7.7.2.682",
    "1.5.2-latest": "7.8.1.738",
    "1.5.2-recommended": "7.8.1.738",
    "1.6.1-latest": "8.9.0.775",
    "1.6.2-latest": "9.10.1.871",
    "1.6.2-recommended": "9.10.1.871",
    "1.6.3-latest": "9.11.0.878",
    "1.6.4-latest": "9.11.1.1345",
    "1.6.4-recommended": "9.11.1.1345",
    "1.7.2-latest": "10.12.2.1161",
    "1.7.2-recommended": "10.12.2.1161",
    "1.7.10-latest": "10.13.4.1614",
    "1.7.10-recommended": "10.13.4.1614",
    "1.8-latest": "11.14.4.1577",
    "1.8-recommended": "11.14.4.1563",
    "1.8.8-latest": "11.15.0.1655",
    "1.8.9-latest": "11.15.1.2318",
    "1.8.9-recommended": "11.15.1.2318",
    "1.9-latest": "12.16.1.1938",
    "1.9-recommended": "12.16.1.1887",
    "1.9.4-latest": "12.17.0.2317",
    "1.9.4-recommended": "12.17.0.2317",
    "1.10-latest": "12.18.0.2000",
    "1.10.2-latest": "12.18.3.2511",
    "1.10.2-recommended": "12.18.3.2511",
    "1.11-latest": "13.19.1.2199",
    "1.11-recommended": "13.19.1.2189",
    "1.11.2-latest": "13.20.1.2588",
    "1.11.2-recommended": "13.20.1.2588",
    "1.12-latest": "14.21.1.2443",
    "1.12-recommended": "14.21.1.2387",
    "1.12.1-latest": "14.22.1.2485",
    "1.12.1-recommended": "14.22.1.2478",
    "1.12.2-latest": "14.23.5.2864",
    "1.12.2-recommended": "14.23.5.2859",
    "1.13.2-latest": "25.0.223",
    "1.14.2-latest": "26.0.63",
    "1.14.3-latest": "27.0.60",
    "1.14.4-latest": "28.2.30",
    "1.14.4-recommended": "28.2.26",
    "1.15-latest": "29.0.4",
    "1.15.1-latest": "30.0.51",
    "1.15.2-latest": "31.2.60",
    "1.15.2-recommended": "31.2.57",
    "1.16.1-latest": "32.0.108",
    "1.16.2-latest": "33.0.61",
    "1.16.3-latest": "34.1.42",
    "1.16.3-recommended": "34.1.0",
    "1.16.4-latest": "35.1.37",
    "1.16.4-recommended": "35.1.4",
    "1.16.5-latest": "36.2.42",
    "1.16.5-recommended": "36.2.34",
    "1.17.1-latest": "37.1.1",
    "1.17.1-recommended": "37.1.1",
    "1.18-latest": "38.0.17",
    "1.18.1-latest": "39.1.2",
    "1.18.1-recommended": "39.1.0",
    "1.18.2-recommended": "40.3.0",
    "1.18.2-latest": "40.3.12",
    "1.19-latest": "41.1.0",
    "1.19-recommended": "41.1.0",
    "1.19.1-latest": "42.0.9",
    "1.19.2-recommended": "43.5.0",
    "1.19.2-latest": "43.5.2",
    "1.19.3-latest": "44.1.23",
    "1.19.3-recommended": "44.1.0",
    "1.19.4-recommended": "45.4.0",
    "1.19.4-latest": "45.4.3",
    "1.20-latest": "46.0.14",
    "1.20.1-recommended": "47.4.10",
    "1.20.1-latest": "47.4.20",
    "1.20.2-latest": "48.1.0",
    "1.20.2-recommended": "48.1.0",
    "1.20.3-latest": "49.0.2",
    "1.20.4-latest": "49.2.7",
    "1.20.4-recommended": "49.2.0",
    "1.20.6-latest": "50.2.8",
    "1.20.6-recommended": "50.2.0",
    "1.21-latest": "51.0.33",
    "1.21.1-latest": "52.1.14",
    "1.21.1-recommended": "52.1.0",
    "1.21.3-latest": "53.1.10",
    "1.21.3-recommended": "53.1.0",
    "1.21.4-latest": "54.1.16",
    "1.21.4-recommended": "54.1.14",
    "1.21.5-latest": "55.1.10",
    "1.21.5-recommended": "55.1.0",
    "1.21.6-latest": "56.0.9",
    "1.21.7-latest": "57.0.3",
    "1.21.8-latest": "58.1.18",
    "1.21.8-recommended": "58.1.0",
    "1.21.9-latest": "59.0.5",
    "1.21.10-latest": "60.1.9",
    "1.21.10-recommended": "60.1.0",
    "1.21.11-latest": "61.1.8",
    "1.21.11-recommended": "61.1.0",
    "26.1-latest": "62.0.9",
    "26.1.1-latest": "63.0.2",
    "26.1.2-latest": "64.0.11",
    "26.2-latest": "65.0.1"
  }
}
[21:58:19] [Forge Version Check/INFO] [forge.VersionCheck]: [forge] Found status: OUTDATED Target: 14.23.5.2864
[21:58:19] [Server thread/TRACE] [FML]: Sent event FMLPostInitializationEvent to mod forge
[21:58:19] [Server thread/DEBUG] [FML]: Bar Step: PostInitialization - Minecraft Forge took 0.019s
[21:58:19] [Server thread/TRACE] [FML]: Sending event FMLPostInitializationEvent to mod jei
[21:58:19] [Server thread/TRACE] [FML]: Sent event FMLPostInitializationEvent to mod jei
[21:58:19] [Server thread/DEBUG] [FML]: Bar Step: PostInitialization - Just Enough Items took 0.000s
[21:58:19] [Server thread/TRACE] [FML]: Sending event FMLPostInitializationEvent to mod lucky
[21:58:19] [Server thread/TRACE] [FML]: Sent event FMLPostInitializationEvent to mod lucky
[21:58:19] [Server thread/DEBUG] [FML]: Bar Step: PostInitialization - Lucky Block took 0.000s
[21:58:19] [Server thread/DEBUG] [FML]: Bar Finished: PostInitialization took 0.021s
[21:58:19] [Server thread/TRACE] [FML]: Sending event FMLLoadCompleteEvent to mod minecraft
[21:58:19] [Server thread/TRACE] [FML]: Sent event FMLLoadCompleteEvent to mod minecraft
[21:58:19] [Server thread/DEBUG] [FML]: Bar Step: LoadComplete - Minecraft took 0.000s
[21:58:19] [Server thread/TRACE] [FML]: Sending event FMLLoadCompleteEvent to mod mcp
[21:58:19] [Server thread/TRACE] [FML]: Sent event FMLLoadCompleteEvent to mod mcp
[21:58:19] [Server thread/DEBUG] [FML]: Bar Step: LoadComplete - Minecraft Coder Pack took 0.000s
[21:58:19] [Server thread/TRACE] [FML]: Sending event FMLLoadCompleteEvent to mod FML
[21:58:19] [Server thread/TRACE] [FML]: Sent event FMLLoadCompleteEvent to mod FML
[21:58:19] [Server thread/DEBUG] [FML]: Bar Step: LoadComplete - Forge Mod Loader took 0.000s
[21:58:19] [Server thread/TRACE] [FML]: Sending event FMLLoadCompleteEvent to mod forge
[21:58:19] [Server thread/DEBUG] [FML]: Forge RecipeSorter Baking:
[21:58:19] [Server thread/DEBUG] [FML]:   16: RecipeEntry("Before", UNKNOWN, )
[21:58:19] [Server thread/DEBUG] [FML]:   15: RecipeEntry("minecraft:shaped", SHAPED, net.minecraft.item.crafting.ShapedRecipes) Before: minecraft:shapeless
[21:58:19] [Server thread/DEBUG] [FML]:   14: RecipeEntry("forge:shapedore", SHAPED, net.minecraftforge.oredict.ShapedOreRecipe) Before: minecraft:shapeless After: minecraft:shaped
[21:58:19] [Server thread/DEBUG] [FML]:   13: RecipeEntry("minecraft:mapextending", SHAPED, net.minecraft.item.crafting.RecipesMapExtending) Before: minecraft:shapeless After: minecraft:shaped
[21:58:19] [Server thread/DEBUG] [FML]:   12: RecipeEntry("minecraft:shapeless", SHAPELESS, net.minecraft.item.crafting.ShapelessRecipes) After: minecraft:shaped
[21:58:19] [Server thread/DEBUG] [FML]:   11: RecipeEntry("minecraft:repair", SHAPELESS, net.minecraft.item.crafting.RecipeRepairItem) After: minecraft:shapeless
[21:58:19] [Server thread/DEBUG] [FML]:   10: RecipeEntry("minecraft:shield_deco", SHAPELESS, net.minecraft.item.crafting.ShieldRecipes$Decoration) After: minecraft:shapeless
[21:58:19] [Server thread/DEBUG] [FML]:   9: RecipeEntry("minecraft:armordyes", SHAPELESS, net.minecraft.item.crafting.RecipesArmorDyes) After: minecraft:shapeless
[21:58:19] [Server thread/DEBUG] [FML]:   8: RecipeEntry("minecraft:fireworks", SHAPELESS, net.minecraft.item.crafting.RecipeFireworks) After: minecraft:shapeless
[21:58:19] [Server thread/DEBUG] [FML]:   7: RecipeEntry("minecraft:pattern_dupe", SHAPELESS, net.minecraft.item.crafting.RecipesBanners$RecipeDuplicatePattern) After: minecraft:shapeless
[21:58:19] [Server thread/DEBUG] [FML]:   6: RecipeEntry("minecraft:tippedarrow", SHAPELESS, net.minecraft.item.crafting.RecipeTippedArrow) After: minecraft:shapeless
[21:58:19] [Server thread/DEBUG] [FML]:   5: RecipeEntry("minecraft:mapcloning", SHAPELESS, net.minecraft.item.crafting.RecipesMapCloning) After: minecraft:shapeless
[21:58:19] [Server thread/DEBUG] [FML]:   4: RecipeEntry("forge:shapelessore", SHAPELESS, net.minecraftforge.oredict.ShapelessOreRecipe) After: minecraft:shapeless
[21:58:19] [Server thread/DEBUG] [FML]:   3: RecipeEntry("minecraft:pattern_add", SHAPELESS, net.minecraft.item.crafting.RecipesBanners$RecipeAddPattern) After: minecraft:shapeless
[21:58:19] [Server thread/DEBUG] [FML]:   2: RecipeEntry("minecraft:bookcloning", SHAPELESS, net.minecraft.item.crafting.RecipeBookCloning) After: minecraft:shapeless
[21:58:19] [Server thread/DEBUG] [FML]:   1: RecipeEntry("After", UNKNOWN, )
[21:58:19] [Server thread/DEBUG] [FML]: Sorting recipes
[21:58:19] [Server thread/TRACE] [FML]: Sent event FMLLoadCompleteEvent to mod forge
[21:58:19] [Server thread/DEBUG] [FML]: Bar Step: LoadComplete - Minecraft Forge took 0.008s
[21:58:19] [Server thread/TRACE] [FML]: Sending event FMLLoadCompleteEvent to mod jei
[21:58:19] [Server thread/TRACE] [FML]: Sent event FMLLoadCompleteEvent to mod jei
[21:58:19] [Server thread/DEBUG] [FML]: Bar Step: LoadComplete - Just Enough Items took 0.000s
[21:58:19] [Server thread/TRACE] [FML]: Sending event FMLLoadCompleteEvent to mod lucky
[21:58:19] [Server thread/TRACE] [FML]: Sent event FMLLoadCompleteEvent to mod lucky
[21:58:19] [Server thread/DEBUG] [FML]: Bar Step: LoadComplete - Lucky Block took 0.000s
[21:58:19] [Server thread/DEBUG] [FML]: Bar Finished: LoadComplete took 0.010s
[21:58:19] [Server thread/DEBUG] [FML]: Freezing registries
[21:58:19] [Server thread/TRACE] [FML]: Sending event FMLModIdMappingEvent to mod minecraft
[21:58:19] [Server thread/TRACE] [FML]: Sent event FMLModIdMappingEvent to mod minecraft
[21:58:19] [Server thread/DEBUG] [FML]: Bar Step: ModIdMapping - Minecraft took 0.001s
[21:58:19] [Server thread/TRACE] [FML]: Sending event FMLModIdMappingEvent to mod mcp
[21:58:19] [Server thread/TRACE] [FML]: Sent event FMLModIdMappingEvent to mod mcp
[21:58:19] [Server thread/DEBUG] [FML]: Bar Step: ModIdMapping - Minecraft Coder Pack took 0.001s
[21:58:19] [Server thread/TRACE] [FML]: Sending event FMLModIdMappingEvent to mod FML
[21:58:19] [Server thread/TRACE] [FML]: Sent event FMLModIdMappingEvent to mod FML
[21:58:19] [Server thread/DEBUG] [FML]: Bar Step: ModIdMapping - Forge Mod Loader took 0.001s
[21:58:19] [Server thread/TRACE] [FML]: Sending event FMLModIdMappingEvent to mod forge
[21:58:19] [Server thread/TRACE] [FML]: Sent event FMLModIdMappingEvent to mod forge
[21:58:19] [Server thread/DEBUG] [FML]: Bar Step: ModIdMapping - Minecraft Forge took 0.030s
[21:58:19] [Server thread/TRACE] [FML]: Sending event FMLModIdMappingEvent to mod jei
[21:58:19] [Server thread/TRACE] [FML]: Sent event FMLModIdMappingEvent to mod jei
[21:58:19] [Server thread/DEBUG] [FML]: Bar Step: ModIdMapping - Just Enough Items took 0.001s
[21:58:19] [Server thread/TRACE] [FML]: Sending event FMLModIdMappingEvent to mod lucky
[21:58:19] [Server thread/TRACE] [FML]: Sent event FMLModIdMappingEvent to mod lucky
[21:58:19] [Server thread/DEBUG] [FML]: Bar Step: ModIdMapping - Lucky Block took 0.001s
[21:58:19] [Server thread/DEBUG] [FML]: Bar Finished: ModIdMapping took 0.033s
[21:58:19] [Server thread/DEBUG] [FML]: All registries frozen
[21:58:19] [Server thread/INFO] [FML]: Forge Mod Loader has successfully loaded 6 mods
[21:58:19] [Server thread/TRACE] [FML]: Sending event FMLServerAboutToStartEvent to mod minecraft
[21:58:19] [Server thread/TRACE] [FML]: Sent event FMLServerAboutToStartEvent to mod minecraft
[21:58:19] [Server thread/DEBUG] [FML]: Bar Step: ServerAboutToStart - Minecraft took 0.000s
[21:58:19] [Server thread/TRACE] [FML]: Sending event FMLServerAboutToStartEvent to mod mcp
[21:58:19] [Server thread/TRACE] [FML]: Sent event FMLServerAboutToStartEvent to mod mcp
[21:58:19] [Server thread/DEBUG] [FML]: Bar Step: ServerAboutToStart - Minecraft Coder Pack took 0.001s
[21:58:19] [Server thread/TRACE] [FML]: Sending event FMLServerAboutToStartEvent to mod FML
[21:58:19] [Server thread/TRACE] [FML]: Sent event FMLServerAboutToStartEvent to mod FML
[21:58:19] [Server thread/DEBUG] [FML]: Bar Step: ServerAboutToStart - Forge Mod Loader took 0.000s
[21:58:19] [Server thread/TRACE] [FML]: Sending event FMLServerAboutToStartEvent to mod forge
[21:58:19] [Server thread/TRACE] [FML]: Sent event FMLServerAboutToStartEvent to mod forge
[21:58:19] [Server thread/DEBUG] [FML]: Bar Step: ServerAboutToStart - Minecraft Forge took 0.000s
[21:58:19] [Server thread/TRACE] [FML]: Sending event FMLServerAboutToStartEvent to mod jei
[21:58:19] [Server thread/TRACE] [FML]: Sent event FMLServerAboutToStartEvent to mod jei
[21:58:19] [Server thread/DEBUG] [FML]: Bar Step: ServerAboutToStart - Just Enough Items took 0.000s
[21:58:19] [Server thread/TRACE] [FML]: Sending event FMLServerAboutToStartEvent to mod lucky
[21:58:19] [Server thread/TRACE] [FML]: Sent event FMLServerAboutToStartEvent to mod lucky
[21:58:19] [Server thread/DEBUG] [FML]: Bar Step: ServerAboutToStart - Lucky Block took 0.000s
[21:58:19] [Server thread/DEBUG] [FML]: Bar Finished: ServerAboutToStart took 0.003s
[21:58:19] [Server thread/INFO] [net.minecraft.server.dedicated.DedicatedServer]: Preparing level "world"
[21:58:19] [Server thread/INFO] [FML.ModTracker]: This world was saved with mod forge version 14.23.5.2859 and it is now at version 14.23.5.2860, things may not work well
[21:58:19] [Server thread/ERROR] [FML.ModTracker]: This world was saved with mod tlauncher_custom_cape_skin which appears to be missing, things may not work well
[21:58:19] [Server thread/INFO] [FML]: Injecting existing registry data into this server instance
[21:58:19] [Server thread/TRACE] [FML]: Registry Name : minecraft:blocks
[21:58:19] [Server thread/TRACE] [FML]:   Registry: 0 minecraft:air Block{minecraft:air}
[21:58:19] [Server thread/TRACE] [FML]:   Registry: 1 minecraft:stone Block{minecraft:stone}
[21:58:19] [Server thread/TRACE] [FML]:   Registry: 2 minecraft:grass Block{minecraft:grass}
[21:58:19] [Server thread/TRACE] [FML]:   Registry: 3 minecraft:dirt Block{minecraft:dirt}
[21:58:19] [Server thread/TRACE] [FML]:   Registry: 4 minecraft:cobblestone Block{minecraft:cobblestone}
[21:58:19] [Server thread/TRACE] [FML]:   Registry: 5 minecraft:planks Block{minecraft:planks}
[21:58:19] [Server thread/TRACE] [FML]:   Registry: 6 minecraft:sapling Block{minecraft:sapling}
[21:58:19] [Server thread/TRACE] [FML]:   Registry: 7 minecraft:bedrock Block{minecraft:bedrock}
[21:58:19] [Server thread/TRACE] [FML]:   Registry: 8 minecraft:flowing_water Block{minecraft:flowing_water}
[21:58:19] [Server thread/TRACE] [FML]:   Registry: 9 minecraft:water Block{minecraft:water}
[21:58:19] [Server thread/TRACE] [FML]:   Registry: 10 minecraft:flowing_lava Block{minecraft:flowing_lava}
[21:58:19] [Server thread/TRACE] [FML]:   Registry: 11 minecraft:lava Block{minecraft:lava}
[21:58:19] [Server thread/TRACE] [FML]:   Registry: 12 minecraft:sand Block{minecraft:sand}
[21:58:19] [Server thread/TRACE] [FML]:   Registry: 13 minecraft:gravel Block{minecraft:gravel}
[21:58:19] [Server thread/TRACE] [FML]:   Registry: 14 minecraft:gold_ore Block{minecraft:gold_ore}
[21:58:19] [Server thread/TRACE] [FML]:   Registry: 15 minecraft:iron_ore Block{minecraft:iron_ore}
[21:58:19] [Server thread/TRACE] [FML]:   Registry: 16 minecraft:coal_ore Block{minecraft:coal_ore}
[21:58:19] [Server thread/TRACE] [FML]:   Registry: 17 minecraft:log Block{minecraft:log}
[21:58:19] [Server thread/TRACE] [FML]:   Registry: 18 minecraft:leaves Block{minecraft:leaves}
[21:58:19] [Server thread/TRACE] [FML]:   Registry: 19 minecraft:sponge Block{minecraft:sponge}
[21:58:19] [Server thread/TRACE] [FML]:   Registry: 20 minecraft:glass Block{minecraft:glass}
[21:58:19] [Server thread/TRACE] [FML]:   Registry: 21 minecraft:lapis_ore Block{minecraft:lapis_ore}
[21:58:19] [Server thread/TRACE] [FML]:   Registry: 22 minecraft:lapis_block Block{minecraft:lapis_block}
[21:58:19] [Server thread/TRACE] [FML]:   Registry: 23 minecraft:dispenser Block{minecraft:dispenser}
[21:58:19] [Server thread/TRACE] [FML]:   Registry: 24 minecraft:sandstone Block{minecraft:sandstone}
[21:58:19] [Server thread/TRACE] [FML]:   Registry: 25 minecraft:noteblock Block{minecraft:noteblock}
[21:58:19] [Server thread/TRACE] [FML]:   Registry: 26 minecraft:bed Block{minecraft:bed}
[21:58:19] [Server thread/TRACE] [FML]:   Registry: 27 minecraft:golden_rail Block{minecraft:golden_rail}
[21:58:19] [Server thread/TRACE] [FML]:   Registry: 28 minecraft:detector_rail Block{minecraft:detector_rail}
[21:58:19] [Server thread/TRACE] [FML]:   Registry: 29 minecraft:sticky_piston Block{minecraft:sticky_piston}
[21:58:19] [Server thread/TRACE] [FML]:   Registry: 30 minecraft:web Block{minecraft:web}
[21:58:19] [Server thread/TRACE] [FML]:   Registry: 31 minecraft:tallgrass Block{minecraft:tallgrass}
[21:58:19] [Server thread/TRACE] [FML]:   Registry: 32 minecraft:deadbush Block{minecraft:deadbush}
[21:58:19] [Server thread/TRACE] [FML]:   Registry: 33 minecraft:piston Block{minecraft:piston}
[21:58:19] [Server thread/TRACE] [FML]:   Registry: 34 minecraft:piston_head Block{minecraft:piston_head}
[21:58:19] [Server thread/TRACE] [FML]:   Registry: 35 minecraft:wool Block{minecraft:wool}
[21:58:19] [Server thread/TRACE] [FML]:   Registry: 36 minecraft:piston_extension Block{minecraft:piston_extension}
[21:58:19] [Server thread/TRACE] [FML]:   Registry: 37 minecraft:yellow_flower Block{minecraft:yellow_flower}
[21:58:19] [Server thread/TRACE] [FML]:   Registry: 38 minecraft:red_flower Block{minecraft:red_flower}
[21:58:19] [Server thread/TRACE] [FML]:   Registry: 39 minecraft:brown_mushroom Block{minecraft:brown_mushroom}
[21:58:19] [Server thread/TRACE] [FML]:   Registry: 40 minecraft:red_mushroom Block{minecraft:red_mushroom}
[21:58:19] [Server thread/TRACE] [FML]:   Registry: 41 minecraft:gold_block Block{minecraft:gold_block}
[21:58:19] [Server thread/TRACE] [FML]:   Registry: 42 minecraft:iron_block Block{minecraft:iron_block}
[21:58:19] [Server thread/TRACE] [FML]:   Registry: 43 minecraft:double_stone_slab Block{minecraft:double_stone_slab}
[21:58:19] [Server thread/TRACE] [FML]:   Registry: 44 minecraft:stone_slab Block{minecraft:stone_slab}
[21:58:19] [Server thread/TRACE] [FML]:   Registry: 45 minecraft:brick_block Block{minecraft:brick_block}
[21:58:19] [Server thread/TRACE] [FML]:   Registry: 46 minecraft:tnt Block{minecraft:tnt}
[21:58:19] [Server thread/TRACE] [FML]:   Registry: 47 minecraft:bookshelf Block{minecraft:bookshelf}
[21:58:19] [Server thread/TRACE] [FML]:   Registry: 48 minecraft:mossy_cobblestone Block{minecraft:mossy_cobblestone}
[21:58:19] [Server thread/TRACE] [FML]:   Registry: 49 minecraft:obsidian Block{minecraft:obsidian}
[21:58:19] [Server thread/TRACE] [FML]:   Registry: 50 minecraft:torch Block{minecraft:torch}
[21:58:19] [Server thread/TRACE] [FML]:   Registry: 51 minecraft:fire Block{minecraft:fire}
[21:58:19] [Server thread/TRACE] [FML]:   Registry: 52 minecraft:mob_spawner Block{minecraft:mob_spawner}
[21:58:19] [Server thread/TRACE] [FML]:   Registry: 53 minecraft:oak_stairs Block{minecraft:oak_stairs}
[21:58:19] [Server thread/TRACE] [FML]:   Registry: 54 minecraft:chest Block{minecraft:chest}
[21:58:19] [Server thread/TRACE] [FML]:   Registry: 55 minecraft:redstone_wire Block{minecraft:redstone_wire}
[21:58:19] [Server thread/TRACE] [FML]:   Registry: 56 minecraft:diamond_ore Block{minecraft:diamond_ore}
[21:58:19] [Server thread/TRACE] [FML]:   Registry: 57 minecraft:diamond_block Block{minecraft:diamond_block}
[21:58:19] [Server thread/TRACE] [FML]:   Registry: 58 minecraft:crafting_table Block{minecraft:crafting_table}
[21:58:19] [Server thread/TRACE] [FML]:   Registry: 59 minecraft:wheat Block{minecraft:wheat}
[21:58:19] [Server thread/TRACE] [FML]:   Registry: 60 minecraft:farmland Block{minecraft:farmland}
[21:58:19] [Server thread/TRACE] [FML]:   Registry: 61 minecraft:furnace Block{minecraft:furnace}
[21:58:19] [Server thread/TRACE] [FML]:   Registry: 62 minecraft:lit_furnace Block{minecraft:lit_furnace}
[21:58:19] [Server thread/TRACE] [FML]:   Registry: 63 minecraft:standing_sign Block{minecraft:standing_sign}
[21:58:19] [Server thread/TRACE] [FML]:   Registry: 64 minecraft:wooden_door Block{minecraft:wooden_door}
[21:58:19] [Server thread/TRACE] [FML]:   Registry: 65 minecraft:ladder Block{minecraft:ladder}
[21:58:19] [Server thread/TRACE] [FML]:   Registry: 66 minecraft:rail Block{minecraft:rail}
[21:58:19] [Server thread/TRACE] [FML]:   Registry: 67 minecraft:stone_stairs Block{minecraft:stone_stairs}
[21:58:19] [Server thread/TRACE] [FML]:   Registry: 68 minecraft:wall_sign Block{minecraft:wall_sign}
[21:58:19] [Server thread/TRACE] [FML]:   Registry: 69 minecraft:lever Block{minecraft:lever}
[21:58:19] [Server thread/TRACE] [FML]:   Registry: 70 minecraft:stone_pressure_plate Block{minecraft:stone_pressure_plate}
[21:58:19] [Server thread/TRACE] [FML]:   Registry: 71 minecraft:iron_door Block{minecraft:iron_door}
[21:58:19] [Server thread/TRACE] [FML]:   Registry: 72 minecraft:wooden_pressure_plate Block{minecraft:wooden_pressure_plate}
[21:58:19] [Server thread/TRACE] [FML]:   Registry: 73 minecraft:redstone_ore Block{minecraft:redstone_ore}
[21:58:19] [Server thread/TRACE] [FML]:   Registry: 74 minecraft:lit_redstone_ore Block{minecraft:lit_redstone_ore}
[21:58:19] [Server thread/TRACE] [FML]:   Registry: 75 minecraft:unlit_redstone_torch Block{minecraft:unlit_redstone_torch}
[21:58:19] [Server thread/TRACE] [FML]:   Registry: 76 minecraft:redstone_torch Block{minecraft:redstone_torch}
[21:58:19] [Server thread/TRACE] [FML]:   Registry: 77 minecraft:stone_button Block{minecraft:stone_button}
[21:58:19] [Server thread/TRACE] [FML]:   Registry: 78 minecraft:snow_layer Block{minecraft:snow_layer}
[21:58:19] [Server thread/TRACE] [FML]:   Registry: 79 minecraft:ice Block{minecraft:ice}
[21:58:19] [Server thread/TRACE] [FML]:   Registry: 80 minecraft:snow Block{minecraft:snow}
[21:58:19] [Server thread/TRACE] [FML]:   Registry: 81 minecraft:cactus Block{minecraft:cactus}
[21:58:19] [Server thread/TRACE] [FML]:   Registry: 82 minecraft:clay Block{minecraft:clay}
[21:58:19] [Server thread/TRACE] [FML]:   Registry: 83 minecraft:reeds Block{minecraft:reeds}
[21:58:19] [Server thread/TRACE] [FML]:   Registry: 84 minecraft:jukebox Block{minecraft:jukebox}
[21:58:19] [Server thread/TRACE] [FML]:   Registry: 85 minecraft:fence Block{minecraft:fence}
[21:58:19] [Server thread/TRACE] [FML]:   Registry: 86 minecraft:pumpkin Block{minecraft:pumpkin}
[21:58:19] [Server thread/TRACE] [FML]:   Registry: 87 minecraft:netherrack Block{minecraft:netherrack}
[21:58:19] [Server thread/TRACE] [FML]:   Registry: 88 minecraft:soul_sand Block{minecraft:soul_sand}
[21:58:19] [Server thread/TRACE] [FML]:   Registry: 89 minecraft:glowstone Block{minecraft:glowstone}
[21:58:19] [Server thread/TRACE] [FML]:   Registry: 90 minecraft:portal Block{minecraft:portal}
[21:58:19] [Server thread/TRACE] [FML]:   Registry: 91 minecraft:lit_pumpkin Block{minecraft:lit_pumpkin}
[21:58:19] [Server thread/TRACE] [FML]:   Registry: 92 minecraft:cake Block{minecraft:cake}
[21:58:19] [Server thread/TRACE] [FML]:   Registry: 93 minecraft:unpowered_repeater Block{minecraft:unpowered_repeater}
[21:58:19] [Server thread/TRACE] [FML]:   Registry: 94 minecraft:powered_repeater Block{minecraft:powered_repeater}
[21:58:19] [Server thread/TRACE] [FML]:   Registry: 95 minecraft:stained_glass Block{minecraft:stained_glass}
[21:58:19] [Server thread/TRACE] [FML]:   Registry: 96 minecraft:trapdoor Block{minecraft:trapdoor}
[21:58:19] [Server thread/TRACE] [FML]:   Registry: 97 minecraft:monster_egg Block{minecraft:monster_egg}
[21:58:19] [Server thread/TRACE] [FML]:   Registry: 98 minecraft:stonebrick Block{minecraft:stonebrick}
[21:58:19] [Server thread/TRACE] [FML]:   Registry: 99 minecraft:brown_mushroom_block Block{minecraft:brown_mushroom_block}
[21:58:19] [Server thread/TRACE] [FML]:   Registry: 100 minecraft:red_mushroom_block Block{minecraft:red_mushroom_block}
[21:58:19] [Server thread/TRACE] [FML]:   Registry: 101 minecraft:iron_bars Block{minecraft:iron_bars}
[21:58:19] [Server thread/TRACE] [FML]:   Registry: 102 minecraft:glass_pane Block{minecraft:glass_pane}
[21:58:19] [Server thread/TRACE] [FML]:   Registry: 103 minecraft:melon_block Block{minecraft:melon_block}
[21:58:19] [Server thread/TRACE] [FML]:   Registry: 104 minecraft:pumpkin_stem Block{minecraft:pumpkin_stem}
[21:58:19] [Server thread/TRACE] [FML]:   Registry: 105 minecraft:melon_stem Block{minecraft:melon_stem}
[21:58:19] [Server thread/TRACE] [FML]:   Registry: 106 minecraft:vine Block{minecraft:vine}
[21:58:19] [Server thread/TRACE] [FML]:   Registry: 107 minecraft:fence_gate Block{minecraft:fence_gate}
[21:58:19] [Server thread/TRACE] [FML]:   Registry: 108 minecraft:brick_stairs Block{minecraft:brick_stairs}
[21:58:19] [Server thread/TRACE] [FML]:   Registry: 109 minecraft:stone_brick_stairs Block{minecraft:stone_brick_stairs}
[21:58:19] [Server thread/TRACE] [FML]:   Registry: 110 minecraft:mycelium Block{minecraft:mycelium}
[21:58:19] [Server thread/TRACE] [FML]:   Registry: 111 minecraft:waterlily Block{minecraft:waterlily}
[21:58:19] [Server thread/TRACE] [FML]:   Registry: 112 minecraft:nether_brick Block{minecraft:nether_brick}
[21:58:19] [Server thread/TRACE] [FML]:   Registry: 113 minecraft:nether_brick_fence Block{minecraft:nether_brick_fence}
[21:58:19] [Server thread/TRACE] [FML]:   Registry: 114 minecraft:nether_brick_stairs Block{minecraft:nether_brick_stairs}
[21:58:19] [Server thread/TRACE] [FML]:   Registry: 115 minecraft:nether_wart Block{minecraft:nether_wart}
[21:58:19] [Server thread/TRACE] [FML]:   Registry: 116 minecraft:enchanting_table Block{minecraft:enchanting_table}
[21:58:19] [Server thread/TRACE] [FML]:   Registry: 117 minecraft:brewing_stand Block{minecraft:brewing_stand}
[21:58:19] [Server thread/TRACE] [FML]:   Registry: 118 minecraft:cauldron Block{minecraft:cauldron}
[21:58:19] [Server thread/TRACE] [FML]:   Registry: 119 minecraft:end_portal Block{minecraft:end_portal}
[21:58:19] [Server thread/TRACE] [FML]:   Registry: 120 minecraft:end_portal_frame Block{minecraft:end_portal_frame}
[21:58:19] [Server thread/TRACE] [FML]:   Registry: 121 minecraft:end_stone Block{minecraft:end_stone}
[21:58:19] [Server thread/TRACE] [FML]:   Registry: 122 minecraft:dragon_egg Block{minecraft:dragon_egg}
[21:58:19] [Server thread/TRACE] [FML]:   Registry: 123 minecraft:redstone_lamp Block{minecraft:redstone_lamp}
[21:58:19] [Server thread/TRACE] [FML]:   Registry: 124 minecraft:lit_redstone_lamp Block{minecraft:lit_redstone_lamp}
[21:58:19] [Server thread/TRACE] [FML]:   Registry: 125 minecraft:double_wooden_slab Block{minecraft:double_wooden_slab}
[21:58:19] [Server thread/TRACE] [FML]:   Registry: 126 minecraft:wooden_slab Block{minecraft:wooden_slab}
[21:58:19] [Server thread/TRACE] [FML]:   Registry: 127 minecraft:cocoa Block{minecraft:cocoa}
[21:58:19] [Server thread/TRACE] [FML]:   Registry: 128 minecraft:sandstone_stairs Block{minecraft:sandstone_stairs}
[21:58:19] [Server thread/TRACE] [FML]:   Registry: 129 minecraft:emerald_ore Block{minecraft:emerald_ore}
[21:58:19] [Server thread/TRACE] [FML]:   Registry: 130 minecraft:ender_chest Block{minecraft:ender_chest}
[21:58:19] [Server thread/TRACE] [FML]:   Registry: 131 minecraft:tripwire_hook Block{minecraft:tripwire_hook}
[21:58:19] [Server thread/TRACE] [FML]:   Registry: 132 minecraft:tripwire Block{minecraft:tripwire}
[21:58:19] [Server thread/TRACE] [FML]:   Registry: 133 minecraft:emerald_block Block{minecraft:emerald_block}
[21:58:19] [Server thread/TRACE] [FML]:   Registry: 134 minecraft:spruce_stairs Block{minecraft:spruce_stairs}
[21:58:19] [Server thread/TRACE] [FML]:   Registry: 135 minecraft:birch_stairs Block{minecraft:birch_stairs}
[21:58:19] [Server thread/TRACE] [FML]:   Registry: 136 minecraft:jungle_stairs Block{minecraft:jungle_stairs}
[21:58:19] [Server thread/TRACE] [FML]:   Registry: 137 minecraft:command_block Block{minecraft:command_block}
[21:58:19] [Server thread/TRACE] [FML]:   Registry: 138 minecraft:beacon Block{minecraft:beacon}
[21:58:19] [Server thread/TRACE] [FML]:   Registry: 139 minecraft:cobblestone_wall Block{minecraft:cobblestone_wall}
[21:58:19] [Server thread/TRACE] [FML]:   Registry: 140 minecraft:flower_pot Block{minecraft:flower_pot}
[21:58:19] [Server thread/TRACE] [FML]:   Registry: 141 minecraft:carrots Block{minecraft:carrots}
[21:58:19] [Server thread/TRACE] [FML]:   Registry: 142 minecraft:potatoes Block{minecraft:potatoes}
[21:58:19] [Server thread/TRACE] [FML]:   Registry: 143 minecraft:wooden_button Block{minecraft:wooden_button}
[21:58:19] [Server thread/TRACE] [FML]:   Registry: 144 minecraft:skull Block{minecraft:skull}
[21:58:19] [Server thread/TRACE] [FML]:   Registry: 145 minecraft:anvil Block{minecraft:anvil}
[21:58:19] [Server thread/TRACE] [FML]:   Registry: 146 minecraft:trapped_chest Block{minecraft:trapped_chest}
[21:58:19] [Server thread/TRACE] [FML]:   Registry: 147 minecraft:light_weighted_pressure_plate Block{minecraft:light_weighted_pressure_plate}
[21:58:19] [Server thread/TRACE] [FML]:   Registry: 148 minecraft:heavy_weighted_pressure_plate Block{minecraft:heavy_weighted_pressure_plate}
[21:58:19] [Server thread/TRACE] [FML]:   Registry: 149 minecraft:unpowered_comparator Block{minecraft:unpowered_comparator}
[21:58:19] [Server thread/TRACE] [FML]:   Registry: 150 minecraft:powered_comparator Block{minecraft:powered_comparator}
[21:58:19] [Server thread/TRACE] [FML]:   Registry: 151 minecraft:daylight_detector Block{minecraft:daylight_detector}
[21:58:19] [Server thread/TRACE] [FML]:   Registry: 152 minecraft:redstone_block Block{minecraft:redstone_block}
[21:58:19] [Server thread/TRACE] [FML]:   Registry: 153 minecraft:quartz_ore Block{minecraft:quartz_ore}
[21:58:19] [Server thread/TRACE] [FML]:   Registry: 154 minecraft:hopper Block{minecraft:hopper}
[21:58:19] [Server thread/TRACE] [FML]:   Registry: 155 minecraft:quartz_block Block{minecraft:quartz_block}
[21:58:19] [Server thread/TRACE] [FML]:   Registry: 156 minecraft:quartz_stairs Block{minecraft:quartz_stairs}
[21:58:19] [Server thread/TRACE] [FML]:   Registry: 157 minecraft:activator_rail Block{minecraft:activator_rail}
[21:58:19] [Server thread/TRACE] [FML]:   Registry: 158 minecraft:dropper Block{minecraft:dropper}
[21:58:19] [Server thread/TRACE] [FML]:   Registry: 159 minecraft:stained_hardened_clay Block{minecraft:stained_hardened_clay}
[21:58:19] [Server thread/TRACE] [FML]:   Registry: 160 minecraft:stained_glass_pane Block{minecraft:stained_glass_pane}
[21:58:19] [Server thread/TRACE] [FML]:   Registry: 161 minecraft:leaves2 Block{minecraft:leaves2}
[21:58:19] [Server thread/TRACE] [FML]:   Registry: 162 minecraft:log2 Block{minecraft:log2}
[21:58:19] [Server thread/TRACE] [FML]:   Registry: 163 minecraft:acacia_stairs Block{minecraft:acacia_stairs}
[21:58:19] [Server thread/TRACE] [FML]:   Registry: 164 minecraft:dark_oak_stairs Block{minecraft:dark_oak_stairs}
[21:58:19] [Server thread/TRACE] [FML]:   Registry: 165 minecraft:slime Block{minecraft:slime}
[21:58:19] [Server thread/TRACE] [FML]:   Registry: 166 minecraft:barrier Block{minecraft:barrier}
[21:58:19] [Server thread/TRACE] [FML]:   Registry: 167 minecraft:iron_trapdoor Block{minecraft:iron_trapdoor}
[21:58:19] [Server thread/TRACE] [FML]:   Registry: 168 minecraft:prismarine Block{minecraft:prismarine}
[21:58:19] [Server thread/TRACE] [FML]:   Registry: 169 minecraft:sea_lantern Block{minecraft:sea_lantern}
[21:58:19] [Server thread/TRACE] [FML]:   Registry: 170 minecraft:hay_block Block{minecraft:hay_block}
[21:58:19] [Server thread/TRACE] [FML]:   Registry: 171 minecraft:carpet Block{minecraft:carpet}
[21:58:19] [Server thread/TRACE] [FML]:   Registry: 172 minecraft:hardened_clay Block{minecraft:hardened_clay}
[21:58:19] [Server thread/TRACE] [FML]:   Registry: 173 minecraft:coal_block Block{minecraft:coal_block}
[21:58:19] [Server thread/TRACE] [FML]:   Registry: 174 minecraft:packed_ice Block{minecraft:packed_ice}
[21:58:19] [Server thread/TRACE] [FML]:   Registry: 175 minecraft:double_plant Block{minecraft:double_plant}
[21:58:19] [Server thread/TRACE] [FML]:   Registry: 176 minecraft:standing_banner Block{minecraft:standing_banner}
[21:58:19] [Server thread/TRACE] [FML]:   Registry: 177 minecraft:wall_banner Block{minecraft:wall_banner}
[21:58:19] [Server thread/TRACE] [FML]:   Registry: 178 minecraft:daylight_detector_inverted Block{minecraft:daylight_detector_inverted}
[21:58:19] [Server thread/TRACE] [FML]:   Registry: 179 minecraft:red_sandstone Block{minecraft:red_sandstone}
[21:58:19] [Server thread/TRACE] [FML]:   Registry: 180 minecraft:red_sandstone_stairs Block{minecraft:red_sandstone_stairs}
[21:58:19] [Server thread/TRACE] [FML]:   Registry: 181 minecraft:double_stone_slab2 Block{minecraft:double_stone_slab2}
[21:58:19] [Server thread/TRACE] [FML]:   Registry: 182 minecraft:stone_slab2 Block{minecraft:stone_slab2}
[21:58:19] [Server thread/TRACE] [FML]:   Registry: 183 minecraft:spruce_fence_gate Block{minecraft:spruce_fence_gate}
[21:58:19] [Server thread/TRACE] [FML]:   Registry: 184 minecraft:birch_fence_gate Block{minecraft:birch_fence_gate}
[21:58:19] [Server thread/TRACE] [FML]:   Registry: 185 minecraft:jungle_fence_gate Block{minecraft:jungle_fence_gate}
[21:58:19] [Server thread/TRACE] [FML]:   Registry: 186 minecraft:dark_oak_fence_gate Block{minecraft:dark_oak_fence_gate}
[21:58:19] [Server thread/TRACE] [FML]:   Registry: 187 minecraft:acacia_fence_gate Block{minecraft:acacia_fence_gate}
[21:58:19] [Server thread/TRACE] [FML]:   Registry: 188 minecraft:spruce_fence Block{minecraft:spruce_fence}
[21:58:19] [Server thread/TRACE] [FML]:   Registry: 189 minecraft:birch_fence Block{minecraft:birch_fence}
[21:58:19] [Server thread/TRACE] [FML]:   Registry: 190 minecraft:jungle_fence Block{minecraft:jungle_fence}
[21:58:19] [Server thread/TRACE] [FML]:   Registry: 191 minecraft:dark_oak_fence Block{minecraft:dark_oak_fence}
[21:58:19] [Server thread/TRACE] [FML]:   Registry: 192 minecraft:acacia_fence Block{minecraft:acacia_fence}
[21:58:19] [Server thread/TRACE] [FML]:   Registry: 193 minecraft:spruce_door Block{minecraft:spruce_door}
[21:58:19] [Server thread/TRACE] [FML]:   Registry: 194 minecraft:birch_door Block{minecraft:birch_door}
[21:58:19] [Server thread/TRACE] [FML]:   Registry: 195 minecraft:jungle_door Block{minecraft:jungle_door}
[21:58:19] [Server thread/TRACE] [FML]:   Registry: 196 minecraft:acacia_door Block{minecraft:acacia_door}
[21:58:19] [Server thread/TRACE] [FML]:   Registry: 197 minecraft:dark_oak_door Block{minecraft:dark_oak_door}
[21:58:19] [Server thread/TRACE] [FML]:   Registry: 198 minecraft:end_rod Block{minecraft:end_rod}
[21:58:19] [Server thread/TRACE] [FML]:   Registry: 199 minecraft:chorus_plant Block{minecraft:chorus_plant}
[21:58:19] [Server thread/TRACE] [FML]:   Registry: 200 minecraft:chorus_flower Block{minecraft:chorus_flower}
[21:58:19] [Server thread/TRACE] [FML]:   Registry: 201 minecraft:purpur_block Block{minecraft:purpur_block}
[21:58:19] [Server thread/TRACE] [FML]:   Registry: 202 minecraft:purpur_pillar Block{minecraft:purpur_pillar}
[21:58:19] [Server thread/TRACE] [FML]:   Registry: 203 minecraft:purpur_stairs Block{minecraft:purpur_stairs}
[21:58:19] [Server thread/TRACE] [FML]:   Registry: 204 minecraft:purpur_double_slab Block{minecraft:purpur_double_slab}
[21:58:19] [Server thread/TRACE] [FML]:   Registry: 205 minecraft:purpur_slab Block{minecraft:purpur_slab}
[21:58:19] [Server thread/TRACE] [FML]:   Registry: 206 minecraft:end_bricks Block{minecraft:end_bricks}
[21:58:19] [Server thread/TRACE] [FML]:   Registry: 207 minecraft:beetroots Block{minecraft:beetroots}
[21:58:19] [Server thread/TRACE] [FML]:   Registry: 208 minecraft:grass_path Block{minecraft:grass_path}
[21:58:19] [Server thread/TRACE] [FML]:   Registry: 209 minecraft:end_gateway Block{minecraft:end_gateway}
[21:58:19] [Server thread/TRACE] [FML]:   Registry: 210 minecraft:repeating_command_block Block{minecraft:repeating_command_block}
[21:58:19] [Server thread/TRACE] [FML]:   Registry: 211 minecraft:chain_command_block Block{minecraft:chain_command_block}
[21:58:19] [Server thread/TRACE] [FML]:   Registry: 212 minecraft:frosted_ice Block{minecraft:frosted_ice}
[21:58:19] [Server thread/TRACE] [FML]:   Registry: 213 minecraft:magma Block{minecraft:magma}
[21:58:19] [Server thread/TRACE] [FML]:   Registry: 214 minecraft:nether_wart_block Block{minecraft:nether_wart_block}
[21:58:19] [Server thread/TRACE] [FML]:   Registry: 215 minecraft:red_nether_brick Block{minecraft:red_nether_brick}
[21:58:19] [Server thread/TRACE] [FML]:   Registry: 216 minecraft:bone_block Block{minecraft:bone_block}
[21:58:19] [Server thread/TRACE] [FML]:   Registry: 217 minecraft:structure_void Block{minecraft:structure_void}
[21:58:19] [Server thread/TRACE] [FML]:   Registry: 218 minecraft:observer Block{minecraft:observer}
[21:58:19] [Server thread/TRACE] [FML]:   Registry: 219 minecraft:white_shulker_box Block{minecraft:white_shulker_box}
[21:58:19] [Server thread/TRACE] [FML]:   Registry: 220 minecraft:orange_shulker_box Block{minecraft:orange_shulker_box}
[21:58:19] [Server thread/TRACE] [FML]:   Registry: 221 minecraft:magenta_shulker_box Block{minecraft:magenta_shulker_box}
[21:58:19] [Server thread/TRACE] [FML]:   Registry: 222 minecraft:light_blue_shulker_box Block{minecraft:light_blue_shulker_box}
[21:58:19] [Server thread/TRACE] [FML]:   Registry: 223 minecraft:yellow_shulker_box Block{minecraft:yellow_shulker_box}
[21:58:19] [Server thread/TRACE] [FML]:   Registry: 224 minecraft:lime_shulker_box Block{minecraft:lime_shulker_box}
[21:58:19] [Server thread/TRACE] [FML]:   Registry: 225 minecraft:pink_shulker_box Block{minecraft:pink_shulker_box}
[21:58:19] [Server thread/TRACE] [FML]:   Registry: 226 minecraft:gray_shulker_box Block{minecraft:gray_shulker_box}
[21:58:19] [Server thread/TRACE] [FML]:   Registry: 227 minecraft:silver_shulker_box Block{minecraft:silver_shulker_box}
[21:58:19] [Server thread/TRACE] [FML]:   Registry: 228 minecraft:cyan_shulker_box Block{minecraft:cyan_shulker_box}
[21:58:19] [Server thread/TRACE] [FML]:   Registry: 229 minecraft:purple_shulker_box Block{minecraft:purple_shulker_box}
[21:58:19] [Server thread/TRACE] [FML]:   Registry: 230 minecraft:blue_shulker_box Block{minecraft:blue_shulker_box}
[21:58:19] [Server thread/TRACE] [FML]:   Registry: 231 minecraft:brown_shulker_box Block{minecraft:brown_shulker_box}
[21:58:19] [Server thread/TRACE] [FML]:   Registry: 232 minecraft:green_shulker_box Block{minecraft:green_shulker_box}
[21:58:19] [Server thread/TRACE] [FML]:   Registry: 233 minecraft:red_shulker_box Block{minecraft:red_shulker_box}
[21:58:19] [Server thread/TRACE] [FML]:   Registry: 234 minecraft:black_shulker_box Block{minecraft:black_shulker_box}
[21:58:19] [Server thread/TRACE] [FML]:   Registry: 235 minecraft:white_glazed_terracotta Block{minecraft:white_glazed_terracotta}
[21:58:19] [Server thread/TRACE] [FML]:   Registry: 236 minecraft:orange_glazed_terracotta Block{minecraft:orange_glazed_terracotta}
[21:58:19] [Server thread/TRACE] [FML]:   Registry: 237 minecraft:magenta_glazed_terracotta Block{minecraft:magenta_glazed_terracotta}
[21:58:19] [Server thread/TRACE] [FML]:   Registry: 238 minecraft:light_blue_glazed_terracotta Block{minecraft:light_blue_glazed_terracotta}
[21:58:19] [Server thread/TRACE] [FML]:   Registry: 239 minecraft:yellow_glazed_terracotta Block{minecraft:yellow_glazed_terracotta}
[21:58:19] [Server thread/TRACE] [FML]:   Registry: 240 minecraft:lime_glazed_terracotta Block{minecraft:lime_glazed_terracotta}
[21:58:19] [Server thread/TRACE] [FML]:   Registry: 241 minecraft:pink_glazed_terracotta Block{minecraft:pink_glazed_terracotta}
[21:58:19] [Server thread/TRACE] [FML]:   Registry: 242 minecraft:gray_glazed_terracotta Block{minecraft:gray_glazed_terracotta}
[21:58:19] [Server thread/TRACE] [FML]:   Registry: 243 minecraft:silver_glazed_terracotta Block{minecraft:silver_glazed_terracotta}
[21:58:19] [Server thread/TRACE] [FML]:   Registry: 244 minecraft:cyan_glazed_terracotta Block{minecraft:cyan_glazed_terracotta}
[21:58:19] [Server thread/TRACE] [FML]:   Registry: 245 minecraft:purple_glazed_terracotta Block{minecraft:purple_glazed_terracotta}
[21:58:19] [Server thread/TRACE] [FML]:   Registry: 246 minecraft:blue_glazed_terracotta Block{minecraft:blue_glazed_terracotta}
[21:58:19] [Server thread/TRACE] [FML]:   Registry: 247 minecraft:brown_glazed_terracotta Block{minecraft:brown_glazed_terracotta}
[21:58:19] [Server thread/TRACE] [FML]:   Registry: 248 minecraft:green_glazed_terracotta Block{minecraft:green_glazed_terracotta}
[21:58:19] [Server thread/TRACE] [FML]:   Registry: 249 minecraft:red_glazed_terracotta Block{minecraft:red_glazed_terracotta}
[21:58:19] [Server thread/TRACE] [FML]:   Registry: 250 minecraft:black_glazed_terracotta Block{minecraft:black_glazed_terracotta}
[21:58:19] [Server thread/TRACE] [FML]:   Registry: 251 minecraft:concrete Block{minecraft:concrete}
[21:58:19] [Server thread/TRACE] [FML]:   Registry: 252 minecraft:concrete_powder Block{minecraft:concrete_powder}
[21:58:19] [Server thread/TRACE] [FML]:   Registry: 253 lucky:lucky_block Block{lucky:lucky_block}
[21:58:19] [Server thread/TRACE] [FML]:   Registry: 255 minecraft:structure_block Block{minecraft:structure_block}
[21:58:19] [Server thread/TRACE] [FML]: Registry Name : minecraft:items
[21:58:19] [Server thread/TRACE] [FML]:   Registry: 0 minecraft:air net.minecraft.item.ItemAir@7282af25
[21:58:19] [Server thread/TRACE] [FML]:   Registry: 1 minecraft:stone net.minecraft.item.ItemMultiTexture@2edb2f8b
[21:58:19] [Server thread/TRACE] [FML]:   Registry: 2 minecraft:grass net.minecraft.item.ItemColored@21dea711
[21:58:19] [Server thread/TRACE] [FML]:   Registry: 3 minecraft:dirt net.minecraft.item.ItemMultiTexture@a21c74
[21:58:19] [Server thread/TRACE] [FML]:   Registry: 4 minecraft:cobblestone net.minecraft.item.ItemBlock@b8a144e
[21:58:19] [Server thread/TRACE] [FML]:   Registry: 5 minecraft:planks net.minecraft.item.ItemMultiTexture@3e38c472
[21:58:19] [Server thread/TRACE] [FML]:   Registry: 6 minecraft:sapling net.minecraft.item.ItemMultiTexture@759a678a
[21:58:19] [Server thread/TRACE] [FML]:   Registry: 7 minecraft:bedrock net.minecraft.item.ItemBlock@6cdbe5ec
[21:58:19] [Server thread/TRACE] [FML]:   Registry: 12 minecraft:sand net.minecraft.item.ItemMultiTexture@7345f97d
[21:58:19] [Server thread/TRACE] [FML]:   Registry: 13 minecraft:gravel net.minecraft.item.ItemBlock@554566a8
[21:58:19] [Server thread/TRACE] [FML]:   Registry: 14 minecraft:gold_ore net.minecraft.item.ItemBlock@66020d69
[21:58:19] [Server thread/TRACE] [FML]:   Registry: 15 minecraft:iron_ore net.minecraft.item.ItemBlock@3751acd7
[21:58:19] [Server thread/TRACE] [FML]:   Registry: 16 minecraft:coal_ore net.minecraft.item.ItemBlock@6b832551
[21:58:19] [Server thread/TRACE] [FML]:   Registry: 17 minecraft:log net.minecraft.item.ItemMultiTexture@63124022
[21:58:19] [Server thread/TRACE] [FML]:   Registry: 18 minecraft:leaves net.minecraft.item.ItemLeaves@6615237
[21:58:19] [Server thread/TRACE] [FML]:   Registry: 19 minecraft:sponge net.minecraft.item.ItemMultiTexture@6d6039df
[21:58:19] [Server thread/TRACE] [FML]:   Registry: 20 minecraft:glass net.minecraft.item.ItemBlock@611c3eae
[21:58:19] [Server thread/TRACE] [FML]:   Registry: 21 minecraft:lapis_ore net.minecraft.item.ItemBlock@13e00016
[21:58:19] [Server thread/TRACE] [FML]:   Registry: 22 minecraft:lapis_block net.minecraft.item.ItemBlock@7b3cbe6e
[21:58:19] [Server thread/TRACE] [FML]:   Registry: 23 minecraft:dispenser net.minecraft.item.ItemBlock@177ede17
[21:58:19] [Server thread/TRACE] [FML]:   Registry: 24 minecraft:sandstone net.minecraft.item.ItemMultiTexture@4e4395c
[21:58:19] [Server thread/TRACE] [FML]:   Registry: 25 minecraft:noteblock net.minecraft.item.ItemBlock@1ab53860
[21:58:19] [Server thread/TRACE] [FML]:   Registry: 27 minecraft:golden_rail net.minecraft.item.ItemBlock@7b5ac347
[21:58:19] [Server thread/TRACE] [FML]:   Registry: 28 minecraft:detector_rail net.minecraft.item.ItemBlock@57b9389f
[21:58:19] [Server thread/TRACE] [FML]:   Registry: 29 minecraft:sticky_piston net.minecraft.item.ItemPiston@41f785e3
[21:58:19] [Server thread/TRACE] [FML]:   Registry: 30 minecraft:web net.minecraft.item.ItemBlock@6c9a3661
[21:58:19] [Server thread/TRACE] [FML]:   Registry: 31 minecraft:tallgrass net.minecraft.item.ItemColored@727986ad
[21:58:19] [Server thread/TRACE] [FML]:   Registry: 32 minecraft:deadbush net.minecraft.item.ItemBlock@1600a8a2
[21:58:19] [Server thread/TRACE] [FML]:   Registry: 33 minecraft:piston net.minecraft.item.ItemPiston@6b25ef1c
[21:58:19] [Server thread/TRACE] [FML]:   Registry: 35 minecraft:wool net.minecraft.item.ItemCloth@7b95bdb0
[21:58:19] [Server thread/TRACE] [FML]:   Registry: 37 minecraft:yellow_flower net.minecraft.item.ItemMultiTexture@664db2ca
[21:58:19] [Server thread/TRACE] [FML]:   Registry: 38 minecraft:red_flower net.minecraft.item.ItemMultiTexture@423f8a73
[21:58:19] [Server thread/TRACE] [FML]:   Registry: 39 minecraft:brown_mushroom net.minecraft.item.ItemBlock@1aedf08d
[21:58:19] [Server thread/TRACE] [FML]:   Registry: 40 minecraft:red_mushroom net.minecraft.item.ItemBlock@113dcaf8
[21:58:19] [Server thread/TRACE] [FML]:   Registry: 41 minecraft:gold_block net.minecraft.item.ItemBlock@b5d9f1e
[21:58:19] [Server thread/TRACE] [FML]:   Registry: 42 minecraft:iron_block net.minecraft.item.ItemBlock@350ff014
[21:58:19] [Server thread/TRACE] [FML]:   Registry: 44 minecraft:stone_slab net.minecraft.item.ItemSlab@5844a2d1
[21:58:19] [Server thread/TRACE] [FML]:   Registry: 45 minecraft:brick_block net.minecraft.item.ItemBlock@1201769d
[21:58:19] [Server thread/TRACE] [FML]:   Registry: 46 minecraft:tnt net.minecraft.item.ItemBlock@4af7dd6a
[21:58:19] [Server thread/TRACE] [FML]:   Registry: 47 minecraft:bookshelf net.minecraft.item.ItemBlock@4607d78b
[21:58:19] [Server thread/TRACE] [FML]:   Registry: 48 minecraft:mossy_cobblestone net.minecraft.item.ItemBlock@3b28b7b0
[21:58:19] [Server thread/TRACE] [FML]:   Registry: 49 minecraft:obsidian net.minecraft.item.ItemBlock@22048bd6
[21:58:19] [Server thread/TRACE] [FML]:   Registry: 50 minecraft:torch net.minecraft.item.ItemBlock@566c1e71
[21:58:19] [Server thread/TRACE] [FML]:   Registry: 52 minecraft:mob_spawner net.minecraft.item.ItemBlock@3d0d120b
[21:58:19] [Server thread/TRACE] [FML]:   Registry: 53 minecraft:oak_stairs net.minecraft.item.ItemBlock@6b5c134e
[21:58:19] [Server thread/TRACE] [FML]:   Registry: 54 minecraft:chest net.minecraft.item.ItemBlock@34d9df9f
[21:58:19] [Server thread/TRACE] [FML]:   Registry: 56 minecraft:diamond_ore net.minecraft.item.ItemBlock@35c8be21
[21:58:19] [Server thread/TRACE] [FML]:   Registry: 57 minecraft:diamond_block net.minecraft.item.ItemBlock@60807fd9
[21:58:19] [Server thread/TRACE] [FML]:   Registry: 58 minecraft:crafting_table net.minecraft.item.ItemBlock@6bcdd6e4
[21:58:19] [Server thread/TRACE] [FML]:   Registry: 60 minecraft:farmland net.minecraft.item.ItemBlock@1192c925
[21:58:19] [Server thread/TRACE] [FML]:   Registry: 61 minecraft:furnace net.minecraft.item.ItemBlock@615b5480
[21:58:19] [Server thread/TRACE] [FML]:   Registry: 65 minecraft:ladder net.minecraft.item.ItemBlock@24691c5
[21:58:19] [Server thread/TRACE] [FML]:   Registry: 66 minecraft:rail net.minecraft.item.ItemBlock@7b91d9f
[21:58:19] [Server thread/TRACE] [FML]:   Registry: 67 minecraft:stone_stairs net.minecraft.item.ItemBlock@6537ac
[21:58:19] [Server thread/TRACE] [FML]:   Registry: 69 minecraft:lever net.minecraft.item.ItemBlock@3b218c74
[21:58:19] [Server thread/TRACE] [FML]:   Registry: 70 minecraft:stone_pressure_plate net.minecraft.item.ItemBlock@ddffa6c
[21:58:19] [Server thread/TRACE] [FML]:   Registry: 72 minecraft:wooden_pressure_plate net.minecraft.item.ItemBlock@42c54bad
[21:58:19] [Server thread/TRACE] [FML]:   Registry: 73 minecraft:redstone_ore net.minecraft.item.ItemBlock@6bb4cc0e
[21:58:19] [Server thread/TRACE] [FML]:   Registry: 76 minecraft:redstone_torch net.minecraft.item.ItemBlock@5cc1bf20
[21:58:19] [Server thread/TRACE] [FML]:   Registry: 77 minecraft:stone_button net.minecraft.item.ItemBlock@2e3f324e
[21:58:19] [Server thread/TRACE] [FML]:   Registry: 78 minecraft:snow_layer net.minecraft.item.ItemSnow@b56ec6c
[21:58:19] [Server thread/TRACE] [FML]:   Registry: 79 minecraft:ice net.minecraft.item.ItemBlock@5abf6a99
[21:58:19] [Server thread/TRACE] [FML]:   Registry: 80 minecraft:snow net.minecraft.item.ItemBlock@dc59ec2
[21:58:19] [Server thread/TRACE] [FML]:   Registry: 81 minecraft:cactus net.minecraft.item.ItemBlock@375084c9
[21:58:19] [Server thread/TRACE] [FML]:   Registry: 82 minecraft:clay net.minecraft.item.ItemBlock@bd93bc3
[21:58:19] [Server thread/TRACE] [FML]:   Registry: 84 minecraft:jukebox net.minecraft.item.ItemBlock@2a136383
[21:58:19] [Server thread/TRACE] [FML]:   Registry: 85 minecraft:fence net.minecraft.item.ItemBlock@b01cb8d
[21:58:19] [Server thread/TRACE] [FML]:   Registry: 86 minecraft:pumpkin net.minecraft.item.ItemBlock@25567581
[21:58:19] [Server thread/TRACE] [FML]:   Registry: 87 minecraft:netherrack net.minecraft.item.ItemBlock@179ee36b
[21:58:19] [Server thread/TRACE] [FML]:   Registry: 88 minecraft:soul_sand net.minecraft.item.ItemBlock@67763ebe
[21:58:19] [Server thread/TRACE] [FML]:   Registry: 89 minecraft:glowstone net.minecraft.item.ItemBlock@4b4a2fa8
[21:58:19] [Server thread/TRACE] [FML]:   Registry: 91 minecraft:lit_pumpkin net.minecraft.item.ItemBlock@5da6b13d
[21:58:19] [Server thread/TRACE] [FML]:   Registry: 95 minecraft:stained_glass net.minecraft.item.ItemCloth@701c223a
[21:58:19] [Server thread/TRACE] [FML]:   Registry: 96 minecraft:trapdoor net.minecraft.item.ItemBlock@3dc39459
[21:58:19] [Server thread/TRACE] [FML]:   Registry: 97 minecraft:monster_egg net.minecraft.item.ItemMultiTexture@71bb8b34
[21:58:19] [Server thread/TRACE] [FML]:   Registry: 98 minecraft:stonebrick net.minecraft.item.ItemMultiTexture@383cdd4d
[21:58:19] [Server thread/TRACE] [FML]:   Registry: 99 minecraft:brown_mushroom_block net.minecraft.item.ItemBlock@65036e8d
[21:58:19] [Server thread/TRACE] [FML]:   Registry: 100 minecraft:red_mushroom_block net.minecraft.item.ItemBlock@48ccbb32
[21:58:19] [Server thread/TRACE] [FML]:   Registry: 101 minecraft:iron_bars net.minecraft.item.ItemBlock@36551e97
[21:58:19] [Server thread/TRACE] [FML]:   Registry: 102 minecraft:glass_pane net.minecraft.item.ItemBlock@685d7ba5
[21:58:19] [Server thread/TRACE] [FML]:   Registry: 103 minecraft:melon_block net.minecraft.item.ItemBlock@16d41725
[21:58:19] [Server thread/TRACE] [FML]:   Registry: 106 minecraft:vine net.minecraft.item.ItemColored@3b6c2be6
[21:58:19] [Server thread/TRACE] [FML]:   Registry: 107 minecraft:fence_gate net.minecraft.item.ItemBlock@25533bba
[21:58:19] [Server thread/TRACE] [FML]:   Registry: 108 minecraft:brick_stairs net.minecraft.item.ItemBlock@1ad1c363
[21:58:19] [Server thread/TRACE] [FML]:   Registry: 109 minecraft:stone_brick_stairs net.minecraft.item.ItemBlock@446b64b3
[21:58:19] [Server thread/TRACE] [FML]:   Registry: 110 minecraft:mycelium net.minecraft.item.ItemBlock@35ac9ebd
[21:58:19] [Server thread/TRACE] [FML]:   Registry: 111 minecraft:waterlily net.minecraft.item.ItemLilyPad@421ead7e
[21:58:19] [Server thread/TRACE] [FML]:   Registry: 112 minecraft:nether_brick net.minecraft.item.ItemBlock@5dcf0772
[21:58:19] [Server thread/TRACE] [FML]:   Registry: 113 minecraft:nether_brick_fence net.minecraft.item.ItemBlock@c472300
[21:58:19] [Server thread/TRACE] [FML]:   Registry: 114 minecraft:nether_brick_stairs net.minecraft.item.ItemBlock@5f6494c0
[21:58:19] [Server thread/TRACE] [FML]:   Registry: 116 minecraft:enchanting_table net.minecraft.item.ItemBlock@6826b70f
[21:58:19] [Server thread/TRACE] [FML]:   Registry: 120 minecraft:end_portal_frame net.minecraft.item.ItemBlock@4df7d9ee
[21:58:19] [Server thread/TRACE] [FML]:   Registry: 121 minecraft:end_stone net.minecraft.item.ItemBlock@781dac73
[21:58:19] [Server thread/TRACE] [FML]:   Registry: 122 minecraft:dragon_egg net.minecraft.item.ItemBlock@5e67a490
[21:58:19] [Server thread/TRACE] [FML]:   Registry: 123 minecraft:redstone_lamp net.minecraft.item.ItemBlock@2dac2e1b
[21:58:19] [Server thread/TRACE] [FML]:   Registry: 126 minecraft:wooden_slab net.minecraft.item.ItemSlab@38c761e9
[21:58:19] [Server thread/TRACE] [FML]:   Registry: 128 minecraft:sandstone_stairs net.minecraft.item.ItemBlock@1cee2e10
[21:58:19] [Server thread/TRACE] [FML]:   Registry: 129 minecraft:emerald_ore net.minecraft.item.ItemBlock@7f4e5a39
[21:58:19] [Server thread/TRACE] [FML]:   Registry: 130 minecraft:ender_chest net.minecraft.item.ItemBlock@33de7f3d
[21:58:19] [Server thread/TRACE] [FML]:   Registry: 131 minecraft:tripwire_hook net.minecraft.item.ItemBlock@30159886
[21:58:19] [Server thread/TRACE] [FML]:   Registry: 133 minecraft:emerald_block net.minecraft.item.ItemBlock@5d66ae3a
[21:58:19] [Server thread/TRACE] [FML]:   Registry: 134 minecraft:spruce_stairs net.minecraft.item.ItemBlock@50f4b83d
[21:58:19] [Server thread/TRACE] [FML]:   Registry: 135 minecraft:birch_stairs net.minecraft.item.ItemBlock@10131289
[21:58:19] [Server thread/TRACE] [FML]:   Registry: 136 minecraft:jungle_stairs net.minecraft.item.ItemBlock@c5e69a5
[21:58:19] [Server thread/TRACE] [FML]:   Registry: 137 minecraft:command_block net.minecraft.item.ItemBlock@64a1116a
[21:58:19] [Server thread/TRACE] [FML]:   Registry: 138 minecraft:beacon net.minecraft.item.ItemBlock@11e17893
[21:58:19] [Server thread/TRACE] [FML]:   Registry: 139 minecraft:cobblestone_wall net.minecraft.item.ItemMultiTexture@6682e6a5
[21:58:19] [Server thread/TRACE] [FML]:   Registry: 143 minecraft:wooden_button net.minecraft.item.ItemBlock@ac4915e
[21:58:19] [Server thread/TRACE] [FML]:   Registry: 145 minecraft:anvil net.minecraft.item.ItemAnvilBlock@23648d2d
[21:58:19] [Server thread/TRACE] [FML]:   Registry: 146 minecraft:trapped_chest net.minecraft.item.ItemBlock@69feb4d9
[21:58:19] [Server thread/TRACE] [FML]:   Registry: 147 minecraft:light_weighted_pressure_plate net.minecraft.item.ItemBlock@37c1cfa
[21:58:19] [Server thread/TRACE] [FML]:   Registry: 148 minecraft:heavy_weighted_pressure_plate net.minecraft.item.ItemBlock@2bcda694
[21:58:19] [Server thread/TRACE] [FML]:   Registry: 151 minecraft:daylight_detector net.minecraft.item.ItemBlock@2cc75b25
[21:58:19] [Server thread/TRACE] [FML]:   Registry: 152 minecraft:redstone_block net.minecraft.item.ItemBlock@30036a18
[21:58:19] [Server thread/TRACE] [FML]:   Registry: 153 minecraft:quartz_ore net.minecraft.item.ItemBlock@537b3b2e
[21:58:19] [Server thread/TRACE] [FML]:   Registry: 154 minecraft:hopper net.minecraft.item.ItemBlock@1544ded3
[21:58:19] [Server thread/TRACE] [FML]:   Registry: 155 minecraft:quartz_block net.minecraft.item.ItemMultiTexture@3ccb12d
[21:58:19] [Server thread/TRACE] [FML]:   Registry: 156 minecraft:quartz_stairs net.minecraft.item.ItemBlock@28b458e6
[21:58:19] [Server thread/TRACE] [FML]:   Registry: 157 minecraft:activator_rail net.minecraft.item.ItemBlock@221ca495
[21:58:19] [Server thread/TRACE] [FML]:   Registry: 158 minecraft:dropper net.minecraft.item.ItemBlock@119d4443
[21:58:19] [Server thread/TRACE] [FML]:   Registry: 159 minecraft:stained_hardened_clay net.minecraft.item.ItemCloth@773eca84
[21:58:19] [Server thread/TRACE] [FML]:   Registry: 160 minecraft:stained_glass_pane net.minecraft.item.ItemCloth@550c973e
[21:58:19] [Server thread/TRACE] [FML]:   Registry: 161 minecraft:leaves2 net.minecraft.item.ItemLeaves@eaf8427
[21:58:19] [Server thread/TRACE] [FML]:   Registry: 162 minecraft:log2 net.minecraft.item.ItemMultiTexture@2b44605c
[21:58:19] [Server thread/TRACE] [FML]:   Registry: 163 minecraft:acacia_stairs net.minecraft.item.ItemBlock@237b2852
[21:58:19] [Server thread/TRACE] [FML]:   Registry: 164 minecraft:dark_oak_stairs net.minecraft.item.ItemBlock@448cdb47
[21:58:19] [Server thread/TRACE] [FML]:   Registry: 165 minecraft:slime net.minecraft.item.ItemBlock@4628a02b
[21:58:19] [Server thread/TRACE] [FML]:   Registry: 166 minecraft:barrier net.minecraft.item.ItemBlock@7d47dfed
[21:58:19] [Server thread/TRACE] [FML]:   Registry: 167 minecraft:iron_trapdoor net.minecraft.item.ItemBlock@3a38e4dc
[21:58:19] [Server thread/TRACE] [FML]:   Registry: 168 minecraft:prismarine net.minecraft.item.ItemMultiTexture@5203c80f
[21:58:19] [Server thread/TRACE] [FML]:   Registry: 169 minecraft:sea_lantern net.minecraft.item.ItemBlock@439f2d87
[21:58:19] [Server thread/TRACE] [FML]:   Registry: 170 minecraft:hay_block net.minecraft.item.ItemBlock@41fc0084
[21:58:19] [Server thread/TRACE] [FML]:   Registry: 171 minecraft:carpet net.minecraft.item.ItemCloth@401788d5
[21:58:19] [Server thread/TRACE] [FML]:   Registry: 172 minecraft:hardened_clay net.minecraft.item.ItemBlock@3ec9f8d
[21:58:19] [Server thread/TRACE] [FML]:   Registry: 173 minecraft:coal_block net.minecraft.item.ItemBlock@7e0f9528
[21:58:19] [Server thread/TRACE] [FML]:   Registry: 174 minecraft:packed_ice net.minecraft.item.ItemBlock@5f56424d
[21:58:19] [Server thread/TRACE] [FML]:   Registry: 175 minecraft:double_plant net.minecraft.item.ItemMultiTexture@7336fd8f
[21:58:19] [Server thread/TRACE] [FML]:   Registry: 179 minecraft:red_sandstone net.minecraft.item.ItemMultiTexture@852ef8d
[21:58:19] [Server thread/TRACE] [FML]:   Registry: 180 minecraft:red_sandstone_stairs net.minecraft.item.ItemBlock@44dd0d38
[21:58:19] [Server thread/TRACE] [FML]:   Registry: 182 minecraft:stone_slab2 net.minecraft.item.ItemSlab@7e94e331
[21:58:19] [Server thread/TRACE] [FML]:   Registry: 183 minecraft:spruce_fence_gate net.minecraft.item.ItemBlock@26d0ece6
[21:58:19] [Server thread/TRACE] [FML]:   Registry: 184 minecraft:birch_fence_gate net.minecraft.item.ItemBlock@100bba26
[21:58:19] [Server thread/TRACE] [FML]:   Registry: 185 minecraft:jungle_fence_gate net.minecraft.item.ItemBlock@4ae280da
[21:58:19] [Server thread/TRACE] [FML]:   Registry: 186 minecraft:dark_oak_fence_gate net.minecraft.item.ItemBlock@76d0ecd7
[21:58:19] [Server thread/TRACE] [FML]:   Registry: 187 minecraft:acacia_fence_gate net.minecraft.item.ItemBlock@57c69937
[21:58:19] [Server thread/TRACE] [FML]:   Registry: 188 minecraft:spruce_fence net.minecraft.item.ItemBlock@38c460e8
[21:58:19] [Server thread/TRACE] [FML]:   Registry: 189 minecraft:birch_fence net.minecraft.item.ItemBlock@7a814310
[21:58:19] [Server thread/TRACE] [FML]:   Registry: 190 minecraft:jungle_fence net.minecraft.item.ItemBlock@4bbf38b8
[21:58:19] [Server thread/TRACE] [FML]:   Registry: 191 minecraft:dark_oak_fence net.minecraft.item.ItemBlock@4e67cfe1
[21:58:19] [Server thread/TRACE] [FML]:   Registry: 192 minecraft:acacia_fence net.minecraft.item.ItemBlock@55bf35e5
[21:58:19] [Server thread/TRACE] [FML]:   Registry: 198 minecraft:end_rod net.minecraft.item.ItemBlock@2e2f20b8
[21:58:19] [Server thread/TRACE] [FML]:   Registry: 199 minecraft:chorus_plant net.minecraft.item.ItemBlock@504497fa
[21:58:19] [Server thread/TRACE] [FML]:   Registry: 200 minecraft:chorus_flower net.minecraft.item.ItemBlock@5618fc1f
[21:58:19] [Server thread/TRACE] [FML]:   Registry: 201 minecraft:purpur_block net.minecraft.item.ItemBlock@60b1ff3b
[21:58:19] [Server thread/TRACE] [FML]:   Registry: 202 minecraft:purpur_pillar net.minecraft.item.ItemBlock@374c3975
[21:58:19] [Server thread/TRACE] [FML]:   Registry: 203 minecraft:purpur_stairs net.minecraft.item.ItemBlock@43c39321
[21:58:19] [Server thread/TRACE] [FML]:   Registry: 205 minecraft:purpur_slab net.minecraft.item.ItemSlab@52aa7742
[21:58:19] [Server thread/TRACE] [FML]:   Registry: 206 minecraft:end_bricks net.minecraft.item.ItemBlock@3a4e524
[21:58:19] [Server thread/TRACE] [FML]:   Registry: 208 minecraft:grass_path net.minecraft.item.ItemBlock@2b01c689
[21:58:19] [Server thread/TRACE] [FML]:   Registry: 210 minecraft:repeating_command_block net.minecraft.item.ItemBlock@539fc5d1
[21:58:19] [Server thread/TRACE] [FML]:   Registry: 211 minecraft:chain_command_block net.minecraft.item.ItemBlock@4cae66a8
[21:58:19] [Server thread/TRACE] [FML]:   Registry: 213 minecraft:magma net.minecraft.item.ItemBlock@60b616c8
[21:58:19] [Server thread/TRACE] [FML]:   Registry: 214 minecraft:nether_wart_block net.minecraft.item.ItemBlock@3962ec84
[21:58:19] [Server thread/TRACE] [FML]:   Registry: 215 minecraft:red_nether_brick net.minecraft.item.ItemBlock@147e0734
[21:58:19] [Server thread/TRACE] [FML]:   Registry: 216 minecraft:bone_block net.minecraft.item.ItemBlock@2bdab835
[21:58:19] [Server thread/TRACE] [FML]:   Registry: 217 minecraft:structure_void net.minecraft.item.ItemBlock@7b8aebd0
[21:58:19] [Server thread/TRACE] [FML]:   Registry: 218 minecraft:observer net.minecraft.item.ItemBlock@55222ee9
[21:58:19] [Server thread/TRACE] [FML]:   Registry: 219 minecraft:white_shulker_box net.minecraft.item.ItemShulkerBox@4f64d9cb
[21:58:19] [Server thread/TRACE] [FML]:   Registry: 220 minecraft:orange_shulker_box net.minecraft.item.ItemShulkerBox@639c7f9c
[21:58:19] [Server thread/TRACE] [FML]:   Registry: 221 minecraft:magenta_shulker_box net.minecraft.item.ItemShulkerBox@270d5060
[21:58:19] [Server thread/TRACE] [FML]:   Registry: 222 minecraft:light_blue_shulker_box net.minecraft.item.ItemShulkerBox@1815577b
[21:58:19] [Server thread/TRACE] [FML]:   Registry: 223 minecraft:yellow_shulker_box net.minecraft.item.ItemShulkerBox@71567f33
[21:58:19] [Server thread/TRACE] [FML]:   Registry: 224 minecraft:lime_shulker_box net.minecraft.item.ItemShulkerBox@71369e1a
[21:58:19] [Server thread/TRACE] [FML]:   Registry: 225 minecraft:pink_shulker_box net.minecraft.item.ItemShulkerBox@3cf55e0c
[21:58:19] [Server thread/TRACE] [FML]:   Registry: 226 minecraft:gray_shulker_box net.minecraft.item.ItemShulkerBox@ee96866
[21:58:19] [Server thread/TRACE] [FML]:   Registry: 227 minecraft:silver_shulker_box net.minecraft.item.ItemShulkerBox@4c04216f
[21:58:19] [Server thread/TRACE] [FML]:   Registry: 228 minecraft:cyan_shulker_box net.minecraft.item.ItemShulkerBox@987a0bb
[21:58:19] [Server thread/TRACE] [FML]:   Registry: 229 minecraft:purple_shulker_box net.minecraft.item.ItemShulkerBox@1f949ab9
[21:58:19] [Server thread/TRACE] [FML]:   Registry: 230 minecraft:blue_shulker_box net.minecraft.item.ItemShulkerBox@5a7b6b75
[21:58:19] [Server thread/TRACE] [FML]:   Registry: 231 minecraft:brown_shulker_box net.minecraft.item.ItemShulkerBox@3719360c
[21:58:19] [Server thread/TRACE] [FML]:   Registry: 232 minecraft:green_shulker_box net.minecraft.item.ItemShulkerBox@3afca2c
[21:58:19] [Server thread/TRACE] [FML]:   Registry: 233 minecraft:red_shulker_box net.minecraft.item.ItemShulkerBox@3855d9b2
[21:58:19] [Server thread/TRACE] [FML]:   Registry: 234 minecraft:black_shulker_box net.minecraft.item.ItemShulkerBox@39f42d0e
[21:58:19] [Server thread/TRACE] [FML]:   Registry: 235 minecraft:white_glazed_terracotta net.minecraft.item.ItemBlock@47a3d56a
[21:58:19] [Server thread/TRACE] [FML]:   Registry: 236 minecraft:orange_glazed_terracotta net.minecraft.item.ItemBlock@3a209918
[21:58:19] [Server thread/TRACE] [FML]:   Registry: 237 minecraft:magenta_glazed_terracotta net.minecraft.item.ItemBlock@2cae5fa7
[21:58:19] [Server thread/TRACE] [FML]:   Registry: 238 minecraft:light_blue_glazed_terracotta net.minecraft.item.ItemBlock@34aa8b61
[21:58:19] [Server thread/TRACE] [FML]:   Registry: 239 minecraft:yellow_glazed_terracotta net.minecraft.item.ItemBlock@6d7b001b
[21:58:19] [Server thread/TRACE] [FML]:   Registry: 240 minecraft:lime_glazed_terracotta net.minecraft.item.ItemBlock@532dacf5
[21:58:19] [Server thread/TRACE] [FML]:   Registry: 241 minecraft:pink_glazed_terracotta net.minecraft.item.ItemBlock@da09250
[21:58:19] [Server thread/TRACE] [FML]:   Registry: 242 minecraft:gray_glazed_terracotta net.minecraft.item.ItemBlock@6d31f106
[21:58:19] [Server thread/TRACE] [FML]:   Registry: 243 minecraft:silver_glazed_terracotta net.minecraft.item.ItemBlock@587f4f63
[21:58:19] [Server thread/TRACE] [FML]:   Registry: 244 minecraft:cyan_glazed_terracotta net.minecraft.item.ItemBlock@660b1a9d
[21:58:19] [Server thread/TRACE] [FML]:   Registry: 245 minecraft:purple_glazed_terracotta net.minecraft.item.ItemBlock@6fb0261e
[21:58:19] [Server thread/TRACE] [FML]:   Registry: 246 minecraft:blue_glazed_terracotta net.minecraft.item.ItemBlock@d6b532f
[21:58:19] [Server thread/TRACE] [FML]:   Registry: 247 minecraft:brown_glazed_terracotta net.minecraft.item.ItemBlock@2f4d01b6
[21:58:19] [Server thread/TRACE] [FML]:   Registry: 248 minecraft:green_glazed_terracotta net.minecraft.item.ItemBlock@112c2930
[21:58:19] [Server thread/TRACE] [FML]:   Registry: 249 minecraft:red_glazed_terracotta net.minecraft.item.ItemBlock@7f426ddd
[21:58:19] [Server thread/TRACE] [FML]:   Registry: 250 minecraft:black_glazed_terracotta net.minecraft.item.ItemBlock@28e7bb31
[21:58:19] [Server thread/TRACE] [FML]:   Registry: 251 minecraft:concrete net.minecraft.item.ItemCloth@6fe04f2a
[21:58:19] [Server thread/TRACE] [FML]:   Registry: 252 minecraft:concrete_powder net.minecraft.item.ItemCloth@1f758e4f
[21:58:19] [Server thread/TRACE] [FML]:   Registry: 255 minecraft:structure_block net.minecraft.item.ItemBlock@733534f9
[21:58:19] [Server thread/TRACE] [FML]:   Registry: 256 minecraft:iron_shovel net.minecraft.item.ItemSpade@13ca16bf
[21:58:19] [Server thread/TRACE] [FML]:   Registry: 257 minecraft:iron_pickaxe net.minecraft.item.ItemPickaxe@44641d6c
[21:58:19] [Server thread/TRACE] [FML]:   Registry: 258 minecraft:iron_axe net.minecraft.item.ItemAxe@59d5a6fd
[21:58:19] [Server thread/TRACE] [FML]:   Registry: 259 minecraft:flint_and_steel net.minecraft.item.ItemFlintAndSteel@104a287c
[21:58:19] [Server thread/TRACE] [FML]:   Registry: 260 minecraft:apple net.minecraft.item.ItemFood@5f3b84bd
[21:58:19] [Server thread/TRACE] [FML]:   Registry: 261 minecraft:bow net.minecraft.item.ItemBow@aca3c85
[21:58:19] [Server thread/TRACE] [FML]:   Registry: 262 minecraft:arrow net.minecraft.item.ItemArrow@7f51f588
[21:58:19] [Server thread/TRACE] [FML]:   Registry: 263 minecraft:coal net.minecraft.item.ItemCoal@69a373fd
[21:58:19] [Server thread/TRACE] [FML]:   Registry: 264 minecraft:diamond net.minecraft.item.Item@19ae36f4
[21:58:19] [Server thread/TRACE] [FML]:   Registry: 265 minecraft:iron_ingot net.minecraft.item.Item@6735f210
[21:58:19] [Server thread/TRACE] [FML]:   Registry: 266 minecraft:gold_ingot net.minecraft.item.Item@4567fb2b
[21:58:19] [Server thread/TRACE] [FML]:   Registry: 267 minecraft:iron_sword net.minecraft.item.ItemSword@173511ff
[21:58:19] [Server thread/TRACE] [FML]:   Registry: 268 minecraft:wooden_sword net.minecraft.item.ItemSword@6df11e91
[21:58:19] [Server thread/TRACE] [FML]:   Registry: 269 minecraft:wooden_shovel net.minecraft.item.ItemSpade@1002d192
[21:58:19] [Server thread/TRACE] [FML]:   Registry: 270 minecraft:wooden_pickaxe net.minecraft.item.ItemPickaxe@9281d19
[21:58:19] [Server thread/TRACE] [FML]:   Registry: 271 minecraft:wooden_axe net.minecraft.item.ItemAxe@36ad5f2a
[21:58:19] [Server thread/TRACE] [FML]:   Registry: 272 minecraft:stone_sword net.minecraft.item.ItemSword@53cddaf8
[21:58:19] [Server thread/TRACE] [FML]:   Registry: 273 minecraft:stone_shovel net.minecraft.item.ItemSpade@55c50f52
[21:58:19] [Server thread/TRACE] [FML]:   Registry: 274 minecraft:stone_pickaxe net.minecraft.item.ItemPickaxe@1ccc1026
[21:58:19] [Server thread/TRACE] [FML]:   Registry: 275 minecraft:stone_axe net.minecraft.item.ItemAxe@4044589a
[21:58:19] [Server thread/TRACE] [FML]:   Registry: 276 minecraft:diamond_sword net.minecraft.item.ItemSword@7de35070
[21:58:19] [Server thread/TRACE] [FML]:   Registry: 277 minecraft:diamond_shovel net.minecraft.item.ItemSpade@216f01
[21:58:19] [Server thread/TRACE] [FML]:   Registry: 278 minecraft:diamond_pickaxe net.minecraft.item.ItemPickaxe@7c901203
[21:58:19] [Server thread/TRACE] [FML]:   Registry: 279 minecraft:diamond_axe net.minecraft.item.ItemAxe@1e721583
[21:58:19] [Server thread/TRACE] [FML]:   Registry: 280 minecraft:stick net.minecraft.item.Item@79f5a6ed
[21:58:19] [Server thread/TRACE] [FML]:   Registry: 281 minecraft:bowl net.minecraft.item.Item@722787b5
[21:58:19] [Server thread/TRACE] [FML]:   Registry: 282 minecraft:mushroom_stew net.minecraft.item.ItemSoup@541d4d9f
[21:58:19] [Server thread/TRACE] [FML]:   Registry: 283 minecraft:golden_sword net.minecraft.item.ItemSword@1a497286
[21:58:19] [Server thread/TRACE] [FML]:   Registry: 284 minecraft:golden_shovel net.minecraft.item.ItemSpade@48dff674
[21:58:19] [Server thread/TRACE] [FML]:   Registry: 285 minecraft:golden_pickaxe net.minecraft.item.ItemPickaxe@120350eb
[21:58:19] [Server thread/TRACE] [FML]:   Registry: 286 minecraft:golden_axe net.minecraft.item.ItemAxe@2ccc9681
[21:58:19] [Server thread/TRACE] [FML]:   Registry: 287 minecraft:string net.minecraft.item.ItemBlockSpecial@4217bce6
[21:58:19] [Server thread/TRACE] [FML]:   Registry: 288 minecraft:feather net.minecraft.item.Item@aa752bb
[21:58:19] [Server thread/TRACE] [FML]:   Registry: 289 minecraft:gunpowder net.minecraft.item.Item@77fc19cf
[21:58:19] [Server thread/TRACE] [FML]:   Registry: 290 minecraft:wooden_hoe net.minecraft.item.ItemHoe@2bb31455
[21:58:19] [Server thread/TRACE] [FML]:   Registry: 291 minecraft:stone_hoe net.minecraft.item.ItemHoe@3c16528d
[21:58:19] [Server thread/TRACE] [FML]:   Registry: 292 minecraft:iron_hoe net.minecraft.item.ItemHoe@2e45a357
[21:58:19] [Server thread/TRACE] [FML]:   Registry: 293 minecraft:diamond_hoe net.minecraft.item.ItemHoe@389a5022
[21:58:19] [Server thread/TRACE] [FML]:   Registry: 294 minecraft:golden_hoe net.minecraft.item.ItemHoe@bb8ead8
[21:58:19] [Server thread/TRACE] [FML]:   Registry: 295 minecraft:wheat_seeds net.minecraft.item.ItemSeeds@6c995c5d
[21:58:19] [Server thread/TRACE] [FML]:   Registry: 296 minecraft:wheat net.minecraft.item.Item@203b953c
[21:58:19] [Server thread/TRACE] [FML]:   Registry: 297 minecraft:bread net.minecraft.item.ItemFood@730bea0
[21:58:19] [Server thread/TRACE] [FML]:   Registry: 298 minecraft:leather_helmet net.minecraft.item.ItemArmor@5873f3f0
[21:58:19] [Server thread/TRACE] [FML]:   Registry: 299 minecraft:leather_chestplate net.minecraft.item.ItemArmor@684372d0
[21:58:19] [Server thread/TRACE] [FML]:   Registry: 300 minecraft:leather_leggings net.minecraft.item.ItemArmor@63dda940
[21:58:19] [Server thread/TRACE] [FML]:   Registry: 301 minecraft:leather_boots net.minecraft.item.ItemArmor@41f964f9
[21:58:19] [Server thread/TRACE] [FML]:   Registry: 302 minecraft:chainmail_helmet net.minecraft.item.ItemArmor@652e345
[21:58:19] [Server thread/TRACE] [FML]:   Registry: 303 minecraft:chainmail_chestplate net.minecraft.item.ItemArmor@7574d4ad
[21:58:19] [Server thread/TRACE] [FML]:   Registry: 304 minecraft:chainmail_leggings net.minecraft.item.ItemArmor@7bede4ea
[21:58:19] [Server thread/TRACE] [FML]:   Registry: 305 minecraft:chainmail_boots net.minecraft.item.ItemArmor@713999c2
[21:58:19] [Server thread/TRACE] [FML]:   Registry: 306 minecraft:iron_helmet net.minecraft.item.ItemArmor@6060146b
[21:58:19] [Server thread/TRACE] [FML]:   Registry: 307 minecraft:iron_chestplate net.minecraft.item.ItemArmor@33627576
[21:58:19] [Server thread/TRACE] [FML]:   Registry: 308 minecraft:iron_leggings net.minecraft.item.ItemArmor@27bc1d44
[21:58:19] [Server thread/TRACE] [FML]:   Registry: 309 minecraft:iron_boots net.minecraft.item.ItemArmor@1af677f8
[21:58:19] [Server thread/TRACE] [FML]:   Registry: 310 minecraft:diamond_helmet net.minecraft.item.ItemArmor@7a55fb81
[21:58:19] [Server thread/TRACE] [FML]:   Registry: 311 minecraft:diamond_chestplate net.minecraft.item.ItemArmor@5a3cf878
[21:58:19] [Server thread/TRACE] [FML]:   Registry: 312 minecraft:diamond_leggings net.minecraft.item.ItemArmor@1d2d8846
[21:58:19] [Server thread/TRACE] [FML]:   Registry: 313 minecraft:diamond_boots net.minecraft.item.ItemArmor@34cd65ac
[21:58:19] [Server thread/TRACE] [FML]:   Registry: 314 minecraft:golden_helmet net.minecraft.item.ItemArmor@61911947
[21:58:19] [Server thread/TRACE] [FML]:   Registry: 315 minecraft:golden_chestplate net.minecraft.item.ItemArmor@5c53c235
[21:58:19] [Server thread/TRACE] [FML]:   Registry: 316 minecraft:golden_leggings net.minecraft.item.ItemArmor@2dcd0e41
[21:58:19] [Server thread/TRACE] [FML]:   Registry: 317 minecraft:golden_boots net.minecraft.item.ItemArmor@7272ee51
[21:58:19] [Server thread/TRACE] [FML]:   Registry: 318 minecraft:flint net.minecraft.item.Item@1b409a79
[21:58:19] [Server thread/TRACE] [FML]:   Registry: 319 minecraft:porkchop net.minecraft.item.ItemFood@5940b14e
[21:58:19] [Server thread/TRACE] [FML]:   Registry: 320 minecraft:cooked_porkchop net.minecraft.item.ItemFood@1cba0321
[21:58:19] [Server thread/TRACE] [FML]:   Registry: 321 minecraft:painting net.minecraft.item.ItemHangingEntity@3e0a9b1d
[21:58:19] [Server thread/TRACE] [FML]:   Registry: 322 minecraft:golden_apple net.minecraft.item.ItemAppleGold@240a2619
[21:58:19] [Server thread/TRACE] [FML]:   Registry: 323 minecraft:sign net.minecraft.item.ItemSign@5d1a859c
[21:58:19] [Server thread/TRACE] [FML]:   Registry: 324 minecraft:wooden_door net.minecraft.item.ItemDoor@394fb736
[21:58:19] [Server thread/TRACE] [FML]:   Registry: 325 minecraft:bucket net.minecraft.item.ItemBucket@65d9e72a
[21:58:19] [Server thread/TRACE] [FML]:   Registry: 326 minecraft:water_bucket net.minecraft.item.ItemBucket@1f7e52d1
[21:58:19] [Server thread/TRACE] [FML]:   Registry: 327 minecraft:lava_bucket net.minecraft.item.ItemBucket@e01a26b
[21:58:19] [Server thread/TRACE] [FML]:   Registry: 328 minecraft:minecart net.minecraft.item.ItemMinecart@45984654
[21:58:19] [Server thread/TRACE] [FML]:   Registry: 329 minecraft:saddle net.minecraft.item.ItemSaddle@74a58a06
[21:58:19] [Server thread/TRACE] [FML]:   Registry: 330 minecraft:iron_door net.minecraft.item.ItemDoor@7308c820
[21:58:19] [Server thread/TRACE] [FML]:   Registry: 331 minecraft:redstone net.minecraft.item.ItemRedstone@640c216b
[21:58:19] [Server thread/TRACE] [FML]:   Registry: 332 minecraft:snowball net.minecraft.item.ItemSnowball@6a96d639
[21:58:19] [Server thread/TRACE] [FML]:   Registry: 333 minecraft:boat net.minecraft.item.ItemBoat@482a58c7
[21:58:19] [Server thread/TRACE] [FML]:   Registry: 334 minecraft:leather net.minecraft.item.Item@3e74fd84
[21:58:19] [Server thread/TRACE] [FML]:   Registry: 335 minecraft:milk_bucket net.minecraft.item.ItemBucketMilk@4e4894d
[21:58:19] [Server thread/TRACE] [FML]:   Registry: 336 minecraft:brick net.minecraft.item.Item@1de5cc88
[21:58:19] [Server thread/TRACE] [FML]:   Registry: 337 minecraft:clay_ball net.minecraft.item.Item@23e2c1ca
[21:58:19] [Server thread/TRACE] [FML]:   Registry: 338 minecraft:reeds net.minecraft.item.ItemBlockSpecial@2d4fb0d8
[21:58:19] [Server thread/TRACE] [FML]:   Registry: 339 minecraft:paper net.minecraft.item.Item@dc1fadd
[21:58:19] [Server thread/TRACE] [FML]:   Registry: 340 minecraft:book net.minecraft.item.ItemBook@5b332439
[21:58:19] [Server thread/TRACE] [FML]:   Registry: 341 minecraft:slime_ball net.minecraft.item.Item@59262a90
[21:58:19] [Server thread/TRACE] [FML]:   Registry: 342 minecraft:chest_minecart net.minecraft.item.ItemMinecart@78479f2b
[21:58:19] [Server thread/TRACE] [FML]:   Registry: 343 minecraft:furnace_minecart net.minecraft.item.ItemMinecart@2755617b
[21:58:19] [Server thread/TRACE] [FML]:   Registry: 344 minecraft:egg net.minecraft.item.ItemEgg@7b377a53
[21:58:19] [Server thread/TRACE] [FML]:   Registry: 345 minecraft:compass net.minecraft.item.ItemCompass@25214797
[21:58:19] [Server thread/TRACE] [FML]:   Registry: 346 minecraft:fishing_rod net.minecraft.item.ItemFishingRod@5d5d3a5c
[21:58:19] [Server thread/TRACE] [FML]:   Registry: 347 minecraft:clock net.minecraft.item.ItemClock@4601047
[21:58:19] [Server thread/TRACE] [FML]:   Registry: 348 minecraft:glowstone_dust net.minecraft.item.Item@25e8e59
[21:58:19] [Server thread/TRACE] [FML]:   Registry: 349 minecraft:fish net.minecraft.item.ItemFishFood@54c11750
[21:58:19] [Server thread/TRACE] [FML]:   Registry: 350 minecraft:cooked_fish net.minecraft.item.ItemFishFood@221b77d7
[21:58:19] [Server thread/TRACE] [FML]:   Registry: 351 minecraft:dye net.minecraft.item.ItemDye@6eede35e
[21:58:19] [Server thread/TRACE] [FML]:   Registry: 352 minecraft:bone net.minecraft.item.Item@64c25a62
[21:58:19] [Server thread/TRACE] [FML]:   Registry: 353 minecraft:sugar net.minecraft.item.Item@43e8f1c
[21:58:19] [Server thread/TRACE] [FML]:   Registry: 354 minecraft:cake net.minecraft.item.ItemBlockSpecial@66a82a13
[21:58:19] [Server thread/TRACE] [FML]:   Registry: 355 minecraft:bed net.minecraft.item.ItemBed@610fbe1c
[21:58:19] [Server thread/TRACE] [FML]:   Registry: 356 minecraft:repeater net.minecraft.item.ItemBlockSpecial@46d0f89c
[21:58:19] [Server thread/TRACE] [FML]:   Registry: 357 minecraft:cookie net.minecraft.item.ItemFood@570b2057
[21:58:19] [Server thread/TRACE] [FML]:   Registry: 358 minecraft:filled_map net.minecraft.item.ItemMap@4f26425b
[21:58:19] [Server thread/TRACE] [FML]:   Registry: 359 minecraft:shears net.minecraft.item.ItemShears@33f4c769
[21:58:19] [Server thread/TRACE] [FML]:   Registry: 360 minecraft:melon net.minecraft.item.ItemFood@4ebd6fd6
[21:58:19] [Server thread/TRACE] [FML]:   Registry: 361 minecraft:pumpkin_seeds net.minecraft.item.ItemSeeds@5e5a8718
[21:58:19] [Server thread/TRACE] [FML]:   Registry: 362 minecraft:melon_seeds net.minecraft.item.ItemSeeds@7404ddca
[21:58:19] [Server thread/TRACE] [FML]:   Registry: 363 minecraft:beef net.minecraft.item.ItemFood@615e83ac
[21:58:19] [Server thread/TRACE] [FML]:   Registry: 364 minecraft:cooked_beef net.minecraft.item.ItemFood@4438938e
[21:58:19] [Server thread/TRACE] [FML]:   Registry: 365 minecraft:chicken net.minecraft.item.ItemFood@42730828
[21:58:19] [Server thread/TRACE] [FML]:   Registry: 366 minecraft:cooked_chicken net.minecraft.item.ItemFood@18c7f6b5
[21:58:19] [Server thread/TRACE] [FML]:   Registry: 367 minecraft:rotten_flesh net.minecraft.item.ItemFood@629b780f
[21:58:19] [Server thread/TRACE] [FML]:   Registry: 368 minecraft:ender_pearl net.minecraft.item.ItemEnderPearl@6734ff92
[21:58:19] [Server thread/TRACE] [FML]:   Registry: 369 minecraft:blaze_rod net.minecraft.item.Item@51eb0e84
[21:58:19] [Server thread/TRACE] [FML]:   Registry: 370 minecraft:ghast_tear net.minecraft.item.Item@4ce267cc
[21:58:19] [Server thread/TRACE] [FML]:   Registry: 371 minecraft:gold_nugget net.minecraft.item.Item@2eebce87
[21:58:19] [Server thread/TRACE] [FML]:   Registry: 372 minecraft:nether_wart net.minecraft.item.ItemSeeds@6ee37ca7
[21:58:19] [Server thread/TRACE] [FML]:   Registry: 373 minecraft:potion net.minecraft.item.ItemPotion@38f617f4
[21:58:19] [Server thread/TRACE] [FML]:   Registry: 374 minecraft:glass_bottle net.minecraft.item.ItemGlassBottle@74500e4f
[21:58:19] [Server thread/TRACE] [FML]:   Registry: 375 minecraft:spider_eye net.minecraft.item.ItemFood@7c91fe86
[21:58:19] [Server thread/TRACE] [FML]:   Registry: 376 minecraft:fermented_spider_eye net.minecraft.item.Item@7fc7152e
[21:58:19] [Server thread/TRACE] [FML]:   Registry: 377 minecraft:blaze_powder net.minecraft.item.Item@13d289c7
[21:58:19] [Server thread/TRACE] [FML]:   Registry: 378 minecraft:magma_cream net.minecraft.item.Item@6704df84
[21:58:19] [Server thread/TRACE] [FML]:   Registry: 379 minecraft:brewing_stand net.minecraft.item.ItemBlockSpecial@1412682c
[21:58:19] [Server thread/TRACE] [FML]:   Registry: 380 minecraft:cauldron net.minecraft.item.ItemBlockSpecial@53bb71e5
[21:58:19] [Server thread/TRACE] [FML]:   Registry: 381 minecraft:ender_eye net.minecraft.item.ItemEnderEye@1a717d79
[21:58:19] [Server thread/TRACE] [FML]:   Registry: 382 minecraft:speckled_melon net.minecraft.item.Item@4cb00fa5
[21:58:19] [Server thread/TRACE] [FML]:   Registry: 383 minecraft:spawn_egg net.minecraft.item.ItemMonsterPlacer@78065fcd
[21:58:19] [Server thread/TRACE] [FML]:   Registry: 384 minecraft:experience_bottle net.minecraft.item.ItemExpBottle@28cb86b2
[21:58:19] [Server thread/TRACE] [FML]:   Registry: 385 minecraft:fire_charge net.minecraft.item.ItemFireball@4fbaa7f5
[21:58:19] [Server thread/TRACE] [FML]:   Registry: 386 minecraft:writable_book net.minecraft.item.ItemWritableBook@51d8f2f2
[21:58:19] [Server thread/TRACE] [FML]:   Registry: 387 minecraft:written_book net.minecraft.item.ItemWrittenBook@597a7afa
[21:58:19] [Server thread/TRACE] [FML]:   Registry: 388 minecraft:emerald net.minecraft.item.Item@29dcdd1c
[21:58:19] [Server thread/TRACE] [FML]:   Registry: 389 minecraft:item_frame net.minecraft.item.ItemHangingEntity@7cdb7fc
[21:58:19] [Server thread/TRACE] [FML]:   Registry: 390 minecraft:flower_pot net.minecraft.item.ItemBlockSpecial@524f5ea5
[21:58:19] [Server thread/TRACE] [FML]:   Registry: 391 minecraft:carrot net.minecraft.item.ItemSeedFood@7d8b66d9
[21:58:19] [Server thread/TRACE] [FML]:   Registry: 392 minecraft:potato net.minecraft.item.ItemSeedFood@5599b5bb
[21:58:19] [Server thread/TRACE] [FML]:   Registry: 393 minecraft:baked_potato net.minecraft.item.ItemFood@4ff66917
[21:58:19] [Server thread/TRACE] [FML]:   Registry: 394 minecraft:poisonous_potato net.minecraft.item.ItemFood@4264beb8
[21:58:19] [Server thread/TRACE] [FML]:   Registry: 395 minecraft:map net.minecraft.item.ItemEmptyMap@919086
[21:58:19] [Server thread/TRACE] [FML]:   Registry: 396 minecraft:golden_carrot net.minecraft.item.ItemFood@67e77f52
[21:58:19] [Server thread/TRACE] [FML]:   Registry: 397 minecraft:skull net.minecraft.item.ItemSkull@1182413a
[21:58:19] [Server thread/TRACE] [FML]:   Registry: 398 minecraft:carrot_on_a_stick net.minecraft.item.ItemCarrotOnAStick@19705650
[21:58:19] [Server thread/TRACE] [FML]:   Registry: 399 minecraft:nether_star net.minecraft.item.ItemSimpleFoiled@362a561e
[21:58:19] [Server thread/TRACE] [FML]:   Registry: 400 minecraft:pumpkin_pie net.minecraft.item.ItemFood@2df3545d
[21:58:19] [Server thread/TRACE] [FML]:   Registry: 401 minecraft:fireworks net.minecraft.item.ItemFirework@5cf0673d
[21:58:19] [Server thread/TRACE] [FML]:   Registry: 402 minecraft:firework_charge net.minecraft.item.ItemFireworkCharge@5546e754
[21:58:19] [Server thread/TRACE] [FML]:   Registry: 403 minecraft:enchanted_book net.minecraft.item.ItemEnchantedBook@6a6da47a
[21:58:19] [Server thread/TRACE] [FML]:   Registry: 404 minecraft:comparator net.minecraft.item.ItemBlockSpecial@8f39224
[21:58:19] [Server thread/TRACE] [FML]:   Registry: 405 minecraft:netherbrick net.minecraft.item.Item@7f642bf
[21:58:19] [Server thread/TRACE] [FML]:   Registry: 406 minecraft:quartz net.minecraft.item.Item@43e3a390
[21:58:19] [Server thread/TRACE] [FML]:   Registry: 407 minecraft:tnt_minecart net.minecraft.item.ItemMinecart@44aa91e2
[21:58:19] [Server thread/TRACE] [FML]:   Registry: 408 minecraft:hopper_minecart net.minecraft.item.ItemMinecart@50dc49e1
[21:58:19] [Server thread/TRACE] [FML]:   Registry: 409 minecraft:prismarine_shard net.minecraft.item.Item@650a1aff
[21:58:19] [Server thread/TRACE] [FML]:   Registry: 410 minecraft:prismarine_crystals net.minecraft.item.Item@3babcaed
[21:58:19] [Server thread/TRACE] [FML]:   Registry: 411 minecraft:rabbit net.minecraft.item.ItemFood@2b9e69fb
[21:58:19] [Server thread/TRACE] [FML]:   Registry: 412 minecraft:cooked_rabbit net.minecraft.item.ItemFood@19bfbe28
[21:58:19] [Server thread/TRACE] [FML]:   Registry: 413 minecraft:rabbit_stew net.minecraft.item.ItemSoup@2c579202
[21:58:19] [Server thread/TRACE] [FML]:   Registry: 414 minecraft:rabbit_foot net.minecraft.item.Item@49ced9c7
[21:58:19] [Server thread/TRACE] [FML]:   Registry: 415 minecraft:rabbit_hide net.minecraft.item.Item@11c7a0b4
[21:58:19] [Server thread/TRACE] [FML]:   Registry: 416 minecraft:armor_stand net.minecraft.item.ItemArmorStand@5c4f4330
[21:58:19] [Server thread/TRACE] [FML]:   Registry: 417 minecraft:iron_horse_armor net.minecraft.item.Item@2b9aeedb
[21:58:19] [Server thread/TRACE] [FML]:   Registry: 418 minecraft:golden_horse_armor net.minecraft.item.Item@63485d7
[21:58:19] [Server thread/TRACE] [FML]:   Registry: 419 minecraft:diamond_horse_armor net.minecraft.item.Item@23ea8830
[21:58:19] [Server thread/TRACE] [FML]:   Registry: 420 minecraft:lead net.minecraft.item.ItemLead@2cee5365
[21:58:19] [Server thread/TRACE] [FML]:   Registry: 421 minecraft:name_tag net.minecraft.item.ItemNameTag@1a7163e3
[21:58:19] [Server thread/TRACE] [FML]:   Registry: 422 minecraft:command_block_minecart net.minecraft.item.ItemMinecart@44da7eb3
[21:58:19] [Server thread/TRACE] [FML]:   Registry: 423 minecraft:mutton net.minecraft.item.ItemFood@5e69cf07
[21:58:19] [Server thread/TRACE] [FML]:   Registry: 424 minecraft:cooked_mutton net.minecraft.item.ItemFood@3d512652
[21:58:19] [Server thread/TRACE] [FML]:   Registry: 425 minecraft:banner net.minecraft.item.ItemBanner@2b170932
[21:58:19] [Server thread/TRACE] [FML]:   Registry: 426 minecraft:end_crystal net.minecraft.item.ItemEndCrystal@4e4f4092
[21:58:19] [Server thread/TRACE] [FML]:   Registry: 427 minecraft:spruce_door net.minecraft.item.ItemDoor@5d829ef0
[21:58:19] [Server thread/TRACE] [FML]:   Registry: 428 minecraft:birch_door net.minecraft.item.ItemDoor@4416e18d
[21:58:19] [Server thread/TRACE] [FML]:   Registry: 429 minecraft:jungle_door net.minecraft.item.ItemDoor@5dfc2a4
[21:58:19] [Server thread/TRACE] [FML]:   Registry: 430 minecraft:acacia_door net.minecraft.item.ItemDoor@3120495d
[21:58:19] [Server thread/TRACE] [FML]:   Registry: 431 minecraft:dark_oak_door net.minecraft.item.ItemDoor@781c2497
[21:58:19] [Server thread/TRACE] [FML]:   Registry: 432 minecraft:chorus_fruit net.minecraft.item.ItemChorusFruit@439d545c
[21:58:19] [Server thread/TRACE] [FML]:   Registry: 433 minecraft:chorus_fruit_popped net.minecraft.item.Item@5a3cf824
[21:58:19] [Server thread/TRACE] [FML]:   Registry: 434 minecraft:beetroot net.minecraft.item.ItemFood@7c2b6acb
[21:58:19] [Server thread/TRACE] [FML]:   Registry: 435 minecraft:beetroot_seeds net.minecraft.item.ItemSeeds@28367da7
[21:58:19] [Server thread/TRACE] [FML]:   Registry: 436 minecraft:beetroot_soup net.minecraft.item.ItemSoup@1a0f349
[21:58:19] [Server thread/TRACE] [FML]:   Registry: 437 minecraft:dragon_breath net.minecraft.item.Item@3c60c681
[21:58:19] [Server thread/TRACE] [FML]:   Registry: 438 minecraft:splash_potion net.minecraft.item.ItemSplashPotion@239b98cb
[21:58:19] [Server thread/TRACE] [FML]:   Registry: 439 minecraft:spectral_arrow net.minecraft.item.ItemSpectralArrow@36211bbc
[21:58:19] [Server thread/TRACE] [FML]:   Registry: 440 minecraft:tipped_arrow net.minecraft.item.ItemTippedArrow@3e151e1f
[21:58:19] [Server thread/TRACE] [FML]:   Registry: 441 minecraft:lingering_potion net.minecraft.item.ItemLingeringPotion@4fe8f2ae
[21:58:19] [Server thread/TRACE] [FML]:   Registry: 442 minecraft:shield net.minecraft.item.ItemShield@77ea806f
[21:58:19] [Server thread/TRACE] [FML]:   Registry: 443 minecraft:elytra net.minecraft.item.ItemElytra@33751d49
[21:58:19] [Server thread/TRACE] [FML]:   Registry: 444 minecraft:spruce_boat net.minecraft.item.ItemBoat@516195cf
[21:58:19] [Server thread/TRACE] [FML]:   Registry: 445 minecraft:birch_boat net.minecraft.item.ItemBoat@4eeb14e0
[21:58:19] [Server thread/TRACE] [FML]:   Registry: 446 minecraft:jungle_boat net.minecraft.item.ItemBoat@26ca12a2
[21:58:19] [Server thread/TRACE] [FML]:   Registry: 447 minecraft:acacia_boat net.minecraft.item.ItemBoat@3d4ecc67
[21:58:19] [Server thread/TRACE] [FML]:   Registry: 448 minecraft:dark_oak_boat net.minecraft.item.ItemBoat@60dcf9ec
[21:58:19] [Server thread/TRACE] [FML]:   Registry: 449 minecraft:totem_of_undying net.minecraft.item.Item@7606bd03
[21:58:19] [Server thread/TRACE] [FML]:   Registry: 450 minecraft:shulker_shell net.minecraft.item.Item@afee63
[21:58:19] [Server thread/TRACE] [FML]:   Registry: 452 minecraft:iron_nugget net.minecraft.item.Item@4b4927e5
[21:58:19] [Server thread/TRACE] [FML]:   Registry: 453 minecraft:knowledge_book net.minecraft.item.ItemKnowledgeBook@72a7aa4f
[21:58:19] [Server thread/TRACE] [FML]:   Registry: 2256 minecraft:record_13 net.minecraft.item.ItemRecord@35e2b89f
[21:58:19] [Server thread/TRACE] [FML]:   Registry: 2257 minecraft:record_cat net.minecraft.item.ItemRecord@7ad889be
[21:58:19] [Server thread/TRACE] [FML]:   Registry: 2258 minecraft:record_blocks net.minecraft.item.ItemRecord@4c063cb9
[21:58:19] [Server thread/TRACE] [FML]:   Registry: 2259 minecraft:record_chirp net.minecraft.item.ItemRecord@63de4fa
[21:58:19] [Server thread/TRACE] [FML]:   Registry: 2260 minecraft:record_far net.minecraft.item.ItemRecord@26bb92e2
[21:58:19] [Server thread/TRACE] [FML]:   Registry: 2261 minecraft:record_mall net.minecraft.item.ItemRecord@18907af2
[21:58:19] [Server thread/TRACE] [FML]:   Registry: 2262 minecraft:record_mellohi net.minecraft.item.ItemRecord@658e7ead
[21:58:19] [Server thread/TRACE] [FML]:   Registry: 2263 minecraft:record_stal net.minecraft.item.ItemRecord@cfd5cd2
[21:58:19] [Server thread/TRACE] [FML]:   Registry: 2264 minecraft:record_strad net.minecraft.item.ItemRecord@762bf32d
[21:58:19] [Server thread/TRACE] [FML]:   Registry: 2265 minecraft:record_ward net.minecraft.item.ItemRecord@6d7740f0
[21:58:19] [Server thread/TRACE] [FML]:   Registry: 2266 minecraft:record_11 net.minecraft.item.ItemRecord@7b1a30e5
[21:58:19] [Server thread/TRACE] [FML]:   Registry: 2267 minecraft:record_wait net.minecraft.item.ItemRecord@1de7f898
[21:58:19] [Server thread/TRACE] [FML]:   Registry: 4096 lucky:lucky_block mod.lucky.item.ItemLuckyBlock@6be84d7e
[21:58:19] [Server thread/TRACE] [FML]:   Registry: 4097 lucky:lucky_sword mod.lucky.item.ItemLuckySword@7cfe5ed3
[21:58:19] [Server thread/TRACE] [FML]:   Registry: 4098 lucky:lucky_bow mod.lucky.item.ItemLuckyBow@13358c4
[21:58:19] [Server thread/TRACE] [FML]:   Registry: 4099 lucky:lucky_potion mod.lucky.item.ItemLuckyPotion@1fdfba05
[21:58:19] [Server thread/TRACE] [FML]: Registry Name : minecraft:potions
[21:58:19] [Server thread/TRACE] [FML]:   Registry: 1 minecraft:speed net.minecraft.potion.Potion@28daf506
[21:58:19] [Server thread/TRACE] [FML]:   Registry: 2 minecraft:slowness net.minecraft.potion.Potion@4662752a
[21:58:19] [Server thread/TRACE] [FML]:   Registry: 3 minecraft:haste net.minecraft.potion.Potion@693f2213
[21:58:19] [Server thread/TRACE] [FML]:   Registry: 4 minecraft:mining_fatigue net.minecraft.potion.Potion@514377fc
[21:58:19] [Server thread/TRACE] [FML]:   Registry: 5 minecraft:strength net.minecraft.potion.PotionAttackDamage@6befbb12
[21:58:19] [Server thread/TRACE] [FML]:   Registry: 6 minecraft:instant_health net.minecraft.potion.PotionHealth@33bdd01
[21:58:19] [Server thread/TRACE] [FML]:   Registry: 7 minecraft:instant_damage net.minecraft.potion.PotionHealth@159ac15f
[21:58:19] [Server thread/TRACE] [FML]:   Registry: 8 minecraft:jump_boost net.minecraft.potion.Potion@7ac48f05
[21:58:19] [Server thread/TRACE] [FML]:   Registry: 9 minecraft:nausea net.minecraft.potion.Potion@7af1d072
[21:58:19] [Server thread/TRACE] [FML]:   Registry: 10 minecraft:regeneration net.minecraft.potion.Potion@27ffd9f8
[21:58:19] [Server thread/TRACE] [FML]:   Registry: 11 minecraft:resistance net.minecraft.potion.Potion@642c6461
[21:58:19] [Server thread/TRACE] [FML]:   Registry: 12 minecraft:fire_resistance net.minecraft.potion.Potion@3ace6346
[21:58:19] [Server thread/TRACE] [FML]:   Registry: 13 minecraft:water_breathing net.minecraft.potion.Potion@4e48462d
[21:58:19] [Server thread/TRACE] [FML]:   Registry: 14 minecraft:invisibility net.minecraft.potion.Potion@17216605
[21:58:19] [Server thread/TRACE] [FML]:   Registry: 15 minecraft:blindness net.minecraft.potion.Potion@10a907ec
[21:58:19] [Server thread/TRACE] [FML]:   Registry: 16 minecraft:night_vision net.minecraft.potion.Potion@59b492ec
[21:58:19] [Server thread/TRACE] [FML]:   Registry: 17 minecraft:hunger net.minecraft.potion.Potion@55c1ced9
[21:58:19] [Server thread/TRACE] [FML]:   Registry: 18 minecraft:weakness net.minecraft.potion.PotionAttackDamage@49cc9b2a
[21:58:19] [Server thread/TRACE] [FML]:   Registry: 19 minecraft:poison net.minecraft.potion.Potion@11826398
[21:58:19] [Server thread/TRACE] [FML]:   Registry: 20 minecraft:wither net.minecraft.potion.Potion@6c5ca0b6
[21:58:19] [Server thread/TRACE] [FML]:   Registry: 21 minecraft:health_boost net.minecraft.potion.PotionHealthBoost@1894fa9f
[21:58:19] [Server thread/TRACE] [FML]:   Registry: 22 minecraft:absorption net.minecraft.potion.PotionAbsorption@7a572ea0
[21:58:19] [Server thread/TRACE] [FML]:   Registry: 23 minecraft:saturation net.minecraft.potion.PotionHealth@45287377
[21:58:19] [Server thread/TRACE] [FML]:   Registry: 24 minecraft:glowing net.minecraft.potion.Potion@7159d601
[21:58:19] [Server thread/TRACE] [FML]:   Registry: 25 minecraft:levitation net.minecraft.potion.Potion@70b33256
[21:58:19] [Server thread/TRACE] [FML]:   Registry: 26 minecraft:luck net.minecraft.potion.Potion@33d230ce
[21:58:19] [Server thread/TRACE] [FML]:   Registry: 27 minecraft:unluck net.minecraft.potion.Potion@35e74e08
[21:58:19] [Server thread/TRACE] [FML]: Registry Name : minecraft:biomes
[21:58:19] [Server thread/TRACE] [FML]:   Registry: 0 minecraft:ocean net.minecraft.world.biome.BiomeOcean@660296d5
[21:58:19] [Server thread/TRACE] [FML]:   Registry: 1 minecraft:plains net.minecraft.world.biome.BiomePlains@75d97e18
[21:58:19] [Server thread/TRACE] [FML]:   Registry: 2 minecraft:desert net.minecraft.world.biome.BiomeDesert@2d9de284
[21:58:19] [Server thread/TRACE] [FML]:   Registry: 3 minecraft:extreme_hills net.minecraft.world.biome.BiomeHills@3348c987
[21:58:19] [Server thread/TRACE] [FML]:   Registry: 4 minecraft:forest net.minecraft.world.biome.BiomeForest@5ca22e19
[21:58:19] [Server thread/TRACE] [FML]:   Registry: 5 minecraft:taiga net.minecraft.world.biome.BiomeTaiga@a84338a
[21:58:19] [Server thread/TRACE] [FML]:   Registry: 6 minecraft:swampland net.minecraft.world.biome.BiomeSwamp@722b2728
[21:58:19] [Server thread/TRACE] [FML]:   Registry: 7 minecraft:river net.minecraft.world.biome.BiomeRiver@5f3f3d00
[21:58:19] [Server thread/TRACE] [FML]:   Registry: 8 minecraft:hell net.minecraft.world.biome.BiomeHell@278de2b2
[21:58:19] [Server thread/TRACE] [FML]:   Registry: 9 minecraft:sky net.minecraft.world.biome.BiomeEnd@4ad1a276
[21:58:19] [Server thread/TRACE] [FML]:   Registry: 10 minecraft:frozen_ocean net.minecraft.world.biome.BiomeOcean@4a833595
[21:58:19] [Server thread/TRACE] [FML]:   Registry: 11 minecraft:frozen_river net.minecraft.world.biome.BiomeRiver@31006a75
[21:58:19] [Server thread/TRACE] [FML]:   Registry: 12 minecraft:ice_flats net.minecraft.world.biome.BiomeSnow@6f8ac8d5
[21:58:19] [Server thread/TRACE] [FML]:   Registry: 13 minecraft:ice_mountains net.minecraft.world.biome.BiomeSnow@370225c7
[21:58:19] [Server thread/TRACE] [FML]:   Registry: 14 minecraft:mushroom_island net.minecraft.world.biome.BiomeMushroomIsland@156324b
[21:58:19] [Server thread/TRACE] [FML]:   Registry: 15 minecraft:mushroom_island_shore net.minecraft.world.biome.BiomeMushroomIsland@38a38ed4
[21:58:19] [Server thread/TRACE] [FML]:   Registry: 16 minecraft:beaches net.minecraft.world.biome.BiomeBeach@7b4b8199
[21:58:19] [Server thread/TRACE] [FML]:   Registry: 17 minecraft:desert_hills net.minecraft.world.biome.BiomeDesert@4bbf20d1
[21:58:19] [Server thread/TRACE] [FML]:   Registry: 18 minecraft:forest_hills net.minecraft.world.biome.BiomeForest@6fced25c
[21:58:19] [Server thread/TRACE] [FML]:   Registry: 19 minecraft:taiga_hills net.minecraft.world.biome.BiomeTaiga@3cf4dec7
[21:58:19] [Server thread/TRACE] [FML]:   Registry: 20 minecraft:smaller_extreme_hills net.minecraft.world.biome.BiomeHills@1b94c789
[21:58:19] [Server thread/TRACE] [FML]:   Registry: 21 minecraft:jungle net.minecraft.world.biome.BiomeJungle@2a425cf5
[21:58:19] [Server thread/TRACE] [FML]:   Registry: 22 minecraft:jungle_hills net.minecraft.world.biome.BiomeJungle@17d76ebb
[21:58:19] [Server thread/TRACE] [FML]:   Registry: 23 minecraft:jungle_edge net.minecraft.world.biome.BiomeJungle@40b31a16
[21:58:19] [Server thread/TRACE] [FML]:   Registry: 24 minecraft:deep_ocean net.minecraft.world.biome.BiomeOcean@25fa6889
[21:58:19] [Server thread/TRACE] [FML]:   Registry: 25 minecraft:stone_beach net.minecraft.world.biome.BiomeStoneBeach@31693a86
[21:58:19] [Server thread/TRACE] [FML]:   Registry: 26 minecraft:cold_beach net.minecraft.world.biome.BiomeBeach@69d2e517
[21:58:19] [Server thread/TRACE] [FML]:   Registry: 27 minecraft:birch_forest net.minecraft.world.biome.BiomeForest@1f9a7684
[21:58:19] [Server thread/TRACE] [FML]:   Registry: 28 minecraft:birch_forest_hills net.minecraft.world.biome.BiomeForest@3b30eec5
[21:58:19] [Server thread/TRACE] [FML]:   Registry: 29 minecraft:roofed_forest net.minecraft.world.biome.BiomeForest@43755e2f
[21:58:19] [Server thread/TRACE] [FML]:   Registry: 30 minecraft:taiga_cold net.minecraft.world.biome.BiomeTaiga@3d71e10b
[21:58:19] [Server thread/TRACE] [FML]:   Registry: 31 minecraft:taiga_cold_hills net.minecraft.world.biome.BiomeTaiga@71139e77
[21:58:19] [Server thread/TRACE] [FML]:   Registry: 32 minecraft:redwood_taiga net.minecraft.world.biome.BiomeTaiga@4de91056
[21:58:19] [Server thread/TRACE] [FML]:   Registry: 33 minecraft:redwood_taiga_hills net.minecraft.world.biome.BiomeTaiga@2404abe2
[21:58:19] [Server thread/TRACE] [FML]:   Registry: 34 minecraft:extreme_hills_with_trees net.minecraft.world.biome.BiomeHills@16cf7fd0
[21:58:19] [Server thread/TRACE] [FML]:   Registry: 35 minecraft:savanna net.minecraft.world.biome.BiomeSavanna@7e2c6fd6
[21:58:19] [Server thread/TRACE] [FML]:   Registry: 36 minecraft:savanna_rock net.minecraft.world.biome.BiomeSavanna@7ff6804a
[21:58:19] [Server thread/TRACE] [FML]:   Registry: 37 minecraft:mesa net.minecraft.world.biome.BiomeMesa@6113a26f
[21:58:19] [Server thread/TRACE] [FML]:   Registry: 38 minecraft:mesa_rock net.minecraft.world.biome.BiomeMesa@2aac8ad7
[21:58:19] [Server thread/TRACE] [FML]:   Registry: 39 minecraft:mesa_clear_rock net.minecraft.world.biome.BiomeMesa@6a4a2090
[21:58:19] [Server thread/TRACE] [FML]:   Registry: 127 minecraft:void net.minecraft.world.biome.BiomeVoid@45c423b3
[21:58:19] [Server thread/TRACE] [FML]:   Registry: 129 minecraft:mutated_plains net.minecraft.world.biome.BiomePlains@7e31d53b
[21:58:19] [Server thread/TRACE] [FML]:   Registry: 130 minecraft:mutated_desert net.minecraft.world.biome.BiomeDesert@68d8eb4f
[21:58:19] [Server thread/TRACE] [FML]:   Registry: 131 minecraft:mutated_extreme_hills net.minecraft.world.biome.BiomeHills@64757d56
[21:58:19] [Server thread/TRACE] [FML]:   Registry: 132 minecraft:mutated_forest net.minecraft.world.biome.BiomeForest@4813d0
[21:58:19] [Server thread/TRACE] [FML]:   Registry: 133 minecraft:mutated_taiga net.minecraft.world.biome.BiomeTaiga@702096ef
[21:58:19] [Server thread/TRACE] [FML]:   Registry: 134 minecraft:mutated_swampland net.minecraft.world.biome.BiomeSwamp@5f0d8937
[21:58:19] [Server thread/TRACE] [FML]:   Registry: 140 minecraft:mutated_ice_flats net.minecraft.world.biome.BiomeSnow@105dc04d
[21:58:19] [Server thread/TRACE] [FML]:   Registry: 149 minecraft:mutated_jungle net.minecraft.world.biome.BiomeJungle@504b8705
[21:58:19] [Server thread/TRACE] [FML]:   Registry: 151 minecraft:mutated_jungle_edge net.minecraft.world.biome.BiomeJungle@24a8e40d
[21:58:19] [Server thread/TRACE] [FML]:   Registry: 155 minecraft:mutated_birch_forest net.minecraft.world.biome.BiomeForestMutated@69fe7090
[21:58:19] [Server thread/TRACE] [FML]:   Registry: 156 minecraft:mutated_birch_forest_hills net.minecraft.world.biome.BiomeForestMutated@6501b105
[21:58:19] [Server thread/TRACE] [FML]:   Registry: 157 minecraft:mutated_roofed_forest net.minecraft.world.biome.BiomeForest@66ab924
[21:58:19] [Server thread/TRACE] [FML]:   Registry: 158 minecraft:mutated_taiga_cold net.minecraft.world.biome.BiomeTaiga@6df2af02
[21:58:19] [Server thread/TRACE] [FML]:   Registry: 160 minecraft:mutated_redwood_taiga net.minecraft.world.biome.BiomeTaiga@779228dc
[21:58:19] [Server thread/TRACE] [FML]:   Registry: 161 minecraft:mutated_redwood_taiga_hills net.minecraft.world.biome.BiomeTaiga@1f7336b2
[21:58:19] [Server thread/TRACE] [FML]:   Registry: 162 minecraft:mutated_extreme_hills_with_trees net.minecraft.world.biome.BiomeHills@4c030fe1
[21:58:19] [Server thread/TRACE] [FML]:   Registry: 163 minecraft:mutated_savanna net.minecraft.world.biome.BiomeSavannaMutated@52433946
[21:58:19] [Server thread/TRACE] [FML]:   Registry: 164 minecraft:mutated_savanna_rock net.minecraft.world.biome.BiomeSavannaMutated@5403431a
[21:58:19] [Server thread/TRACE] [FML]:   Registry: 165 minecraft:mutated_mesa net.minecraft.world.biome.BiomeMesa@ab327c
[21:58:19] [Server thread/TRACE] [FML]:   Registry: 166 minecraft:mutated_mesa_rock net.minecraft.world.biome.BiomeMesa@3d798e76
[21:58:19] [Server thread/TRACE] [FML]:   Registry: 167 minecraft:mutated_mesa_clear_rock net.minecraft.world.biome.BiomeMesa@763b0996
[21:58:19] [Server thread/TRACE] [FML]: Registry Name : minecraft:soundevents
[21:58:19] [Server thread/TRACE] [FML]:   Registry: 0 minecraft:ambient.cave net.minecraft.util.SoundEvent@de77232
[21:58:19] [Server thread/TRACE] [FML]:   Registry: 1 minecraft:block.anvil.break net.minecraft.util.SoundEvent@4ab550d5
[21:58:19] [Server thread/TRACE] [FML]:   Registry: 2 minecraft:block.anvil.destroy net.minecraft.util.SoundEvent@3cd206b5
[21:58:19] [Server thread/TRACE] [FML]:   Registry: 3 minecraft:block.anvil.fall net.minecraft.util.SoundEvent@58e85c6f
[21:58:19] [Server thread/TRACE] [FML]:   Registry: 4 minecraft:block.anvil.hit net.minecraft.util.SoundEvent@a137d7a
[21:58:19] [Server thread/TRACE] [FML]:   Registry: 5 minecraft:block.anvil.land net.minecraft.util.SoundEvent@6ac0b715
[21:58:19] [Server thread/TRACE] [FML]:   Registry: 6 minecraft:block.anvil.place net.minecraft.util.SoundEvent@468be356
[21:58:19] [Server thread/TRACE] [FML]:   Registry: 7 minecraft:block.anvil.step net.minecraft.util.SoundEvent@5c9ac4cc
[21:58:19] [Server thread/TRACE] [FML]:   Registry: 8 minecraft:block.anvil.use net.minecraft.util.SoundEvent@4df39a88
[21:58:19] [Server thread/TRACE] [FML]:   Registry: 9 minecraft:block.brewing_stand.brew net.minecraft.util.SoundEvent@2264e43c
[21:58:19] [Server thread/TRACE] [FML]:   Registry: 10 minecraft:block.chest.close net.minecraft.util.SoundEvent@3bec2275
[21:58:19] [Server thread/TRACE] [FML]:   Registry: 11 minecraft:block.chest.locked net.minecraft.util.SoundEvent@31da3d60
[21:58:19] [Server thread/TRACE] [FML]:   Registry: 12 minecraft:block.chest.open net.minecraft.util.SoundEvent@60acd609
[21:58:19] [Server thread/TRACE] [FML]:   Registry: 13 minecraft:block.chorus_flower.death net.minecraft.util.SoundEvent@65ec8b24
[21:58:19] [Server thread/TRACE] [FML]:   Registry: 14 minecraft:block.chorus_flower.grow net.minecraft.util.SoundEvent@3f49e266
[21:58:19] [Server thread/TRACE] [FML]:   Registry: 15 minecraft:block.cloth.break net.minecraft.util.SoundEvent@5f18f9d2
[21:58:19] [Server thread/TRACE] [FML]:   Registry: 16 minecraft:block.cloth.fall net.minecraft.util.SoundEvent@598260a6
[21:58:19] [Server thread/TRACE] [FML]:   Registry: 17 minecraft:block.cloth.hit net.minecraft.util.SoundEvent@58b67519
[21:58:19] [Server thread/TRACE] [FML]:   Registry: 18 minecraft:block.cloth.place net.minecraft.util.SoundEvent@281ce6bb
[21:58:19] [Server thread/TRACE] [FML]:   Registry: 19 minecraft:block.cloth.step net.minecraft.util.SoundEvent@30d25c03
[21:58:19] [Server thread/TRACE] [FML]:   Registry: 20 minecraft:block.comparator.click net.minecraft.util.SoundEvent@7a1f8def
[21:58:19] [Server thread/TRACE] [FML]:   Registry: 21 minecraft:block.dispenser.dispense net.minecraft.util.SoundEvent@116a2108
[21:58:19] [Server thread/TRACE] [FML]:   Registry: 22 minecraft:block.dispenser.fail net.minecraft.util.SoundEvent@5e8c34a0
[21:58:19] [Server thread/TRACE] [FML]:   Registry: 23 minecraft:block.dispenser.launch net.minecraft.util.SoundEvent@7c1c5936
[21:58:19] [Server thread/TRACE] [FML]:   Registry: 24 minecraft:block.enchantment_table.use net.minecraft.util.SoundEvent@7aead3af
[21:58:19] [Server thread/TRACE] [FML]:   Registry: 25 minecraft:block.end_gateway.spawn net.minecraft.util.SoundEvent@3ac8cf9b
[21:58:19] [Server thread/TRACE] [FML]:   Registry: 26 minecraft:block.end_portal.spawn net.minecraft.util.SoundEvent@55ec556
[21:58:19] [Server thread/TRACE] [FML]:   Registry: 27 minecraft:block.end_portal_frame.fill net.minecraft.util.SoundEvent@1b15f922
[21:58:19] [Server thread/TRACE] [FML]:   Registry: 28 minecraft:block.enderchest.close net.minecraft.util.SoundEvent@37ce3644
[21:58:19] [Server thread/TRACE] [FML]:   Registry: 29 minecraft:block.enderchest.open net.minecraft.util.SoundEvent@4b869331
[21:58:19] [Server thread/TRACE] [FML]:   Registry: 30 minecraft:block.fence_gate.close net.minecraft.util.SoundEvent@38018b62
[21:58:19] [Server thread/TRACE] [FML]:   Registry: 31 minecraft:block.fence_gate.open net.minecraft.util.SoundEvent@ce9b9a9
[21:58:19] [Server thread/TRACE] [FML]:   Registry: 32 minecraft:block.fire.ambient net.minecraft.util.SoundEvent@4ad3d266
[21:58:19] [Server thread/TRACE] [FML]:   Registry: 33 minecraft:block.fire.extinguish net.minecraft.util.SoundEvent@3533df16
[21:58:19] [Server thread/TRACE] [FML]:   Registry: 34 minecraft:block.furnace.fire_crackle net.minecraft.util.SoundEvent@15d0849
[21:58:19] [Server thread/TRACE] [FML]:   Registry: 35 minecraft:block.glass.break net.minecraft.util.SoundEvent@4038cd3a
[21:58:19] [Server thread/TRACE] [FML]:   Registry: 36 minecraft:block.glass.fall net.minecraft.util.SoundEvent@14ac77b9
[21:58:19] [Server thread/TRACE] [FML]:   Registry: 37 minecraft:block.glass.hit net.minecraft.util.SoundEvent@3f4cd155
[21:58:19] [Server thread/TRACE] [FML]:   Registry: 38 minecraft:block.glass.place net.minecraft.util.SoundEvent@563a89b5
[21:58:19] [Server thread/TRACE] [FML]:   Registry: 39 minecraft:block.glass.step net.minecraft.util.SoundEvent@506dcf55
[21:58:19] [Server thread/TRACE] [FML]:   Registry: 40 minecraft:block.grass.break net.minecraft.util.SoundEvent@270b6b5e
[21:58:19] [Server thread/TRACE] [FML]:   Registry: 41 minecraft:block.grass.fall net.minecraft.util.SoundEvent@7e94d093
[21:58:19] [Server thread/TRACE] [FML]:   Registry: 42 minecraft:block.grass.hit net.minecraft.util.SoundEvent@7c6189d5
[21:58:19] [Server thread/TRACE] [FML]:   Registry: 43 minecraft:block.grass.place net.minecraft.util.SoundEvent@4248e66b
[21:58:19] [Server thread/TRACE] [FML]:   Registry: 44 minecraft:block.grass.step net.minecraft.util.SoundEvent@3e6534e7
[21:58:19] [Server thread/TRACE] [FML]:   Registry: 45 minecraft:block.gravel.break net.minecraft.util.SoundEvent@66ad7bf0
[21:58:19] [Server thread/TRACE] [FML]:   Registry: 46 minecraft:block.gravel.fall net.minecraft.util.SoundEvent@167279d1
[21:58:19] [Server thread/TRACE] [FML]:   Registry: 47 minecraft:block.gravel.hit net.minecraft.util.SoundEvent@138caeca
[21:58:19] [Server thread/TRACE] [FML]:   Registry: 48 minecraft:block.gravel.place net.minecraft.util.SoundEvent@4d96250
[21:58:19] [Server thread/TRACE] [FML]:   Registry: 49 minecraft:block.gravel.step net.minecraft.util.SoundEvent@9a6fbc0
[21:58:19] [Server thread/TRACE] [FML]:   Registry: 50 minecraft:block.iron_door.close net.minecraft.util.SoundEvent@c1fa7d4
[21:58:19] [Server thread/TRACE] [FML]:   Registry: 51 minecraft:block.iron_door.open net.minecraft.util.SoundEvent@7a93b263
[21:58:19] [Server thread/TRACE] [FML]:   Registry: 52 minecraft:block.iron_trapdoor.close net.minecraft.util.SoundEvent@35178483
[21:58:19] [Server thread/TRACE] [FML]:   Registry: 53 minecraft:block.iron_trapdoor.open net.minecraft.util.SoundEvent@bd1111a
[21:58:19] [Server thread/TRACE] [FML]:   Registry: 54 minecraft:block.ladder.break net.minecraft.util.SoundEvent@7a8136b3
[21:58:19] [Server thread/TRACE] [FML]:   Registry: 55 minecraft:block.ladder.fall net.minecraft.util.SoundEvent@1de6932a
[21:58:19] [Server thread/TRACE] [FML]:   Registry: 56 minecraft:block.ladder.hit net.minecraft.util.SoundEvent@14dc3f89
[21:58:19] [Server thread/TRACE] [FML]:   Registry: 57 minecraft:block.ladder.place net.minecraft.util.SoundEvent@1706a5c9
[21:58:19] [Server thread/TRACE] [FML]:   Registry: 58 minecraft:block.ladder.step net.minecraft.util.SoundEvent@64412d34
[21:58:19] [Server thread/TRACE] [FML]:   Registry: 59 minecraft:block.lava.ambient net.minecraft.util.SoundEvent@4d178d55
[21:58:19] [Server thread/TRACE] [FML]:   Registry: 60 minecraft:block.lava.extinguish net.minecraft.util.SoundEvent@38c2c309
[21:58:19] [Server thread/TRACE] [FML]:   Registry: 61 minecraft:block.lava.pop net.minecraft.util.SoundEvent@1a480135
[21:58:19] [Server thread/TRACE] [FML]:   Registry: 62 minecraft:block.lever.click net.minecraft.util.SoundEvent@778db7c5
[21:58:19] [Server thread/TRACE] [FML]:   Registry: 63 minecraft:block.metal.break net.minecraft.util.SoundEvent@681e144
[21:58:19] [Server thread/TRACE] [FML]:   Registry: 64 minecraft:block.metal.fall net.minecraft.util.SoundEvent@2875b016
[21:58:19] [Server thread/TRACE] [FML]:   Registry: 65 minecraft:block.metal.hit net.minecraft.util.SoundEvent@72ee5d84
[21:58:19] [Server thread/TRACE] [FML]:   Registry: 66 minecraft:block.metal.place net.minecraft.util.SoundEvent@68c7ef83
[21:58:19] [Server thread/TRACE] [FML]:   Registry: 67 minecraft:block.metal.step net.minecraft.util.SoundEvent@6145b81e
[21:58:19] [Server thread/TRACE] [FML]:   Registry: 68 minecraft:block.metal_pressureplate.click_off net.minecraft.util.SoundEvent@64355120
[21:58:19] [Server thread/TRACE] [FML]:   Registry: 69 minecraft:block.metal_pressureplate.click_on net.minecraft.util.SoundEvent@64b7225f
[21:58:19] [Server thread/TRACE] [FML]:   Registry: 70 minecraft:block.note.basedrum net.minecraft.util.SoundEvent@33db72bd
[21:58:19] [Server thread/TRACE] [FML]:   Registry: 71 minecraft:block.note.bass net.minecraft.util.SoundEvent@7f92b990
[21:58:19] [Server thread/TRACE] [FML]:   Registry: 72 minecraft:block.note.bell net.minecraft.util.SoundEvent@31e04b13
[21:58:19] [Server thread/TRACE] [FML]:   Registry: 73 minecraft:block.note.chime net.minecraft.util.SoundEvent@6c1832aa
[21:58:19] [Server thread/TRACE] [FML]:   Registry: 74 minecraft:block.note.flute net.minecraft.util.SoundEvent@4beeb0e
[21:58:19] [Server thread/TRACE] [FML]:   Registry: 75 minecraft:block.note.guitar net.minecraft.util.SoundEvent@6e8a9c30
[21:58:19] [Server thread/TRACE] [FML]:   Registry: 76 minecraft:block.note.harp net.minecraft.util.SoundEvent@5d01ea21
[21:58:19] [Server thread/TRACE] [FML]:   Registry: 77 minecraft:block.note.hat net.minecraft.util.SoundEvent@70211e49
[21:58:19] [Server thread/TRACE] [FML]:   Registry: 78 minecraft:block.note.pling net.minecraft.util.SoundEvent@3b46dd8
[21:58:19] [Server thread/TRACE] [FML]:   Registry: 79 minecraft:block.note.snare net.minecraft.util.SoundEvent@39651a82
[21:58:19] [Server thread/TRACE] [FML]:   Registry: 80 minecraft:block.note.xylophone net.minecraft.util.SoundEvent@6be7bf6d
[21:58:19] [Server thread/TRACE] [FML]:   Registry: 81 minecraft:block.piston.contract net.minecraft.util.SoundEvent@134c370e
[21:58:19] [Server thread/TRACE] [FML]:   Registry: 82 minecraft:block.piston.extend net.minecraft.util.SoundEvent@33364212
[21:58:19] [Server thread/TRACE] [FML]:   Registry: 83 minecraft:block.portal.ambient net.minecraft.util.SoundEvent@2216effc
[21:58:19] [Server thread/TRACE] [FML]:   Registry: 84 minecraft:block.portal.travel net.minecraft.util.SoundEvent@745c2004
[21:58:19] [Server thread/TRACE] [FML]:   Registry: 85 minecraft:block.portal.trigger net.minecraft.util.SoundEvent@6da9dc6
[21:58:19] [Server thread/TRACE] [FML]:   Registry: 86 minecraft:block.redstone_torch.burnout net.minecraft.util.SoundEvent@7fd69dd
[21:58:19] [Server thread/TRACE] [FML]:   Registry: 87 minecraft:block.sand.break net.minecraft.util.SoundEvent@12010fd1
[21:58:19] [Server thread/TRACE] [FML]:   Registry: 88 minecraft:block.sand.fall net.minecraft.util.SoundEvent@7c84195
[21:58:19] [Server thread/TRACE] [FML]:   Registry: 89 minecraft:block.sand.hit net.minecraft.util.SoundEvent@552ed807
[21:58:19] [Server thread/TRACE] [FML]:   Registry: 90 minecraft:block.sand.place net.minecraft.util.SoundEvent@3971f0fe
[21:58:19] [Server thread/TRACE] [FML]:   Registry: 91 minecraft:block.sand.step net.minecraft.util.SoundEvent@23940f86
[21:58:19] [Server thread/TRACE] [FML]:   Registry: 92 minecraft:block.shulker_box.close net.minecraft.util.SoundEvent@66153688
[21:58:19] [Server thread/TRACE] [FML]:   Registry: 93 minecraft:block.shulker_box.open net.minecraft.util.SoundEvent@455824ad
[21:58:19] [Server thread/TRACE] [FML]:   Registry: 94 minecraft:block.slime.break net.minecraft.util.SoundEvent@7318daf8
[21:58:19] [Server thread/TRACE] [FML]:   Registry: 95 minecraft:block.slime.fall net.minecraft.util.SoundEvent@70f31322
[21:58:19] [Server thread/TRACE] [FML]:   Registry: 96 minecraft:block.slime.hit net.minecraft.util.SoundEvent@3f1ddac2
[21:58:19] [Server thread/TRACE] [FML]:   Registry: 97 minecraft:block.slime.place net.minecraft.util.SoundEvent@3be4fcc0
[21:58:19] [Server thread/TRACE] [FML]:   Registry: 98 minecraft:block.slime.step net.minecraft.util.SoundEvent@e1e2e5e
[21:58:19] [Server thread/TRACE] [FML]:   Registry: 99 minecraft:block.snow.break net.minecraft.util.SoundEvent@661c46bc
[21:58:19] [Server thread/TRACE] [FML]:   Registry: 100 minecraft:block.snow.fall net.minecraft.util.SoundEvent@37864b77
[21:58:19] [Server thread/TRACE] [FML]:   Registry: 101 minecraft:block.snow.hit net.minecraft.util.SoundEvent@2b98b3bb
[21:58:19] [Server thread/TRACE] [FML]:   Registry: 102 minecraft:block.snow.place net.minecraft.util.SoundEvent@540b0448
[21:58:19] [Server thread/TRACE] [FML]:   Registry: 103 minecraft:block.snow.step net.minecraft.util.SoundEvent@50a691d3
[21:58:19] [Server thread/TRACE] [FML]:   Registry: 104 minecraft:block.stone.break net.minecraft.util.SoundEvent@557eb543
[21:58:19] [Server thread/TRACE] [FML]:   Registry: 105 minecraft:block.stone.fall net.minecraft.util.SoundEvent@3b95d13c
[21:58:19] [Server thread/TRACE] [FML]:   Registry: 106 minecraft:block.stone.hit net.minecraft.util.SoundEvent@3730ab42
[21:58:19] [Server thread/TRACE] [FML]:   Registry: 107 minecraft:block.stone.place net.minecraft.util.SoundEvent@537c8c7e
[21:58:19] [Server thread/TRACE] [FML]:   Registry: 108 minecraft:block.stone.step net.minecraft.util.SoundEvent@7308ffff
[21:58:19] [Server thread/TRACE] [FML]:   Registry: 109 minecraft:block.stone_button.click_off net.minecraft.util.SoundEvent@6601cc93
[21:58:19] [Server thread/TRACE] [FML]:   Registry: 110 minecraft:block.stone_button.click_on net.minecraft.util.SoundEvent@54d901aa
[21:58:19] [Server thread/TRACE] [FML]:   Registry: 111 minecraft:block.stone_pressureplate.click_off net.minecraft.util.SoundEvent@63716833
[21:58:19] [Server thread/TRACE] [FML]:   Registry: 112 minecraft:block.stone_pressureplate.click_on net.minecraft.util.SoundEvent@573284a5
[21:58:19] [Server thread/TRACE] [FML]:   Registry: 113 minecraft:block.tripwire.attach net.minecraft.util.SoundEvent@3fbfbf84
[21:58:19] [Server thread/TRACE] [FML]:   Registry: 114 minecraft:block.tripwire.click_off net.minecraft.util.SoundEvent@23f72d88
[21:58:19] [Server thread/TRACE] [FML]:   Registry: 115 minecraft:block.tripwire.click_on net.minecraft.util.SoundEvent@4bafe935
[21:58:19] [Server thread/TRACE] [FML]:   Registry: 116 minecraft:block.tripwire.detach net.minecraft.util.SoundEvent@87b5b49
[21:58:19] [Server thread/TRACE] [FML]:   Registry: 117 minecraft:block.water.ambient net.minecraft.util.SoundEvent@4a7a965d
[21:58:19] [Server thread/TRACE] [FML]:   Registry: 118 minecraft:block.waterlily.place net.minecraft.util.SoundEvent@507b79f7
[21:58:19] [Server thread/TRACE] [FML]:   Registry: 119 minecraft:block.wood.break net.minecraft.util.SoundEvent@64a9d48c
[21:58:19] [Server thread/TRACE] [FML]:   Registry: 120 minecraft:block.wood.fall net.minecraft.util.SoundEvent@365a6a43
[21:58:19] [Server thread/TRACE] [FML]:   Registry: 121 minecraft:block.wood.hit net.minecraft.util.SoundEvent@288cdaab
[21:58:19] [Server thread/TRACE] [FML]:   Registry: 122 minecraft:block.wood.place net.minecraft.util.SoundEvent@23b3aa8c
[21:58:19] [Server thread/TRACE] [FML]:   Registry: 123 minecraft:block.wood.step net.minecraft.util.SoundEvent@99407c2
[21:58:19] [Server thread/TRACE] [FML]:   Registry: 124 minecraft:block.wood_button.click_off net.minecraft.util.SoundEvent@6c796cc1
[21:58:19] [Server thread/TRACE] [FML]:   Registry: 125 minecraft:block.wood_button.click_on net.minecraft.util.SoundEvent@226eba67
[21:58:19] [Server thread/TRACE] [FML]:   Registry: 126 minecraft:block.wood_pressureplate.click_off net.minecraft.util.SoundEvent@1cb7936c
[21:58:19] [Server thread/TRACE] [FML]:   Registry: 127 minecraft:block.wood_pressureplate.click_on net.minecraft.util.SoundEvent@35342d2f
[21:58:19] [Server thread/TRACE] [FML]:   Registry: 128 minecraft:block.wooden_door.close net.minecraft.util.SoundEvent@128c502c
[21:58:19] [Server thread/TRACE] [FML]:   Registry: 129 minecraft:block.wooden_door.open net.minecraft.util.SoundEvent@45667d98
[21:58:19] [Server thread/TRACE] [FML]:   Registry: 130 minecraft:block.wooden_trapdoor.close net.minecraft.util.SoundEvent@65eabaab
[21:58:19] [Server thread/TRACE] [FML]:   Registry: 131 minecraft:block.wooden_trapdoor.open net.minecraft.util.SoundEvent@7123be6c
[21:58:19] [Server thread/TRACE] [FML]:   Registry: 132 minecraft:enchant.thorns.hit net.minecraft.util.SoundEvent@1de9d54
[21:58:19] [Server thread/TRACE] [FML]:   Registry: 133 minecraft:entity.armorstand.break net.minecraft.util.SoundEvent@77a2aa4a
[21:58:19] [Server thread/TRACE] [FML]:   Registry: 134 minecraft:entity.armorstand.fall net.minecraft.util.SoundEvent@47ad69f7
[21:58:19] [Server thread/TRACE] [FML]:   Registry: 135 minecraft:entity.armorstand.hit net.minecraft.util.SoundEvent@2b917fb0
[21:58:19] [Server thread/TRACE] [FML]:   Registry: 136 minecraft:entity.armorstand.place net.minecraft.util.SoundEvent@5e5073ab
[21:58:19] [Server thread/TRACE] [FML]:   Registry: 137 minecraft:entity.arrow.hit net.minecraft.util.SoundEvent@3c4262d1
[21:58:19] [Server thread/TRACE] [FML]:   Registry: 138 minecraft:entity.arrow.hit_player net.minecraft.util.SoundEvent@100c567f
[21:58:19] [Server thread/TRACE] [FML]:   Registry: 139 minecraft:entity.arrow.shoot net.minecraft.util.SoundEvent@30c0d731
[21:58:19] [Server thread/TRACE] [FML]:   Registry: 140 minecraft:entity.bat.ambient net.minecraft.util.SoundEvent@6d5037a9
[21:58:19] [Server thread/TRACE] [FML]:   Registry: 141 minecraft:entity.bat.death net.minecraft.util.SoundEvent@422b8438
[21:58:19] [Server thread/TRACE] [FML]:   Registry: 142 minecraft:entity.bat.hurt net.minecraft.util.SoundEvent@30669dac
[21:58:19] [Server thread/TRACE] [FML]:   Registry: 143 minecraft:entity.bat.loop net.minecraft.util.SoundEvent@629adce
[21:58:19] [Server thread/TRACE] [FML]:   Registry: 144 minecraft:entity.bat.takeoff net.minecraft.util.SoundEvent@6a282fdd
[21:58:19] [Server thread/TRACE] [FML]:   Registry: 145 minecraft:entity.blaze.ambient net.minecraft.util.SoundEvent@743c6ce4
[21:58:19] [Server thread/TRACE] [FML]:   Registry: 146 minecraft:entity.blaze.burn net.minecraft.util.SoundEvent@70331432
[21:58:19] [Server thread/TRACE] [FML]:   Registry: 147 minecraft:entity.blaze.death net.minecraft.util.SoundEvent@3bbf9027
[21:58:19] [Server thread/TRACE] [FML]:   Registry: 148 minecraft:entity.blaze.hurt net.minecraft.util.SoundEvent@10c2064a
[21:58:19] [Server thread/TRACE] [FML]:   Registry: 149 minecraft:entity.blaze.shoot net.minecraft.util.SoundEvent@70e13fa
[21:58:19] [Server thread/TRACE] [FML]:   Registry: 150 minecraft:entity.boat.paddle_land net.minecraft.util.SoundEvent@6ff415ad
[21:58:19] [Server thread/TRACE] [FML]:   Registry: 151 minecraft:entity.boat.paddle_water net.minecraft.util.SoundEvent@280d9edc
[21:58:19] [Server thread/TRACE] [FML]:   Registry: 152 minecraft:entity.bobber.retrieve net.minecraft.util.SoundEvent@28fd3dc1
[21:58:19] [Server thread/TRACE] [FML]:   Registry: 153 minecraft:entity.bobber.splash net.minecraft.util.SoundEvent@5f9b6ae7
[21:58:19] [Server thread/TRACE] [FML]:   Registry: 154 minecraft:entity.bobber.throw net.minecraft.util.SoundEvent@108d55c4
[21:58:19] [Server thread/TRACE] [FML]:   Registry: 155 minecraft:entity.cat.ambient net.minecraft.util.SoundEvent@5432c277
[21:58:19] [Server thread/TRACE] [FML]:   Registry: 156 minecraft:entity.cat.death net.minecraft.util.SoundEvent@15e0fe05
[21:58:19] [Server thread/TRACE] [FML]:   Registry: 157 minecraft:entity.cat.hiss net.minecraft.util.SoundEvent@1128620c
[21:58:19] [Server thread/TRACE] [FML]:   Registry: 158 minecraft:entity.cat.hurt net.minecraft.util.SoundEvent@6bf13698
[21:58:19] [Server thread/TRACE] [FML]:   Registry: 159 minecraft:entity.cat.purr net.minecraft.util.SoundEvent@299270eb
[21:58:19] [Server thread/TRACE] [FML]:   Registry: 160 minecraft:entity.cat.purreow net.minecraft.util.SoundEvent@3b90a30a
[21:58:19] [Server thread/TRACE] [FML]:   Registry: 161 minecraft:entity.chicken.ambient net.minecraft.util.SoundEvent@69fa8e76
[21:58:19] [Server thread/TRACE] [FML]:   Registry: 162 minecraft:entity.chicken.death net.minecraft.util.SoundEvent@bdd2027
[21:58:19] [Server thread/TRACE] [FML]:   Registry: 163 minecraft:entity.chicken.egg net.minecraft.util.SoundEvent@31f20c9f
[21:58:19] [Server thread/TRACE] [FML]:   Registry: 164 minecraft:entity.chicken.hurt net.minecraft.util.SoundEvent@f446158
[21:58:19] [Server thread/TRACE] [FML]:   Registry: 165 minecraft:entity.chicken.step net.minecraft.util.SoundEvent@32f0c7f8
[21:58:19] [Server thread/TRACE] [FML]:   Registry: 166 minecraft:entity.cow.ambient net.minecraft.util.SoundEvent@504e1599
[21:58:19] [Server thread/TRACE] [FML]:   Registry: 167 minecraft:entity.cow.death net.minecraft.util.SoundEvent@71f96dfb
[21:58:19] [Server thread/TRACE] [FML]:   Registry: 168 minecraft:entity.cow.hurt net.minecraft.util.SoundEvent@5d1b9c3d
[21:58:19] [Server thread/TRACE] [FML]:   Registry: 169 minecraft:entity.cow.milk net.minecraft.util.SoundEvent@69e05f61
[21:58:19] [Server thread/TRACE] [FML]:   Registry: 170 minecraft:entity.cow.step net.minecraft.util.SoundEvent@49a26d19
[21:58:19] [Server thread/TRACE] [FML]:   Registry: 171 minecraft:entity.creeper.death net.minecraft.util.SoundEvent@730e5763
[21:58:19] [Server thread/TRACE] [FML]:   Registry: 172 minecraft:entity.creeper.hurt net.minecraft.util.SoundEvent@7275c74b
[21:58:19] [Server thread/TRACE] [FML]:   Registry: 173 minecraft:entity.creeper.primed net.minecraft.util.SoundEvent@19058533
[21:58:19] [Server thread/TRACE] [FML]:   Registry: 174 minecraft:entity.donkey.ambient net.minecraft.util.SoundEvent@4315e9af
[21:58:19] [Server thread/TRACE] [FML]:   Registry: 175 minecraft:entity.donkey.angry net.minecraft.util.SoundEvent@42210be1
[21:58:19] [Server thread/TRACE] [FML]:   Registry: 176 minecraft:entity.donkey.chest net.minecraft.util.SoundEvent@1eb2d371
[21:58:19] [Server thread/TRACE] [FML]:   Registry: 177 minecraft:entity.donkey.death net.minecraft.util.SoundEvent@2babf189
[21:58:19] [Server thread/TRACE] [FML]:   Registry: 178 minecraft:entity.donkey.hurt net.minecraft.util.SoundEvent@479f2dc2
[21:58:19] [Server thread/TRACE] [FML]:   Registry: 179 minecraft:entity.egg.throw net.minecraft.util.SoundEvent@dab48d3
[21:58:19] [Server thread/TRACE] [FML]:   Registry: 180 minecraft:entity.elder_guardian.ambient net.minecraft.util.SoundEvent@58a2b4c
[21:58:19] [Server thread/TRACE] [FML]:   Registry: 181 minecraft:entity.elder_guardian.ambient_land net.minecraft.util.SoundEvent@7159a5cd
[21:58:19] [Server thread/TRACE] [FML]:   Registry: 182 minecraft:entity.elder_guardian.curse net.minecraft.util.SoundEvent@4f966719
[21:58:19] [Server thread/TRACE] [FML]:   Registry: 183 minecraft:entity.elder_guardian.death net.minecraft.util.SoundEvent@18ac53e8
[21:58:19] [Server thread/TRACE] [FML]:   Registry: 184 minecraft:entity.elder_guardian.death_land net.minecraft.util.SoundEvent@4ca8dbfa
[21:58:19] [Server thread/TRACE] [FML]:   Registry: 185 minecraft:entity.elder_guardian.flop net.minecraft.util.SoundEvent@7063686f
[21:58:19] [Server thread/TRACE] [FML]:   Registry: 186 minecraft:entity.elder_guardian.hurt net.minecraft.util.SoundEvent@c3177d5
[21:58:19] [Server thread/TRACE] [FML]:   Registry: 187 minecraft:entity.elder_guardian.hurt_land net.minecraft.util.SoundEvent@76f856a8
[21:58:19] [Server thread/TRACE] [FML]:   Registry: 188 minecraft:entity.enderdragon.ambient net.minecraft.util.SoundEvent@7c853486
[21:58:19] [Server thread/TRACE] [FML]:   Registry: 189 minecraft:entity.enderdragon.death net.minecraft.util.SoundEvent@174e1b69
[21:58:19] [Server thread/TRACE] [FML]:   Registry: 190 minecraft:entity.enderdragon.flap net.minecraft.util.SoundEvent@1046498a
[21:58:19] [Server thread/TRACE] [FML]:   Registry: 191 minecraft:entity.enderdragon.growl net.minecraft.util.SoundEvent@243f003c
[21:58:19] [Server thread/TRACE] [FML]:   Registry: 192 minecraft:entity.enderdragon.hurt net.minecraft.util.SoundEvent@71cb3139
[21:58:19] [Server thread/TRACE] [FML]:   Registry: 193 minecraft:entity.enderdragon.shoot net.minecraft.util.SoundEvent@1639f93a
[21:58:19] [Server thread/TRACE] [FML]:   Registry: 194 minecraft:entity.enderdragon_fireball.explode net.minecraft.util.SoundEvent@3491e86e
[21:58:19] [Server thread/TRACE] [FML]:   Registry: 195 minecraft:entity.endereye.death net.minecraft.util.SoundEvent@68f32020
[21:58:19] [Server thread/TRACE] [FML]:   Registry: 196 minecraft:entity.endereye.launch net.minecraft.util.SoundEvent@409986fe
[21:58:19] [Server thread/TRACE] [FML]:   Registry: 197 minecraft:entity.endermen.ambient net.minecraft.util.SoundEvent@19b047fe
[21:58:19] [Server thread/TRACE] [FML]:   Registry: 198 minecraft:entity.endermen.death net.minecraft.util.SoundEvent@22590e3e
[21:58:19] [Server thread/TRACE] [FML]:   Registry: 199 minecraft:entity.endermen.hurt net.minecraft.util.SoundEvent@53dad875
[21:58:19] [Server thread/TRACE] [FML]:   Registry: 200 minecraft:entity.endermen.scream net.minecraft.util.SoundEvent@5f780a86
[21:58:19] [Server thread/TRACE] [FML]:   Registry: 201 minecraft:entity.endermen.stare net.minecraft.util.SoundEvent@446c3920
[21:58:19] [Server thread/TRACE] [FML]:   Registry: 202 minecraft:entity.endermen.teleport net.minecraft.util.SoundEvent@2eaef76d
[21:58:19] [Server thread/TRACE] [FML]:   Registry: 203 minecraft:entity.endermite.ambient net.minecraft.util.SoundEvent@2b329bbd
[21:58:19] [Server thread/TRACE] [FML]:   Registry: 204 minecraft:entity.endermite.death net.minecraft.util.SoundEvent@34819867
[21:58:19] [Server thread/TRACE] [FML]:   Registry: 205 minecraft:entity.endermite.hurt net.minecraft.util.SoundEvent@118102ee
[21:58:19] [Server thread/TRACE] [FML]:   Registry: 206 minecraft:entity.endermite.step net.minecraft.util.SoundEvent@48cd9a2c
[21:58:19] [Server thread/TRACE] [FML]:   Registry: 207 minecraft:entity.enderpearl.throw net.minecraft.util.SoundEvent@771d1ffb
[21:58:19] [Server thread/TRACE] [FML]:   Registry: 208 minecraft:entity.evocation_fangs.attack net.minecraft.util.SoundEvent@4f67e3df
[21:58:19] [Server thread/TRACE] [FML]:   Registry: 209 minecraft:entity.evocation_illager.ambient net.minecraft.util.SoundEvent@56681eaf
[21:58:19] [Server thread/TRACE] [FML]:   Registry: 210 minecraft:entity.evocation_illager.cast_spell net.minecraft.util.SoundEvent@72d0f2b4
[21:58:19] [Server thread/TRACE] [FML]:   Registry: 211 minecraft:entity.evocation_illager.death net.minecraft.util.SoundEvent@6d2dc9d2
[21:58:19] [Server thread/TRACE] [FML]:   Registry: 212 minecraft:entity.evocation_illager.hurt net.minecraft.util.SoundEvent@1da4b6b3
[21:58:19] [Server thread/TRACE] [FML]:   Registry: 213 minecraft:entity.evocation_illager.prepare_attack net.minecraft.util.SoundEvent@b2f4ece
[21:58:19] [Server thread/TRACE] [FML]:   Registry: 214 minecraft:entity.evocation_illager.prepare_summon net.minecraft.util.SoundEvent@7e1f584d
[21:58:19] [Server thread/TRACE] [FML]:   Registry: 215 minecraft:entity.evocation_illager.prepare_wololo net.minecraft.util.SoundEvent@7dff6d05
[21:58:19] [Server thread/TRACE] [FML]:   Registry: 216 minecraft:entity.experience_bottle.throw net.minecraft.util.SoundEvent@45d64d27
[21:58:19] [Server thread/TRACE] [FML]:   Registry: 217 minecraft:entity.experience_orb.pickup net.minecraft.util.SoundEvent@34fe326d
[21:58:19] [Server thread/TRACE] [FML]:   Registry: 218 minecraft:entity.firework.blast net.minecraft.util.SoundEvent@30a7c98f
[21:58:19] [Server thread/TRACE] [FML]:   Registry: 219 minecraft:entity.firework.blast_far net.minecraft.util.SoundEvent@36361ddb
[21:58:19] [Server thread/TRACE] [FML]:   Registry: 220 minecraft:entity.firework.large_blast net.minecraft.util.SoundEvent@41fed14f
[21:58:19] [Server thread/TRACE] [FML]:   Registry: 221 minecraft:entity.firework.large_blast_far net.minecraft.util.SoundEvent@4d6ee47
[21:58:19] [Server thread/TRACE] [FML]:   Registry: 222 minecraft:entity.firework.launch net.minecraft.util.SoundEvent@a33b4e3
[21:58:19] [Server thread/TRACE] [FML]:   Registry: 223 minecraft:entity.firework.shoot net.minecraft.util.SoundEvent@c6da8bb
[21:58:19] [Server thread/TRACE] [FML]:   Registry: 224 minecraft:entity.firework.twinkle net.minecraft.util.SoundEvent@3bae64d0
[21:58:19] [Server thread/TRACE] [FML]:   Registry: 225 minecraft:entity.firework.twinkle_far net.minecraft.util.SoundEvent@8b91134
[21:58:19] [Server thread/TRACE] [FML]:   Registry: 226 minecraft:entity.generic.big_fall net.minecraft.util.SoundEvent@1fba386c
[21:58:19] [Server thread/TRACE] [FML]:   Registry: 227 minecraft:entity.generic.burn net.minecraft.util.SoundEvent@7e736350
[21:58:19] [Server thread/TRACE] [FML]:   Registry: 228 minecraft:entity.generic.death net.minecraft.util.SoundEvent@36b310aa
[21:58:19] [Server thread/TRACE] [FML]:   Registry: 229 minecraft:entity.generic.drink net.minecraft.util.SoundEvent@76c387f9
[21:58:19] [Server thread/TRACE] [FML]:   Registry: 230 minecraft:entity.generic.eat net.minecraft.util.SoundEvent@3874b815
[21:58:19] [Server thread/TRACE] [FML]:   Registry: 231 minecraft:entity.generic.explode net.minecraft.util.SoundEvent@5d7835a8
[21:58:19] [Server thread/TRACE] [FML]:   Registry: 232 minecraft:entity.generic.extinguish_fire net.minecraft.util.SoundEvent@736048ed
[21:58:19] [Server thread/TRACE] [FML]:   Registry: 233 minecraft:entity.generic.hurt net.minecraft.util.SoundEvent@1976f537
[21:58:19] [Server thread/TRACE] [FML]:   Registry: 234 minecraft:entity.generic.small_fall net.minecraft.util.SoundEvent@45f421c
[21:58:19] [Server thread/TRACE] [FML]:   Registry: 235 minecraft:entity.generic.splash net.minecraft.util.SoundEvent@1816e24a
[21:58:19] [Server thread/TRACE] [FML]:   Registry: 236 minecraft:entity.generic.swim net.minecraft.util.SoundEvent@6940f685
[21:58:19] [Server thread/TRACE] [FML]:   Registry: 237 minecraft:entity.ghast.ambient net.minecraft.util.SoundEvent@47b179d7
[21:58:19] [Server thread/TRACE] [FML]:   Registry: 238 minecraft:entity.ghast.death net.minecraft.util.SoundEvent@39008c9f
[21:58:19] [Server thread/TRACE] [FML]:   Registry: 239 minecraft:entity.ghast.hurt net.minecraft.util.SoundEvent@162b3d47
[21:58:19] [Server thread/TRACE] [FML]:   Registry: 240 minecraft:entity.ghast.scream net.minecraft.util.SoundEvent@783115d9
[21:58:19] [Server thread/TRACE] [FML]:   Registry: 241 minecraft:entity.ghast.shoot net.minecraft.util.SoundEvent@3402b4c9
[21:58:19] [Server thread/TRACE] [FML]:   Registry: 242 minecraft:entity.ghast.warn net.minecraft.util.SoundEvent@95bb2a2
[21:58:19] [Server thread/TRACE] [FML]:   Registry: 243 minecraft:entity.guardian.ambient net.minecraft.util.SoundEvent@46d567cb
[21:58:19] [Server thread/TRACE] [FML]:   Registry: 244 minecraft:entity.guardian.ambient_land net.minecraft.util.SoundEvent@363a3d15
[21:58:19] [Server thread/TRACE] [FML]:   Registry: 245 minecraft:entity.guardian.attack net.minecraft.util.SoundEvent@173f73e7
[21:58:19] [Server thread/TRACE] [FML]:   Registry: 246 minecraft:entity.guardian.death net.minecraft.util.SoundEvent@43a51d00
[21:58:19] [Server thread/TRACE] [FML]:   Registry: 247 minecraft:entity.guardian.death_land net.minecraft.util.SoundEvent@2e23c180
[21:58:19] [Server thread/TRACE] [FML]:   Registry: 248 minecraft:entity.guardian.flop net.minecraft.util.SoundEvent@499683c4
[21:58:19] [Server thread/TRACE] [FML]:   Registry: 249 minecraft:entity.guardian.hurt net.minecraft.util.SoundEvent@25da615a
[21:58:19] [Server thread/TRACE] [FML]:   Registry: 250 minecraft:entity.guardian.hurt_land net.minecraft.util.SoundEvent@4efc25fc
[21:58:19] [Server thread/TRACE] [FML]:   Registry: 251 minecraft:entity.horse.ambient net.minecraft.util.SoundEvent@7ee3d262
[21:58:19] [Server thread/TRACE] [FML]:   Registry: 252 minecraft:entity.horse.angry net.minecraft.util.SoundEvent@396e6d9
[21:58:19] [Server thread/TRACE] [FML]:   Registry: 253 minecraft:entity.horse.armor net.minecraft.util.SoundEvent@75308740
[21:58:19] [Server thread/TRACE] [FML]:   Registry: 254 minecraft:entity.horse.breathe net.minecraft.util.SoundEvent@5acc9fdf
[21:58:19] [Server thread/TRACE] [FML]:   Registry: 255 minecraft:entity.horse.death net.minecraft.util.SoundEvent@3a5c2626
[21:58:19] [Server thread/TRACE] [FML]:   Registry: 256 minecraft:entity.horse.eat net.minecraft.util.SoundEvent@e48bf9a
[21:58:19] [Server thread/TRACE] [FML]:   Registry: 257 minecraft:entity.horse.gallop net.minecraft.util.SoundEvent@7fb33394
[21:58:19] [Server thread/TRACE] [FML]:   Registry: 258 minecraft:entity.horse.hurt net.minecraft.util.SoundEvent@41bf79da
[21:58:19] [Server thread/TRACE] [FML]:   Registry: 259 minecraft:entity.horse.jump net.minecraft.util.SoundEvent@1a891add
[21:58:19] [Server thread/TRACE] [FML]:   Registry: 260 minecraft:entity.horse.land net.minecraft.util.SoundEvent@5176d279
[21:58:19] [Server thread/TRACE] [FML]:   Registry: 261 minecraft:entity.horse.saddle net.minecraft.util.SoundEvent@373f7450
[21:58:19] [Server thread/TRACE] [FML]:   Registry: 262 minecraft:entity.horse.step net.minecraft.util.SoundEvent@d74bac4
[21:58:19] [Server thread/TRACE] [FML]:   Registry: 263 minecraft:entity.horse.step_wood net.minecraft.util.SoundEvent@5ff90645
[21:58:19] [Server thread/TRACE] [FML]:   Registry: 264 minecraft:entity.hostile.big_fall net.minecraft.util.SoundEvent@387bf2d9
[21:58:19] [Server thread/TRACE] [FML]:   Registry: 265 minecraft:entity.hostile.death net.minecraft.util.SoundEvent@74aa9c72
[21:58:19] [Server thread/TRACE] [FML]:   Registry: 266 minecraft:entity.hostile.hurt net.minecraft.util.SoundEvent@5c20aab9
[21:58:19] [Server thread/TRACE] [FML]:   Registry: 267 minecraft:entity.hostile.small_fall net.minecraft.util.SoundEvent@4b7c4456
[21:58:19] [Server thread/TRACE] [FML]:   Registry: 268 minecraft:entity.hostile.splash net.minecraft.util.SoundEvent@2c768ada
[21:58:19] [Server thread/TRACE] [FML]:   Registry: 269 minecraft:entity.hostile.swim net.minecraft.util.SoundEvent@c1fca2a
[21:58:19] [Server thread/TRACE] [FML]:   Registry: 270 minecraft:entity.husk.ambient net.minecraft.util.SoundEvent@5533dc72
[21:58:19] [Server thread/TRACE] [FML]:   Registry: 271 minecraft:entity.husk.death net.minecraft.util.SoundEvent@7c447c76
[21:58:19] [Server thread/TRACE] [FML]:   Registry: 272 minecraft:entity.husk.hurt net.minecraft.util.SoundEvent@64fc097e
[21:58:19] [Server thread/TRACE] [FML]:   Registry: 273 minecraft:entity.husk.step net.minecraft.util.SoundEvent@1640c151
[21:58:19] [Server thread/TRACE] [FML]:   Registry: 274 minecraft:entity.illusion_illager.ambient net.minecraft.util.SoundEvent@5d5b5fa7
[21:58:19] [Server thread/TRACE] [FML]:   Registry: 275 minecraft:entity.illusion_illager.cast_spell net.minecraft.util.SoundEvent@2a32fb6
[21:58:19] [Server thread/TRACE] [FML]:   Registry: 276 minecraft:entity.illusion_illager.death net.minecraft.util.SoundEvent@6107165
[21:58:19] [Server thread/TRACE] [FML]:   Registry: 277 minecraft:entity.illusion_illager.hurt net.minecraft.util.SoundEvent@164a62bf
[21:58:19] [Server thread/TRACE] [FML]:   Registry: 278 minecraft:entity.illusion_illager.mirror_move net.minecraft.util.SoundEvent@11ebb1b6
[21:58:19] [Server thread/TRACE] [FML]:   Registry: 279 minecraft:entity.illusion_illager.prepare_blindness net.minecraft.util.SoundEvent@aaee2a2
[21:58:19] [Server thread/TRACE] [FML]:   Registry: 280 minecraft:entity.illusion_illager.prepare_mirror net.minecraft.util.SoundEvent@f3021cb
[21:58:19] [Server thread/TRACE] [FML]:   Registry: 281 minecraft:entity.irongolem.attack net.minecraft.util.SoundEvent@4aaae508
[21:58:19] [Server thread/TRACE] [FML]:   Registry: 282 minecraft:entity.irongolem.death net.minecraft.util.SoundEvent@6009bea
[21:58:19] [Server thread/TRACE] [FML]:   Registry: 283 minecraft:entity.irongolem.hurt net.minecraft.util.SoundEvent@7bc6d27a
[21:58:19] [Server thread/TRACE] [FML]:   Registry: 284 minecraft:entity.irongolem.step net.minecraft.util.SoundEvent@75769ab0
[21:58:19] [Server thread/TRACE] [FML]:   Registry: 285 minecraft:entity.item.break net.minecraft.util.SoundEvent@6869a3b3
[21:58:19] [Server thread/TRACE] [FML]:   Registry: 286 minecraft:entity.item.pickup net.minecraft.util.SoundEvent@6ab4ba9f
[21:58:19] [Server thread/TRACE] [FML]:   Registry: 287 minecraft:entity.itemframe.add_item net.minecraft.util.SoundEvent@27ace0b1
[21:58:19] [Server thread/TRACE] [FML]:   Registry: 288 minecraft:entity.itemframe.break net.minecraft.util.SoundEvent@664e5dee
[21:58:19] [Server thread/TRACE] [FML]:   Registry: 289 minecraft:entity.itemframe.place net.minecraft.util.SoundEvent@431f1eaf
[21:58:19] [Server thread/TRACE] [FML]:   Registry: 290 minecraft:entity.itemframe.remove_item net.minecraft.util.SoundEvent@cb03411
[21:58:19] [Server thread/TRACE] [FML]:   Registry: 291 minecraft:entity.itemframe.rotate_item net.minecraft.util.SoundEvent@4c59e45e
[21:58:19] [Server thread/TRACE] [FML]:   Registry: 292 minecraft:entity.leashknot.break net.minecraft.util.SoundEvent@58ec7116
[21:58:19] [Server thread/TRACE] [FML]:   Registry: 293 minecraft:entity.leashknot.place net.minecraft.util.SoundEvent@63bde6c2
[21:58:19] [Server thread/TRACE] [FML]:   Registry: 294 minecraft:entity.lightning.impact net.minecraft.util.SoundEvent@6ea04618
[21:58:19] [Server thread/TRACE] [FML]:   Registry: 295 minecraft:entity.lightning.thunder net.minecraft.util.SoundEvent@6dd82486
[21:58:19] [Server thread/TRACE] [FML]:   Registry: 296 minecraft:entity.lingeringpotion.throw net.minecraft.util.SoundEvent@56078cea
[21:58:19] [Server thread/TRACE] [FML]:   Registry: 297 minecraft:entity.llama.ambient net.minecraft.util.SoundEvent@5a00eb1e
[21:58:19] [Server thread/TRACE] [FML]:   Registry: 298 minecraft:entity.llama.angry net.minecraft.util.SoundEvent@36fcf6c0
[21:58:19] [Server thread/TRACE] [FML]:   Registry: 299 minecraft:entity.llama.chest net.minecraft.util.SoundEvent@1aac188d
[21:58:19] [Server thread/TRACE] [FML]:   Registry: 300 minecraft:entity.llama.death net.minecraft.util.SoundEvent@7026b7ee
[21:58:19] [Server thread/TRACE] [FML]:   Registry: 301 minecraft:entity.llama.eat net.minecraft.util.SoundEvent@2d23faef
[21:58:19] [Server thread/TRACE] [FML]:   Registry: 302 minecraft:entity.llama.hurt net.minecraft.util.SoundEvent@7cb8437d
[21:58:19] [Server thread/TRACE] [FML]:   Registry: 303 minecraft:entity.llama.spit net.minecraft.util.SoundEvent@62a4417
[21:58:19] [Server thread/TRACE] [FML]:   Registry: 304 minecraft:entity.llama.step net.minecraft.util.SoundEvent@43f61afb
[21:58:19] [Server thread/TRACE] [FML]:   Registry: 305 minecraft:entity.llama.swag net.minecraft.util.SoundEvent@713064e8
[21:58:19] [Server thread/TRACE] [FML]:   Registry: 306 minecraft:entity.magmacube.death net.minecraft.util.SoundEvent@4fad6218
[21:58:19] [Server thread/TRACE] [FML]:   Registry: 307 minecraft:entity.magmacube.hurt net.minecraft.util.SoundEvent@1bf39d06
[21:58:19] [Server thread/TRACE] [FML]:   Registry: 308 minecraft:entity.magmacube.jump net.minecraft.util.SoundEvent@68217d41
[21:58:19] [Server thread/TRACE] [FML]:   Registry: 309 minecraft:entity.magmacube.squish net.minecraft.util.SoundEvent@1ac45389
[21:58:19] [Server thread/TRACE] [FML]:   Registry: 310 minecraft:entity.minecart.inside net.minecraft.util.SoundEvent@3e5d4f6b
[21:58:19] [Server thread/TRACE] [FML]:   Registry: 311 minecraft:entity.minecart.riding net.minecraft.util.SoundEvent@39c1fe0b
[21:58:19] [Server thread/TRACE] [FML]:   Registry: 312 minecraft:entity.mooshroom.shear net.minecraft.util.SoundEvent@5ae95707
[21:58:19] [Server thread/TRACE] [FML]:   Registry: 313 minecraft:entity.mule.ambient net.minecraft.util.SoundEvent@62891fc8
[21:58:19] [Server thread/TRACE] [FML]:   Registry: 314 minecraft:entity.mule.chest net.minecraft.util.SoundEvent@367b22e5
[21:58:19] [Server thread/TRACE] [FML]:   Registry: 315 minecraft:entity.mule.death net.minecraft.util.SoundEvent@fca387
[21:58:19] [Server thread/TRACE] [FML]:   Registry: 316 minecraft:entity.mule.hurt net.minecraft.util.SoundEvent@10bd9df0
[21:58:19] [Server thread/TRACE] [FML]:   Registry: 317 minecraft:entity.painting.break net.minecraft.util.SoundEvent@3ae0b770
[21:58:19] [Server thread/TRACE] [FML]:   Registry: 318 minecraft:entity.painting.place net.minecraft.util.SoundEvent@55e3d6c3
[21:58:19] [Server thread/TRACE] [FML]:   Registry: 319 minecraft:entity.parrot.ambient net.minecraft.util.SoundEvent@30e6a763
[21:58:19] [Server thread/TRACE] [FML]:   Registry: 320 minecraft:entity.parrot.death net.minecraft.util.SoundEvent@4c48fe92
[21:58:19] [Server thread/TRACE] [FML]:   Registry: 321 minecraft:entity.parrot.eat net.minecraft.util.SoundEvent@732c9b5c
[21:58:19] [Server thread/TRACE] [FML]:   Registry: 322 minecraft:entity.parrot.fly net.minecraft.util.SoundEvent@38320e34
[21:58:19] [Server thread/TRACE] [FML]:   Registry: 323 minecraft:entity.parrot.hurt net.minecraft.util.SoundEvent@3d6a6bee
[21:58:19] [Server thread/TRACE] [FML]:   Registry: 324 minecraft:entity.parrot.imitate.blaze net.minecraft.util.SoundEvent@36ddaebf
[21:58:19] [Server thread/TRACE] [FML]:   Registry: 325 minecraft:entity.parrot.imitate.creeper net.minecraft.util.SoundEvent@213c3543
[21:58:19] [Server thread/TRACE] [FML]:   Registry: 326 minecraft:entity.parrot.imitate.elder_guardian net.minecraft.util.SoundEvent@9d7ccfe
[21:58:19] [Server thread/TRACE] [FML]:   Registry: 327 minecraft:entity.parrot.imitate.enderdragon net.minecraft.util.SoundEvent@670ce331
[21:58:19] [Server thread/TRACE] [FML]:   Registry: 328 minecraft:entity.parrot.imitate.enderman net.minecraft.util.SoundEvent@3cff0139
[21:58:19] [Server thread/TRACE] [FML]:   Registry: 329 minecraft:entity.parrot.imitate.endermite net.minecraft.util.SoundEvent@7c29adc8
[21:58:19] [Server thread/TRACE] [FML]:   Registry: 330 minecraft:entity.parrot.imitate.evocation_illager net.minecraft.util.SoundEvent@4b2e3e8f
[21:58:19] [Server thread/TRACE] [FML]:   Registry: 331 minecraft:entity.parrot.imitate.ghast net.minecraft.util.SoundEvent@4bbb49b0
[21:58:19] [Server thread/TRACE] [FML]:   Registry: 332 minecraft:entity.parrot.imitate.husk net.minecraft.util.SoundEvent@f096f37
[21:58:19] [Server thread/TRACE] [FML]:   Registry: 333 minecraft:entity.parrot.imitate.illusion_illager net.minecraft.util.SoundEvent@3effd4f3
[21:58:19] [Server thread/TRACE] [FML]:   Registry: 334 minecraft:entity.parrot.imitate.magmacube net.minecraft.util.SoundEvent@41f4fe5
[21:58:19] [Server thread/TRACE] [FML]:   Registry: 335 minecraft:entity.parrot.imitate.polar_bear net.minecraft.util.SoundEvent@15f8701f
[21:58:19] [Server thread/TRACE] [FML]:   Registry: 336 minecraft:entity.parrot.imitate.shulker net.minecraft.util.SoundEvent@514cd540
[21:58:19] [Server thread/TRACE] [FML]:   Registry: 337 minecraft:entity.parrot.imitate.silverfish net.minecraft.util.SoundEvent@11d4dbd6
[21:58:19] [Server thread/TRACE] [FML]:   Registry: 338 minecraft:entity.parrot.imitate.skeleton net.minecraft.util.SoundEvent@6f4ade6e
[21:58:19] [Server thread/TRACE] [FML]:   Registry: 339 minecraft:entity.parrot.imitate.slime net.minecraft.util.SoundEvent@39e43310
[21:58:19] [Server thread/TRACE] [FML]:   Registry: 340 minecraft:entity.parrot.imitate.spider net.minecraft.util.SoundEvent@eb507b9
[21:58:19] [Server thread/TRACE] [FML]:   Registry: 341 minecraft:entity.parrot.imitate.stray net.minecraft.util.SoundEvent@390877d2
[21:58:19] [Server thread/TRACE] [FML]:   Registry: 342 minecraft:entity.parrot.imitate.vex net.minecraft.util.SoundEvent@86733
[21:58:19] [Server thread/TRACE] [FML]:   Registry: 343 minecraft:entity.parrot.imitate.vindication_illager net.minecraft.util.SoundEvent@186cb891
[21:58:19] [Server thread/TRACE] [FML]:   Registry: 344 minecraft:entity.parrot.imitate.witch net.minecraft.util.SoundEvent@3ec2ecea
[21:58:19] [Server thread/TRACE] [FML]:   Registry: 345 minecraft:entity.parrot.imitate.wither net.minecraft.util.SoundEvent@440eaa07
[21:58:19] [Server thread/TRACE] [FML]:   Registry: 346 minecraft:entity.parrot.imitate.wither_skeleton net.minecraft.util.SoundEvent@7fc7c4a
[21:58:19] [Server thread/TRACE] [FML]:   Registry: 347 minecraft:entity.parrot.imitate.wolf net.minecraft.util.SoundEvent@7aa9e414
[21:58:19] [Server thread/TRACE] [FML]:   Registry: 348 minecraft:entity.parrot.imitate.zombie net.minecraft.util.SoundEvent@53a5e217
[21:58:19] [Server thread/TRACE] [FML]:   Registry: 349 minecraft:entity.parrot.imitate.zombie_pigman net.minecraft.util.SoundEvent@624a24f6
[21:58:19] [Server thread/TRACE] [FML]:   Registry: 350 minecraft:entity.parrot.imitate.zombie_villager net.minecraft.util.SoundEvent@6b00ad9
[21:58:19] [Server thread/TRACE] [FML]:   Registry: 351 minecraft:entity.parrot.step net.minecraft.util.SoundEvent@338cc75f
[21:58:19] [Server thread/TRACE] [FML]:   Registry: 352 minecraft:entity.pig.ambient net.minecraft.util.SoundEvent@4f453e63
[21:58:19] [Server thread/TRACE] [FML]:   Registry: 353 minecraft:entity.pig.death net.minecraft.util.SoundEvent@7c9bdee9
[21:58:19] [Server thread/TRACE] [FML]:   Registry: 354 minecraft:entity.pig.hurt net.minecraft.util.SoundEvent@7afbf561
[21:58:19] [Server thread/TRACE] [FML]:   Registry: 355 minecraft:entity.pig.saddle net.minecraft.util.SoundEvent@2f98635e
[21:58:19] [Server thread/TRACE] [FML]:   Registry: 356 minecraft:entity.pig.step net.minecraft.util.SoundEvent@49c8f6e8
[21:58:19] [Server thread/TRACE] [FML]:   Registry: 357 minecraft:entity.player.attack.crit net.minecraft.util.SoundEvent@6b0615ae
[21:58:19] [Server thread/TRACE] [FML]:   Registry: 358 minecraft:entity.player.attack.knockback net.minecraft.util.SoundEvent@4e73b552
[21:58:19] [Server thread/TRACE] [FML]:   Registry: 359 minecraft:entity.player.attack.nodamage net.minecraft.util.SoundEvent@221dad51
[21:58:19] [Server thread/TRACE] [FML]:   Registry: 360 minecraft:entity.player.attack.strong net.minecraft.util.SoundEvent@2cec704c
[21:58:19] [Server thread/TRACE] [FML]:   Registry: 361 minecraft:entity.player.attack.sweep net.minecraft.util.SoundEvent@771cbb1a
[21:58:19] [Server thread/TRACE] [FML]:   Registry: 362 minecraft:entity.player.attack.weak net.minecraft.util.SoundEvent@2416498e
[21:58:19] [Server thread/TRACE] [FML]:   Registry: 363 minecraft:entity.player.big_fall net.minecraft.util.SoundEvent@6b2e0f78
[21:58:19] [Server thread/TRACE] [FML]:   Registry: 364 minecraft:entity.player.breath net.minecraft.util.SoundEvent@240f6c41
[21:58:19] [Server thread/TRACE] [FML]:   Registry: 365 minecraft:entity.player.burp net.minecraft.util.SoundEvent@3659d7b1
[21:58:19] [Server thread/TRACE] [FML]:   Registry: 366 minecraft:entity.player.death net.minecraft.util.SoundEvent@2015b2cd
[21:58:19] [Server thread/TRACE] [FML]:   Registry: 367 minecraft:entity.player.hurt net.minecraft.util.SoundEvent@3bdb2c78
[21:58:19] [Server thread/TRACE] [FML]:   Registry: 368 minecraft:entity.player.hurt_drown net.minecraft.util.SoundEvent@64693226
[21:58:19] [Server thread/TRACE] [FML]:   Registry: 369 minecraft:entity.player.hurt_on_fire net.minecraft.util.SoundEvent@1c758545
[21:58:19] [Server thread/TRACE] [FML]:   Registry: 370 minecraft:entity.player.levelup net.minecraft.util.SoundEvent@117bcfdc
[21:58:19] [Server thread/TRACE] [FML]:   Registry: 371 minecraft:entity.player.small_fall net.minecraft.util.SoundEvent@73a19967
[21:58:19] [Server thread/TRACE] [FML]:   Registry: 372 minecraft:entity.player.splash net.minecraft.util.SoundEvent@5e746d37
[21:58:19] [Server thread/TRACE] [FML]:   Registry: 373 minecraft:entity.player.swim net.minecraft.util.SoundEvent@6e1b9411
[21:58:19] [Server thread/TRACE] [FML]:   Registry: 374 minecraft:entity.polar_bear.ambient net.minecraft.util.SoundEvent@21d1b321
[21:58:19] [Server thread/TRACE] [FML]:   Registry: 375 minecraft:entity.polar_bear.baby_ambient net.minecraft.util.SoundEvent@5ec46cdd
[21:58:19] [Server thread/TRACE] [FML]:   Registry: 376 minecraft:entity.polar_bear.death net.minecraft.util.SoundEvent@2324bfe7
[21:58:19] [Server thread/TRACE] [FML]:   Registry: 377 minecraft:entity.polar_bear.hurt net.minecraft.util.SoundEvent@112d1c8e
[21:58:19] [Server thread/TRACE] [FML]:   Registry: 378 minecraft:entity.polar_bear.step net.minecraft.util.SoundEvent@3d49fd31
[21:58:19] [Server thread/TRACE] [FML]:   Registry: 379 minecraft:entity.polar_bear.warning net.minecraft.util.SoundEvent@4016ccc1
[21:58:19] [Server thread/TRACE] [FML]:   Registry: 380 minecraft:entity.rabbit.ambient net.minecraft.util.SoundEvent@46cb98a3
[21:58:19] [Server thread/TRACE] [FML]:   Registry: 381 minecraft:entity.rabbit.attack net.minecraft.util.SoundEvent@3ffb3598
[21:58:19] [Server thread/TRACE] [FML]:   Registry: 382 minecraft:entity.rabbit.death net.minecraft.util.SoundEvent@4da9f723
[21:58:19] [Server thread/TRACE] [FML]:   Registry: 383 minecraft:entity.rabbit.hurt net.minecraft.util.SoundEvent@3b2f4a93
[21:58:19] [Server thread/TRACE] [FML]:   Registry: 384 minecraft:entity.rabbit.jump net.minecraft.util.SoundEvent@213bd3d5
[21:58:19] [Server thread/TRACE] [FML]:   Registry: 385 minecraft:entity.sheep.ambient net.minecraft.util.SoundEvent@470a659f
[21:58:19] [Server thread/TRACE] [FML]:   Registry: 386 minecraft:entity.sheep.death net.minecraft.util.SoundEvent@451882b2
[21:58:19] [Server thread/TRACE] [FML]:   Registry: 387 minecraft:entity.sheep.hurt net.minecraft.util.SoundEvent@4a23350
[21:58:19] [Server thread/TRACE] [FML]:   Registry: 388 minecraft:entity.sheep.shear net.minecraft.util.SoundEvent@7b78ed6a
[21:58:19] [Server thread/TRACE] [FML]:   Registry: 389 minecraft:entity.sheep.step net.minecraft.util.SoundEvent@6fca5907
[21:58:19] [Server thread/TRACE] [FML]:   Registry: 390 minecraft:entity.shulker.ambient net.minecraft.util.SoundEvent@6ec65b5e
[21:58:19] [Server thread/TRACE] [FML]:   Registry: 391 minecraft:entity.shulker.close net.minecraft.util.SoundEvent@7bebcd65
[21:58:19] [Server thread/TRACE] [FML]:   Registry: 392 minecraft:entity.shulker.death net.minecraft.util.SoundEvent@47447ccf
[21:58:19] [Server thread/TRACE] [FML]:   Registry: 393 minecraft:entity.shulker.hurt net.minecraft.util.SoundEvent@7afb1741
[21:58:19] [Server thread/TRACE] [FML]:   Registry: 394 minecraft:entity.shulker.hurt_closed net.minecraft.util.SoundEvent@263bbfeb
[21:58:19] [Server thread/TRACE] [FML]:   Registry: 395 minecraft:entity.shulker.open net.minecraft.util.SoundEvent@31edeac
[21:58:19] [Server thread/TRACE] [FML]:   Registry: 396 minecraft:entity.shulker.shoot net.minecraft.util.SoundEvent@67d86804
[21:58:19] [Server thread/TRACE] [FML]:   Registry: 397 minecraft:entity.shulker.teleport net.minecraft.util.SoundEvent@45bb2aa1
[21:58:19] [Server thread/TRACE] [FML]:   Registry: 398 minecraft:entity.shulker_bullet.hit net.minecraft.util.SoundEvent@3e84111a
[21:58:19] [Server thread/TRACE] [FML]:   Registry: 399 minecraft:entity.shulker_bullet.hurt net.minecraft.util.SoundEvent@4b1a43d8
[21:58:19] [Server thread/TRACE] [FML]:   Registry: 400 minecraft:entity.silverfish.ambient net.minecraft.util.SoundEvent@6fa69af7
[21:58:19] [Server thread/TRACE] [FML]:   Registry: 401 minecraft:entity.silverfish.death net.minecraft.util.SoundEvent@73545b80
[21:58:19] [Server thread/TRACE] [FML]:   Registry: 402 minecraft:entity.silverfish.hurt net.minecraft.util.SoundEvent@6d469831
[21:58:19] [Server thread/TRACE] [FML]:   Registry: 403 minecraft:entity.silverfish.step net.minecraft.util.SoundEvent@74db12c2
[21:58:19] [Server thread/TRACE] [FML]:   Registry: 404 minecraft:entity.skeleton.ambient net.minecraft.util.SoundEvent@2ff15f8c
[21:58:19] [Server thread/TRACE] [FML]:   Registry: 405 minecraft:entity.skeleton.death net.minecraft.util.SoundEvent@7ea899a9
[21:58:19] [Server thread/TRACE] [FML]:   Registry: 406 minecraft:entity.skeleton.hurt net.minecraft.util.SoundEvent@2776015d
[21:58:19] [Server thread/TRACE] [FML]:   Registry: 407 minecraft:entity.skeleton.shoot net.minecraft.util.SoundEvent@b174a73
[21:58:19] [Server thread/TRACE] [FML]:   Registry: 408 minecraft:entity.skeleton.step net.minecraft.util.SoundEvent@2e3f79a2
[21:58:19] [Server thread/TRACE] [FML]:   Registry: 409 minecraft:entity.skeleton_horse.ambient net.minecraft.util.SoundEvent@1460c81d
[21:58:19] [Server thread/TRACE] [FML]:   Registry: 410 minecraft:entity.skeleton_horse.death net.minecraft.util.SoundEvent@38b5f25
[21:58:19] [Server thread/TRACE] [FML]:   Registry: 411 minecraft:entity.skeleton_horse.hurt net.minecraft.util.SoundEvent@327ed9f5
[21:58:19] [Server thread/TRACE] [FML]:   Registry: 412 minecraft:entity.slime.attack net.minecraft.util.SoundEvent@67594471
[21:58:19] [Server thread/TRACE] [FML]:   Registry: 413 minecraft:entity.slime.death net.minecraft.util.SoundEvent@756b58a7
[21:58:19] [Server thread/TRACE] [FML]:   Registry: 414 minecraft:entity.slime.hurt net.minecraft.util.SoundEvent@2cc04358
[21:58:19] [Server thread/TRACE] [FML]:   Registry: 415 minecraft:entity.slime.jump net.minecraft.util.SoundEvent@68b58644
[21:58:19] [Server thread/TRACE] [FML]:   Registry: 416 minecraft:entity.slime.squish net.minecraft.util.SoundEvent@45e22def
[21:58:19] [Server thread/TRACE] [FML]:   Registry: 417 minecraft:entity.small_magmacube.death net.minecraft.util.SoundEvent@6ae3fb94
[21:58:19] [Server thread/TRACE] [FML]:   Registry: 418 minecraft:entity.small_magmacube.hurt net.minecraft.util.SoundEvent@4417af13
[21:58:19] [Server thread/TRACE] [FML]:   Registry: 419 minecraft:entity.small_magmacube.squish net.minecraft.util.SoundEvent@d48673
[21:58:19] [Server thread/TRACE] [FML]:   Registry: 420 minecraft:entity.small_slime.death net.minecraft.util.SoundEvent@548d5ed3
[21:58:19] [Server thread/TRACE] [FML]:   Registry: 421 minecraft:entity.small_slime.hurt net.minecraft.util.SoundEvent@21c7208d
[21:58:19] [Server thread/TRACE] [FML]:   Registry: 422 minecraft:entity.small_slime.jump net.minecraft.util.SoundEvent@58516c91
[21:58:19] [Server thread/TRACE] [FML]:   Registry: 423 minecraft:entity.small_slime.squish net.minecraft.util.SoundEvent@7c129ef6
[21:58:19] [Server thread/TRACE] [FML]:   Registry: 424 minecraft:entity.snowball.throw net.minecraft.util.SoundEvent@42d73c61
[21:58:19] [Server thread/TRACE] [FML]:   Registry: 425 minecraft:entity.snowman.ambient net.minecraft.util.SoundEvent@5a8cbffe
[21:58:19] [Server thread/TRACE] [FML]:   Registry: 426 minecraft:entity.snowman.death net.minecraft.util.SoundEvent@96a75da
[21:58:19] [Server thread/TRACE] [FML]:   Registry: 427 minecraft:entity.snowman.hurt net.minecraft.util.SoundEvent@61e7bf2f
[21:58:19] [Server thread/TRACE] [FML]:   Registry: 428 minecraft:entity.snowman.shoot net.minecraft.util.SoundEvent@1a28b346
[21:58:19] [Server thread/TRACE] [FML]:   Registry: 429 minecraft:entity.spider.ambient net.minecraft.util.SoundEvent@25e49cb2
[21:58:19] [Server thread/TRACE] [FML]:   Registry: 430 minecraft:entity.spider.death net.minecraft.util.SoundEvent@7f7af971
[21:58:19] [Server thread/TRACE] [FML]:   Registry: 431 minecraft:entity.spider.hurt net.minecraft.util.SoundEvent@23382f76
[21:58:19] [Server thread/TRACE] [FML]:   Registry: 432 minecraft:entity.spider.step net.minecraft.util.SoundEvent@7c551ad4
[21:58:19] [Server thread/TRACE] [FML]:   Registry: 433 minecraft:entity.splash_potion.break net.minecraft.util.SoundEvent@7d5508e0
[21:58:19] [Server thread/TRACE] [FML]:   Registry: 434 minecraft:entity.splash_potion.throw net.minecraft.util.SoundEvent@554cd74a
[21:58:19] [Server thread/TRACE] [FML]:   Registry: 435 minecraft:entity.squid.ambient net.minecraft.util.SoundEvent@37ed010a
[21:58:19] [Server thread/TRACE] [FML]:   Registry: 436 minecraft:entity.squid.death net.minecraft.util.SoundEvent@633a2e99
[21:58:19] [Server thread/TRACE] [FML]:   Registry: 437 minecraft:entity.squid.hurt net.minecraft.util.SoundEvent@367d2816
[21:58:19] [Server thread/TRACE] [FML]:   Registry: 438 minecraft:entity.stray.ambient net.minecraft.util.SoundEvent@5b84f14
[21:58:19] [Server thread/TRACE] [FML]:   Registry: 439 minecraft:entity.stray.death net.minecraft.util.SoundEvent@5a82ebf8
[21:58:19] [Server thread/TRACE] [FML]:   Registry: 440 minecraft:entity.stray.hurt net.minecraft.util.SoundEvent@68fe48d7
[21:58:19] [Server thread/TRACE] [FML]:   Registry: 441 minecraft:entity.stray.step net.minecraft.util.SoundEvent@379ce046
[21:58:19] [Server thread/TRACE] [FML]:   Registry: 442 minecraft:entity.tnt.primed net.minecraft.util.SoundEvent@701bc94e
[21:58:19] [Server thread/TRACE] [FML]:   Registry: 443 minecraft:entity.vex.ambient net.minecraft.util.SoundEvent@3d8b319e
[21:58:19] [Server thread/TRACE] [FML]:   Registry: 444 minecraft:entity.vex.charge net.minecraft.util.SoundEvent@27a97e08
[21:58:19] [Server thread/TRACE] [FML]:   Registry: 445 minecraft:entity.vex.death net.minecraft.util.SoundEvent@77e7246b
[21:58:19] [Server thread/TRACE] [FML]:   Registry: 446 minecraft:entity.vex.hurt net.minecraft.util.SoundEvent@5918c260
[21:58:19] [Server thread/TRACE] [FML]:   Registry: 447 minecraft:entity.villager.ambient net.minecraft.util.SoundEvent@3d7b1f1c
[21:58:19] [Server thread/TRACE] [FML]:   Registry: 448 minecraft:entity.villager.death net.minecraft.util.SoundEvent@51ce6f85
[21:58:19] [Server thread/TRACE] [FML]:   Registry: 449 minecraft:entity.villager.hurt net.minecraft.util.SoundEvent@1f44ddab
[21:58:19] [Server thread/TRACE] [FML]:   Registry: 450 minecraft:entity.villager.no net.minecraft.util.SoundEvent@5017e1
[21:58:19] [Server thread/TRACE] [FML]:   Registry: 451 minecraft:entity.villager.trading net.minecraft.util.SoundEvent@65b66b08
[21:58:19] [Server thread/TRACE] [FML]:   Registry: 452 minecraft:entity.villager.yes net.minecraft.util.SoundEvent@4726927c
[21:58:19] [Server thread/TRACE] [FML]:   Registry: 453 minecraft:entity.vindication_illager.ambient net.minecraft.util.SoundEvent@7eb6b6b6
[21:58:19] [Server thread/TRACE] [FML]:   Registry: 454 minecraft:entity.vindication_illager.death net.minecraft.util.SoundEvent@7ed9499e
[21:58:19] [Server thread/TRACE] [FML]:   Registry: 455 minecraft:entity.vindication_illager.hurt net.minecraft.util.SoundEvent@28e19366
[21:58:19] [Server thread/TRACE] [FML]:   Registry: 456 minecraft:entity.witch.ambient net.minecraft.util.SoundEvent@5b275174
[21:58:19] [Server thread/TRACE] [FML]:   Registry: 457 minecraft:entity.witch.death net.minecraft.util.SoundEvent@10ef5fa0
[21:58:19] [Server thread/TRACE] [FML]:   Registry: 458 minecraft:entity.witch.drink net.minecraft.util.SoundEvent@244e619a
[21:58:19] [Server thread/TRACE] [FML]:   Registry: 459 minecraft:entity.witch.hurt net.minecraft.util.SoundEvent@10acd6
[21:58:19] [Server thread/TRACE] [FML]:   Registry: 460 minecraft:entity.witch.throw net.minecraft.util.SoundEvent@61dde151
[21:58:19] [Server thread/TRACE] [FML]:   Registry: 461 minecraft:entity.wither.ambient net.minecraft.util.SoundEvent@b25b095
[21:58:19] [Server thread/TRACE] [FML]:   Registry: 462 minecraft:entity.wither.break_block net.minecraft.util.SoundEvent@5cb042da
[21:58:19] [Server thread/TRACE] [FML]:   Registry: 463 minecraft:entity.wither.death net.minecraft.util.SoundEvent@59c33386
[21:58:19] [Server thread/TRACE] [FML]:   Registry: 464 minecraft:entity.wither.hurt net.minecraft.util.SoundEvent@571a9686
[21:58:19] [Server thread/TRACE] [FML]:   Registry: 465 minecraft:entity.wither.shoot net.minecraft.util.SoundEvent@719d35e8
[21:58:19] [Server thread/TRACE] [FML]:   Registry: 466 minecraft:entity.wither.spawn net.minecraft.util.SoundEvent@2f651f93
[21:58:19] [Server thread/TRACE] [FML]:   Registry: 467 minecraft:entity.wither_skeleton.ambient net.minecraft.util.SoundEvent@6ffa56fa
[21:58:19] [Server thread/TRACE] [FML]:   Registry: 468 minecraft:entity.wither_skeleton.death net.minecraft.util.SoundEvent@6c575325
[21:58:19] [Server thread/TRACE] [FML]:   Registry: 469 minecraft:entity.wither_skeleton.hurt net.minecraft.util.SoundEvent@747d1932
[21:58:19] [Server thread/TRACE] [FML]:   Registry: 470 minecraft:entity.wither_skeleton.step net.minecraft.util.SoundEvent@736309a9
[21:58:19] [Server thread/TRACE] [FML]:   Registry: 471 minecraft:entity.wolf.ambient net.minecraft.util.SoundEvent@4e93dcb9
[21:58:19] [Server thread/TRACE] [FML]:   Registry: 472 minecraft:entity.wolf.death net.minecraft.util.SoundEvent@188b6035
[21:58:19] [Server thread/TRACE] [FML]:   Registry: 473 minecraft:entity.wolf.growl net.minecraft.util.SoundEvent@4a34e9f
[21:58:19] [Server thread/TRACE] [FML]:   Registry: 474 minecraft:entity.wolf.howl net.minecraft.util.SoundEvent@6f6621e3
[21:58:19] [Server thread/TRACE] [FML]:   Registry: 475 minecraft:entity.wolf.hurt net.minecraft.util.SoundEvent@3fc05ea2
[21:58:19] [Server thread/TRACE] [FML]:   Registry: 476 minecraft:entity.wolf.pant net.minecraft.util.SoundEvent@7c891ba7
[21:58:19] [Server thread/TRACE] [FML]:   Registry: 477 minecraft:entity.wolf.shake net.minecraft.util.SoundEvent@6240651f
[21:58:19] [Server thread/TRACE] [FML]:   Registry: 478 minecraft:entity.wolf.step net.minecraft.util.SoundEvent@3cf7298d
[21:58:19] [Server thread/TRACE] [FML]:   Registry: 479 minecraft:entity.wolf.whine net.minecraft.util.SoundEvent@1ff55ff
[21:58:19] [Server thread/TRACE] [FML]:   Registry: 480 minecraft:entity.zombie.ambient net.minecraft.util.SoundEvent@351f2244
[21:58:19] [Server thread/TRACE] [FML]:   Registry: 481 minecraft:entity.zombie.attack_door_wood net.minecraft.util.SoundEvent@5496c165
[21:58:19] [Server thread/TRACE] [FML]:   Registry: 482 minecraft:entity.zombie.attack_iron_door net.minecraft.util.SoundEvent@51a8313b
[21:58:19] [Server thread/TRACE] [FML]:   Registry: 483 minecraft:entity.zombie.break_door_wood net.minecraft.util.SoundEvent@2a03d65c
[21:58:19] [Server thread/TRACE] [FML]:   Registry: 484 minecraft:entity.zombie.death net.minecraft.util.SoundEvent@6642dc5a
[21:58:19] [Server thread/TRACE] [FML]:   Registry: 485 minecraft:entity.zombie.hurt net.minecraft.util.SoundEvent@43da41e
[21:58:19] [Server thread/TRACE] [FML]:   Registry: 486 minecraft:entity.zombie.infect net.minecraft.util.SoundEvent@148c7c4b
[21:58:19] [Server thread/TRACE] [FML]:   Registry: 487 minecraft:entity.zombie.step net.minecraft.util.SoundEvent@2009f9b0
[21:58:19] [Server thread/TRACE] [FML]:   Registry: 488 minecraft:entity.zombie_horse.ambient net.minecraft.util.SoundEvent@50d951e7
[21:58:19] [Server thread/TRACE] [FML]:   Registry: 489 minecraft:entity.zombie_horse.death net.minecraft.util.SoundEvent@39ad12b6
[21:58:19] [Server thread/TRACE] [FML]:   Registry: 490 minecraft:entity.zombie_horse.hurt net.minecraft.util.SoundEvent@4eb45fec
[21:58:19] [Server thread/TRACE] [FML]:   Registry: 491 minecraft:entity.zombie_pig.ambient net.minecraft.util.SoundEvent@211febf3
[21:58:19] [Server thread/TRACE] [FML]:   Registry: 492 minecraft:entity.zombie_pig.angry net.minecraft.util.SoundEvent@3bd3d05e
[21:58:19] [Server thread/TRACE] [FML]:   Registry: 493 minecraft:entity.zombie_pig.death net.minecraft.util.SoundEvent@6aba5d30
[21:58:19] [Server thread/TRACE] [FML]:   Registry: 494 minecraft:entity.zombie_pig.hurt net.minecraft.util.SoundEvent@61d34b4
[21:58:19] [Server thread/TRACE] [FML]:   Registry: 495 minecraft:entity.zombie_villager.ambient net.minecraft.util.SoundEvent@588307f7
[21:58:19] [Server thread/TRACE] [FML]:   Registry: 496 minecraft:entity.zombie_villager.converted net.minecraft.util.SoundEvent@7df76d99
[21:58:19] [Server thread/TRACE] [FML]:   Registry: 497 minecraft:entity.zombie_villager.cure net.minecraft.util.SoundEvent@459cfcca
[21:58:19] [Server thread/TRACE] [FML]:   Registry: 498 minecraft:entity.zombie_villager.death net.minecraft.util.SoundEvent@2acbc859
[21:58:19] [Server thread/TRACE] [FML]:   Registry: 499 minecraft:entity.zombie_villager.hurt net.minecraft.util.SoundEvent@6ab7ce48
[21:58:19] [Server thread/TRACE] [FML]:   Registry: 500 minecraft:entity.zombie_villager.step net.minecraft.util.SoundEvent@2c6aed22
[21:58:19] [Server thread/TRACE] [FML]:   Registry: 501 minecraft:item.armor.equip_chain net.minecraft.util.SoundEvent@e322ec9
[21:58:19] [Server thread/TRACE] [FML]:   Registry: 502 minecraft:item.armor.equip_diamond net.minecraft.util.SoundEvent@7acfb656
[21:58:19] [Server thread/TRACE] [FML]:   Registry: 503 minecraft:item.armor.equip_elytra net.minecraft.util.SoundEvent@2e5ee2c9
[21:58:19] [Server thread/TRACE] [FML]:   Registry: 504 minecraft:item.armor.equip_generic net.minecraft.util.SoundEvent@55a609dd
[21:58:19] [Server thread/TRACE] [FML]:   Registry: 505 minecraft:item.armor.equip_gold net.minecraft.util.SoundEvent@4afd21c6
[21:58:19] [Server thread/TRACE] [FML]:   Registry: 506 minecraft:item.armor.equip_iron net.minecraft.util.SoundEvent@4d0753c9
[21:58:19] [Server thread/TRACE] [FML]:   Registry: 507 minecraft:item.armor.equip_leather net.minecraft.util.SoundEvent@1416a80a
[21:58:19] [Server thread/TRACE] [FML]:   Registry: 508 minecraft:item.bottle.empty net.minecraft.util.SoundEvent@719bb3b4
[21:58:19] [Server thread/TRACE] [FML]:   Registry: 509 minecraft:item.bottle.fill net.minecraft.util.SoundEvent@52cb4f50
[21:58:19] [Server thread/TRACE] [FML]:   Registry: 510 minecraft:item.bottle.fill_dragonbreath net.minecraft.util.SoundEvent@25a5c7db
[21:58:19] [Server thread/TRACE] [FML]:   Registry: 511 minecraft:item.bucket.empty net.minecraft.util.SoundEvent@4d27d9d
[21:58:19] [Server thread/TRACE] [FML]:   Registry: 512 minecraft:item.bucket.empty_lava net.minecraft.util.SoundEvent@28f878a0
[21:58:19] [Server thread/TRACE] [FML]:   Registry: 513 minecraft:item.bucket.fill net.minecraft.util.SoundEvent@20411320
[21:58:19] [Server thread/TRACE] [FML]:   Registry: 514 minecraft:item.bucket.fill_lava net.minecraft.util.SoundEvent@2b5183ec
[21:58:19] [Server thread/TRACE] [FML]:   Registry: 515 minecraft:item.chorus_fruit.teleport net.minecraft.util.SoundEvent@3c782d8e
[21:58:19] [Server thread/TRACE] [FML]:   Registry: 516 minecraft:item.elytra.flying net.minecraft.util.SoundEvent@572e6fd9
[21:58:19] [Server thread/TRACE] [FML]:   Registry: 517 minecraft:item.firecharge.use net.minecraft.util.SoundEvent@7f5eae0f
[21:58:19] [Server thread/TRACE] [FML]:   Registry: 518 minecraft:item.flintandsteel.use net.minecraft.util.SoundEvent@58b71ceb
[21:58:19] [Server thread/TRACE] [FML]:   Registry: 519 minecraft:item.hoe.till net.minecraft.util.SoundEvent@255e5e2e
[21:58:19] [Server thread/TRACE] [FML]:   Registry: 520 minecraft:item.shield.block net.minecraft.util.SoundEvent@12abdfb
[21:58:19] [Server thread/TRACE] [FML]:   Registry: 521 minecraft:item.shield.break net.minecraft.util.SoundEvent@b0e5507
[21:58:19] [Server thread/TRACE] [FML]:   Registry: 522 minecraft:item.shovel.flatten net.minecraft.util.SoundEvent@6bbe50c9
[21:58:19] [Server thread/TRACE] [FML]:   Registry: 523 minecraft:item.totem.use net.minecraft.util.SoundEvent@3c46dcbe
[21:58:19] [Server thread/TRACE] [FML]:   Registry: 524 minecraft:music.creative net.minecraft.util.SoundEvent@68577ba8
[21:58:19] [Server thread/TRACE] [FML]:   Registry: 525 minecraft:music.credits net.minecraft.util.SoundEvent@1108adc8
[21:58:19] [Server thread/TRACE] [FML]:   Registry: 526 minecraft:music.dragon net.minecraft.util.SoundEvent@8a98f38
[21:58:19] [Server thread/TRACE] [FML]:   Registry: 527 minecraft:music.end net.minecraft.util.SoundEvent@20011bf
[21:58:19] [Server thread/TRACE] [FML]:   Registry: 528 minecraft:music.game net.minecraft.util.SoundEvent@51d9b06c
[21:58:19] [Server thread/TRACE] [FML]:   Registry: 529 minecraft:music.menu net.minecraft.util.SoundEvent@5eb2172
[21:58:19] [Server thread/TRACE] [FML]:   Registry: 530 minecraft:music.nether net.minecraft.util.SoundEvent@41ffaeb8
[21:58:19] [Server thread/TRACE] [FML]:   Registry: 531 minecraft:record.11 net.minecraft.util.SoundEvent@43f0c2d1
[21:58:19] [Server thread/TRACE] [FML]:   Registry: 532 minecraft:record.13 net.minecraft.util.SoundEvent@5fb65013
[21:58:19] [Server thread/TRACE] [FML]:   Registry: 533 minecraft:record.blocks net.minecraft.util.SoundEvent@38a1a26
[21:58:19] [Server thread/TRACE] [FML]:   Registry: 534 minecraft:record.cat net.minecraft.util.SoundEvent@3fbcfe81
[21:58:19] [Server thread/TRACE] [FML]:   Registry: 535 minecraft:record.chirp net.minecraft.util.SoundEvent@7a1f45ed
[21:58:19] [Server thread/TRACE] [FML]:   Registry: 536 minecraft:record.far net.minecraft.util.SoundEvent@1744a475
[21:58:19] [Server thread/TRACE] [FML]:   Registry: 537 minecraft:record.mall net.minecraft.util.SoundEvent@444cc791
[21:58:19] [Server thread/TRACE] [FML]:   Registry: 538 minecraft:record.mellohi net.minecraft.util.SoundEvent@1c5c616f
[21:58:19] [Server thread/TRACE] [FML]:   Registry: 539 minecraft:record.stal net.minecraft.util.SoundEvent@1c6c6f24
[21:58:19] [Server thread/TRACE] [FML]:   Registry: 540 minecraft:record.strad net.minecraft.util.SoundEvent@2eb917d0
[21:58:19] [Server thread/TRACE] [FML]:   Registry: 541 minecraft:record.wait net.minecraft.util.SoundEvent@c6b2dd9
[21:58:19] [Server thread/TRACE] [FML]:   Registry: 542 minecraft:record.ward net.minecraft.util.SoundEvent@73437222
[21:58:19] [Server thread/TRACE] [FML]:   Registry: 543 minecraft:ui.button.click net.minecraft.util.SoundEvent@ca93621
[21:58:19] [Server thread/TRACE] [FML]:   Registry: 544 minecraft:ui.toast.in net.minecraft.util.SoundEvent@6a48a7f3
[21:58:19] [Server thread/TRACE] [FML]:   Registry: 545 minecraft:ui.toast.out net.minecraft.util.SoundEvent@3f985a86
[21:58:19] [Server thread/TRACE] [FML]:   Registry: 546 minecraft:ui.toast.challenge_complete net.minecraft.util.SoundEvent@57a2ed35
[21:58:19] [Server thread/TRACE] [FML]:   Registry: 547 minecraft:weather.rain net.minecraft.util.SoundEvent@12ffd1de
[21:58:19] [Server thread/TRACE] [FML]:   Registry: 548 minecraft:weather.rain.above net.minecraft.util.SoundEvent@3d278b4d
[21:58:19] [Server thread/TRACE] [FML]: Registry Name : minecraft:potiontypes
[21:58:19] [Server thread/TRACE] [FML]:   Registry: 0 minecraft:empty net.minecraft.potion.PotionType@34fcd292
[21:58:19] [Server thread/TRACE] [FML]:   Registry: 1 minecraft:water net.minecraft.potion.PotionType@63db743d
[21:58:19] [Server thread/TRACE] [FML]:   Registry: 2 minecraft:mundane net.minecraft.potion.PotionType@496cedbb
[21:58:19] [Server thread/TRACE] [FML]:   Registry: 3 minecraft:thick net.minecraft.potion.PotionType@6b6def36
[21:58:19] [Server thread/TRACE] [FML]:   Registry: 4 minecraft:awkward net.minecraft.potion.PotionType@3957d88b
[21:58:19] [Server thread/TRACE] [FML]:   Registry: 5 minecraft:night_vision net.minecraft.potion.PotionType@1152900
[21:58:19] [Server thread/TRACE] [FML]:   Registry: 6 minecraft:long_night_vision net.minecraft.potion.PotionType@2fba0dac
[21:58:19] [Server thread/TRACE] [FML]:   Registry: 7 minecraft:invisibility net.minecraft.potion.PotionType@2b2a4332
[21:58:19] [Server thread/TRACE] [FML]:   Registry: 8 minecraft:long_invisibility net.minecraft.potion.PotionType@2cbe455c
[21:58:19] [Server thread/TRACE] [FML]:   Registry: 9 minecraft:leaping net.minecraft.potion.PotionType@4cb24e2
[21:58:19] [Server thread/TRACE] [FML]:   Registry: 10 minecraft:long_leaping net.minecraft.potion.PotionType@7be38eba
[21:58:19] [Server thread/TRACE] [FML]:   Registry: 11 minecraft:strong_leaping net.minecraft.potion.PotionType@2296127
[21:58:19] [Server thread/TRACE] [FML]:   Registry: 12 minecraft:fire_resistance net.minecraft.potion.PotionType@5ce3409b
[21:58:19] [Server thread/TRACE] [FML]:   Registry: 13 minecraft:long_fire_resistance net.minecraft.potion.PotionType@1d283d1
[21:58:19] [Server thread/TRACE] [FML]:   Registry: 14 minecraft:swiftness net.minecraft.potion.PotionType@66234b0f
[21:58:19] [Server thread/TRACE] [FML]:   Registry: 15 minecraft:long_swiftness net.minecraft.potion.PotionType@2fca3eb5
[21:58:19] [Server thread/TRACE] [FML]:   Registry: 16 minecraft:strong_swiftness net.minecraft.potion.PotionType@69eb544f
[21:58:19] [Server thread/TRACE] [FML]:   Registry: 17 minecraft:slowness net.minecraft.potion.PotionType@7cb29ea8
[21:58:19] [Server thread/TRACE] [FML]:   Registry: 18 minecraft:long_slowness net.minecraft.potion.PotionType@b5c902
[21:58:19] [Server thread/TRACE] [FML]:   Registry: 19 minecraft:water_breathing net.minecraft.potion.PotionType@7e747037
[21:58:19] [Server thread/TRACE] [FML]:   Registry: 20 minecraft:long_water_breathing net.minecraft.potion.PotionType@4d0e1a9a
[21:58:19] [Server thread/TRACE] [FML]:   Registry: 21 minecraft:healing net.minecraft.potion.PotionType@25218a4d
[21:58:19] [Server thread/TRACE] [FML]:   Registry: 22 minecraft:strong_healing net.minecraft.potion.PotionType@bf2aa32
[21:58:19] [Server thread/TRACE] [FML]:   Registry: 23 minecraft:harming net.minecraft.potion.PotionType@56da96b3
[21:58:19] [Server thread/TRACE] [FML]:   Registry: 24 minecraft:strong_harming net.minecraft.potion.PotionType@6b3d9c38
[21:58:19] [Server thread/TRACE] [FML]:   Registry: 25 minecraft:poison net.minecraft.potion.PotionType@426710f0
[21:58:19] [Server thread/TRACE] [FML]:   Registry: 26 minecraft:long_poison net.minecraft.potion.PotionType@5c5a91b4
[21:58:19] [Server thread/TRACE] [FML]:   Registry: 27 minecraft:strong_poison net.minecraft.potion.PotionType@5e37fb82
[21:58:19] [Server thread/TRACE] [FML]:   Registry: 28 minecraft:regeneration net.minecraft.potion.PotionType@59ec7020
[21:58:19] [Server thread/TRACE] [FML]:   Registry: 29 minecraft:long_regeneration net.minecraft.potion.PotionType@23f60b7d
[21:58:19] [Server thread/TRACE] [FML]:   Registry: 30 minecraft:strong_regeneration net.minecraft.potion.PotionType@2ba9f986
[21:58:19] [Server thread/TRACE] [FML]:   Registry: 31 minecraft:strength net.minecraft.potion.PotionType@4aa3fc9a
[21:58:19] [Server thread/TRACE] [FML]:   Registry: 32 minecraft:long_strength net.minecraft.potion.PotionType@70f4f89e
[21:58:19] [Server thread/TRACE] [FML]:   Registry: 33 minecraft:strong_strength net.minecraft.potion.PotionType@634aa81e
[21:58:19] [Server thread/TRACE] [FML]:   Registry: 34 minecraft:weakness net.minecraft.potion.PotionType@74b1838
[21:58:19] [Server thread/TRACE] [FML]:   Registry: 35 minecraft:long_weakness net.minecraft.potion.PotionType@52d96367
[21:58:19] [Server thread/TRACE] [FML]:   Registry: 36 minecraft:luck net.minecraft.potion.PotionType@5be51aa
[21:58:19] [Server thread/TRACE] [FML]: Registry Name : minecraft:enchantments
[21:58:19] [Server thread/TRACE] [FML]:   Registry: 0 minecraft:protection net.minecraft.enchantment.EnchantmentProtection@5d7f8467
[21:58:19] [Server thread/TRACE] [FML]:   Registry: 1 minecraft:fire_protection net.minecraft.enchantment.EnchantmentProtection@29bd85db
[21:58:19] [Server thread/TRACE] [FML]:   Registry: 2 minecraft:feather_falling net.minecraft.enchantment.EnchantmentProtection@7caf1e5
[21:58:19] [Server thread/TRACE] [FML]:   Registry: 3 minecraft:blast_protection net.minecraft.enchantment.EnchantmentProtection@5c234920
[21:58:19] [Server thread/TRACE] [FML]:   Registry: 4 minecraft:projectile_protection net.minecraft.enchantment.EnchantmentProtection@7ddeb27f
[21:58:19] [Server thread/TRACE] [FML]:   Registry: 5 minecraft:respiration net.minecraft.enchantment.EnchantmentOxygen@2eb1c615
[21:58:19] [Server thread/TRACE] [FML]:   Registry: 6 minecraft:aqua_affinity net.minecraft.enchantment.EnchantmentWaterWorker@5a4464c5
[21:58:19] [Server thread/TRACE] [FML]:   Registry: 7 minecraft:thorns net.minecraft.enchantment.EnchantmentThorns@61b838f2
[21:58:19] [Server thread/TRACE] [FML]:   Registry: 8 minecraft:depth_strider net.minecraft.enchantment.EnchantmentWaterWalker@a056b26
[21:58:19] [Server thread/TRACE] [FML]:   Registry: 9 minecraft:frost_walker net.minecraft.enchantment.EnchantmentFrostWalker@25c1f5ee
[21:58:19] [Server thread/TRACE] [FML]:   Registry: 10 minecraft:binding_curse net.minecraft.enchantment.EnchantmentBindingCurse@15a8cebd
[21:58:19] [Server thread/TRACE] [FML]:   Registry: 16 minecraft:sharpness net.minecraft.enchantment.EnchantmentDamage@274fdea6
[21:58:19] [Server thread/TRACE] [FML]:   Registry: 17 minecraft:smite net.minecraft.enchantment.EnchantmentDamage@74c121d4
[21:58:19] [Server thread/TRACE] [FML]:   Registry: 18 minecraft:bane_of_arthropods net.minecraft.enchantment.EnchantmentDamage@2a484710
[21:58:19] [Server thread/TRACE] [FML]:   Registry: 19 minecraft:knockback net.minecraft.enchantment.EnchantmentKnockback@424f02b8
[21:58:19] [Server thread/TRACE] [FML]:   Registry: 20 minecraft:fire_aspect net.minecraft.enchantment.EnchantmentFireAspect@69b3886f
[21:58:19] [Server thread/TRACE] [FML]:   Registry: 21 minecraft:looting net.minecraft.enchantment.EnchantmentLootBonus@6793f752
[21:58:19] [Server thread/TRACE] [FML]:   Registry: 22 minecraft:sweeping net.minecraft.enchantment.EnchantmentSweepingEdge@482ba4b1
[21:58:19] [Server thread/TRACE] [FML]:   Registry: 32 minecraft:efficiency net.minecraft.enchantment.EnchantmentDigging@76a6f045
[21:58:19] [Server thread/TRACE] [FML]:   Registry: 33 minecraft:silk_touch net.minecraft.enchantment.EnchantmentUntouching@1471b98d
[21:58:19] [Server thread/TRACE] [FML]:   Registry: 34 minecraft:unbreaking net.minecraft.enchantment.EnchantmentDurability@3af236d0
[21:58:19] [Server thread/TRACE] [FML]:   Registry: 35 minecraft:fortune net.minecraft.enchantment.EnchantmentLootBonus@23564dd2
[21:58:19] [Server thread/TRACE] [FML]:   Registry: 48 minecraft:power net.minecraft.enchantment.EnchantmentArrowDamage@6bf570c
[21:58:19] [Server thread/TRACE] [FML]:   Registry: 49 minecraft:punch net.minecraft.enchantment.EnchantmentArrowKnockback@214b342f
[21:58:19] [Server thread/TRACE] [FML]:   Registry: 50 minecraft:flame net.minecraft.enchantment.EnchantmentArrowFire@589fb74d
[21:58:19] [Server thread/TRACE] [FML]:   Registry: 51 minecraft:infinity net.minecraft.enchantment.EnchantmentArrowInfinite@12567179
[21:58:19] [Server thread/TRACE] [FML]:   Registry: 61 minecraft:luck_of_the_sea net.minecraft.enchantment.EnchantmentLootBonus@37d699a1
[21:58:19] [Server thread/TRACE] [FML]:   Registry: 62 minecraft:lure net.minecraft.enchantment.EnchantmentFishingSpeed@29170a47
[21:58:19] [Server thread/TRACE] [FML]:   Registry: 70 minecraft:mending net.minecraft.enchantment.EnchantmentMending@13ef7fa1
[21:58:19] [Server thread/TRACE] [FML]:   Registry: 71 minecraft:vanishing_curse net.minecraft.enchantment.EnchantmentVanishingCurse@4e8598d9
[21:58:19] [Server thread/TRACE] [FML]: Registry Name : minecraft:recipes
[21:58:19] [Server thread/TRACE] [FML]:   Registry: 0 minecraft:armordye net.minecraft.item.crafting.RecipesArmorDyes@5a51336a
[21:58:19] [Server thread/TRACE] [FML]:   Registry: 1 minecraft:bookcloning net.minecraft.item.crafting.RecipeBookCloning@6233c6c2
[21:58:19] [Server thread/TRACE] [FML]:   Registry: 2 minecraft:mapcloning net.minecraft.item.crafting.RecipesMapCloning@34cb0e49
[21:58:19] [Server thread/TRACE] [FML]:   Registry: 3 minecraft:mapextending net.minecraft.item.crafting.RecipesMapExtending@2a631049
[21:58:19] [Server thread/TRACE] [FML]:   Registry: 4 minecraft:fireworks net.minecraft.item.crafting.RecipeFireworks@66e1b2a
[21:58:19] [Server thread/TRACE] [FML]:   Registry: 5 minecraft:repairitem net.minecraft.item.crafting.RecipeRepairItem@769b0752
[21:58:19] [Server thread/TRACE] [FML]:   Registry: 6 minecraft:tippedarrow net.minecraft.item.crafting.RecipeTippedArrow@7ff09659
[21:58:19] [Server thread/TRACE] [FML]:   Registry: 7 minecraft:bannerduplicate net.minecraft.item.crafting.RecipesBanners$RecipeDuplicatePattern@150f41b9
[21:58:19] [Server thread/TRACE] [FML]:   Registry: 8 minecraft:banneraddpattern net.minecraft.item.crafting.RecipesBanners$RecipeAddPattern@298263fa
[21:58:19] [Server thread/TRACE] [FML]:   Registry: 9 minecraft:shielddecoration net.minecraft.item.crafting.ShieldRecipes$Decoration@2b1a901d
[21:58:19] [Server thread/TRACE] [FML]:   Registry: 10 minecraft:shulkerboxcoloring net.minecraft.item.crafting.ShulkerBoxRecipes$ShulkerBoxColoring@5a6f6cac
[21:58:19] [Server thread/TRACE] [FML]:   Registry: 11 minecraft:yellow_wool net.minecraft.item.crafting.ShapelessRecipes@3c6bd624
[21:58:19] [Server thread/TRACE] [FML]:   Registry: 12 minecraft:yellow_stained_hardened_clay net.minecraft.item.crafting.ShapedRecipes@6a1d1467
[21:58:19] [Server thread/TRACE] [FML]:   Registry: 13 minecraft:yellow_stained_glass_pane net.minecraft.item.crafting.ShapedRecipes@72f3f14c
[21:58:19] [Server thread/TRACE] [FML]:   Registry: 14 minecraft:yellow_stained_glass net.minecraft.item.crafting.ShapedRecipes@46524ebe
[21:58:19] [Server thread/TRACE] [FML]:   Registry: 15 minecraft:yellow_dye_from_sunflower net.minecraft.item.crafting.ShapelessRecipes@3c27f72
[21:58:19] [Server thread/TRACE] [FML]:   Registry: 16 minecraft:yellow_dye_from_dandelion net.minecraft.item.crafting.ShapelessRecipes@4aab7195
[21:58:19] [Server thread/TRACE] [FML]:   Registry: 17 minecraft:yellow_concrete_powder net.minecraft.item.crafting.ShapelessRecipes@7d537616
[21:58:19] [Server thread/TRACE] [FML]:   Registry: 18 minecraft:yellow_carpet net.minecraft.item.crafting.ShapedRecipes@70485aa
[21:58:19] [Server thread/TRACE] [FML]:   Registry: 19 minecraft:yellow_bed_from_white_bed net.minecraft.item.crafting.ShapelessRecipes@399f5daf
[21:58:19] [Server thread/TRACE] [FML]:   Registry: 20 minecraft:yellow_bed net.minecraft.item.crafting.ShapedRecipes@118fbaf0
[21:58:19] [Server thread/TRACE] [FML]:   Registry: 21 minecraft:yellow_banner net.minecraft.item.crafting.ShapedRecipes@5e541ef9
[21:58:19] [Server thread/TRACE] [FML]:   Registry: 22 minecraft:writable_book net.minecraft.item.crafting.ShapelessRecipes@401926df
[21:58:19] [Server thread/TRACE] [FML]:   Registry: 23 minecraft:wooden_sword net.minecraft.item.crafting.ShapedRecipes@271e851e
[21:58:19] [Server thread/TRACE] [FML]:   Registry: 24 minecraft:wooden_shovel net.minecraft.item.crafting.ShapedRecipes@7d1cb59f
[21:58:19] [Server thread/TRACE] [FML]:   Registry: 25 minecraft:wooden_pressure_plate net.minecraft.item.crafting.ShapedRecipes@7752c0e7
[21:58:19] [Server thread/TRACE] [FML]:   Registry: 26 minecraft:wooden_pickaxe net.minecraft.item.crafting.ShapedRecipes@5368e981
[21:58:19] [Server thread/TRACE] [FML]:   Registry: 27 minecraft:wooden_hoe net.minecraft.item.crafting.ShapedRecipes@685e6a68
[21:58:19] [Server thread/TRACE] [FML]:   Registry: 28 minecraft:wooden_door net.minecraft.item.crafting.ShapedRecipes@2673487b
[21:58:19] [Server thread/TRACE] [FML]:   Registry: 29 minecraft:wooden_button net.minecraft.item.crafting.ShapedRecipes@254e9709
[21:58:19] [Server thread/TRACE] [FML]:   Registry: 30 minecraft:wooden_axe net.minecraft.item.crafting.ShapedRecipes@b0d3e7
[21:58:19] [Server thread/TRACE] [FML]:   Registry: 31 minecraft:white_stained_hardened_clay net.minecraft.item.crafting.ShapedRecipes@17f8db6
[21:58:19] [Server thread/TRACE] [FML]:   Registry: 32 minecraft:white_stained_glass_pane net.minecraft.item.crafting.ShapedRecipes@71fb8301
[21:58:19] [Server thread/TRACE] [FML]:   Registry: 33 minecraft:white_stained_glass net.minecraft.item.crafting.ShapedRecipes@1ddf42dd
[21:58:19] [Server thread/TRACE] [FML]:   Registry: 34 minecraft:white_concrete_powder net.minecraft.item.crafting.ShapelessRecipes@56b05bd7
[21:58:19] [Server thread/TRACE] [FML]:   Registry: 35 minecraft:white_carpet net.minecraft.item.crafting.ShapedRecipes@7440265c
[21:58:19] [Server thread/TRACE] [FML]:   Registry: 36 minecraft:white_bed net.minecraft.item.crafting.ShapedRecipes@aa0dbca
[21:58:19] [Server thread/TRACE] [FML]:   Registry: 37 minecraft:white_banner net.minecraft.item.crafting.ShapedRecipes@21abda60
[21:58:19] [Server thread/TRACE] [FML]:   Registry: 38 minecraft:wheat net.minecraft.item.crafting.ShapedRecipes@69a73867
[21:58:19] [Server thread/TRACE] [FML]:   Registry: 39 minecraft:tripwire_hook net.minecraft.item.crafting.ShapedRecipes@d76099a
[21:58:19] [Server thread/TRACE] [FML]:   Registry: 40 minecraft:trapped_chest net.minecraft.item.crafting.ShapelessRecipes@359e27d2
[21:58:19] [Server thread/TRACE] [FML]:   Registry: 41 minecraft:trapdoor net.minecraft.item.crafting.ShapedRecipes@61c87f1b
[21:58:19] [Server thread/TRACE] [FML]:   Registry: 42 minecraft:torch net.minecraft.item.crafting.ShapedRecipes@70a24f9
[21:58:19] [Server thread/TRACE] [FML]:   Registry: 43 minecraft:tnt_minecart net.minecraft.item.crafting.ShapedRecipes@36cfe107
[21:58:19] [Server thread/TRACE] [FML]:   Registry: 44 minecraft:tnt net.minecraft.item.crafting.ShapedRecipes@362a6aa5
[21:58:19] [Server thread/TRACE] [FML]:   Registry: 45 minecraft:sugar net.minecraft.item.crafting.ShapedRecipes@ff4b223
[21:58:19] [Server thread/TRACE] [FML]:   Registry: 46 minecraft:string_to_wool net.minecraft.item.crafting.ShapedRecipes@42b4df5a
[21:58:19] [Server thread/TRACE] [FML]:   Registry: 47 minecraft:stonebrick net.minecraft.item.crafting.ShapedRecipes@52f43225
[21:58:19] [Server thread/TRACE] [FML]:   Registry: 48 minecraft:stone_sword net.minecraft.item.crafting.ShapedRecipes@63326a3a
[21:58:19] [Server thread/TRACE] [FML]:   Registry: 49 minecraft:stone_stairs net.minecraft.item.crafting.ShapedRecipes@e72fb04
[21:58:19] [Server thread/TRACE] [FML]:   Registry: 50 minecraft:stone_slab net.minecraft.item.crafting.ShapedRecipes@2d5ae78e
[21:58:19] [Server thread/TRACE] [FML]:   Registry: 51 minecraft:stone_shovel net.minecraft.item.crafting.ShapedRecipes@269c7104
[21:58:19] [Server thread/TRACE] [FML]:   Registry: 52 minecraft:stone_pressure_plate net.minecraft.item.crafting.ShapedRecipes@350567f1
[21:58:19] [Server thread/TRACE] [FML]:   Registry: 53 minecraft:stone_pickaxe net.minecraft.item.crafting.ShapedRecipes@28b5662d
[21:58:19] [Server thread/TRACE] [FML]:   Registry: 54 minecraft:stone_hoe net.minecraft.item.crafting.ShapedRecipes@2d4e99de
[21:58:19] [Server thread/TRACE] [FML]:   Registry: 55 minecraft:stone_button net.minecraft.item.crafting.ShapedRecipes@63bca84d
[21:58:19] [Server thread/TRACE] [FML]:   Registry: 56 minecraft:stone_brick_stairs net.minecraft.item.crafting.ShapedRecipes@79d49790
[21:58:19] [Server thread/TRACE] [FML]:   Registry: 57 minecraft:stone_brick_slab net.minecraft.item.crafting.ShapedRecipes@5fe5c68b
[21:58:19] [Server thread/TRACE] [FML]:   Registry: 58 minecraft:stone_axe net.minecraft.item.crafting.ShapedRecipes@38dbeb39
[21:58:19] [Server thread/TRACE] [FML]:   Registry: 59 minecraft:sticky_piston net.minecraft.item.crafting.ShapedRecipes@419f0ea
[21:58:19] [Server thread/TRACE] [FML]:   Registry: 60 minecraft:stick net.minecraft.item.crafting.ShapedRecipes@3c544c9
[21:58:19] [Server thread/TRACE] [FML]:   Registry: 61 minecraft:spruce_wooden_slab net.minecraft.item.crafting.ShapedRecipes@213012a0
[21:58:19] [Server thread/TRACE] [FML]:   Registry: 62 minecraft:spruce_stairs net.minecraft.item.crafting.ShapedRecipes@126a9a3d
[21:58:19] [Server thread/TRACE] [FML]:   Registry: 63 minecraft:spruce_planks net.minecraft.item.crafting.ShapedRecipes@51a719e7
[21:58:19] [Server thread/TRACE] [FML]:   Registry: 64 minecraft:spruce_fence_gate net.minecraft.item.crafting.ShapedRecipes@152e7703
[21:58:19] [Server thread/TRACE] [FML]:   Registry: 65 minecraft:spruce_fence net.minecraft.item.crafting.ShapedRecipes@38929da
[21:58:19] [Server thread/TRACE] [FML]:   Registry: 66 minecraft:spruce_door net.minecraft.item.crafting.ShapedRecipes@42f9873e
[21:58:19] [Server thread/TRACE] [FML]:   Registry: 67 minecraft:spruce_boat net.minecraft.item.crafting.ShapedRecipes@7ab1ad9
[21:58:19] [Server thread/TRACE] [FML]:   Registry: 68 minecraft:spectral_arrow net.minecraft.item.crafting.ShapedRecipes@95cecc5
[21:58:19] [Server thread/TRACE] [FML]:   Registry: 69 minecraft:speckled_melon net.minecraft.item.crafting.ShapedRecipes@39a3984c
[21:58:19] [Server thread/TRACE] [FML]:   Registry: 70 minecraft:snow_layer net.minecraft.item.crafting.ShapedRecipes@686b1e2d
[21:58:19] [Server thread/TRACE] [FML]:   Registry: 71 minecraft:snow net.minecraft.item.crafting.ShapedRecipes@652b3733
[21:58:19] [Server thread/TRACE] [FML]:   Registry: 72 minecraft:smooth_sandstone net.minecraft.item.crafting.ShapedRecipes@b32e983
[21:58:19] [Server thread/TRACE] [FML]:   Registry: 73 minecraft:smooth_red_sandstone net.minecraft.item.crafting.ShapedRecipes@5be7b749
[21:58:19] [Server thread/TRACE] [FML]:   Registry: 74 minecraft:slime_ball net.minecraft.item.crafting.ShapedRecipes@269308cc
[21:58:19] [Server thread/TRACE] [FML]:   Registry: 75 minecraft:slime net.minecraft.item.crafting.ShapedRecipes@2c0dca15
[21:58:19] [Server thread/TRACE] [FML]:   Registry: 76 minecraft:sign net.minecraft.item.crafting.ShapedRecipes@312f3050
[21:58:19] [Server thread/TRACE] [FML]:   Registry: 77 minecraft:shield net.minecraft.item.crafting.ShapedRecipes@2ecdf528
[21:58:19] [Server thread/TRACE] [FML]:   Registry: 78 minecraft:shears net.minecraft.item.crafting.ShapedRecipes@76db9048
[21:58:19] [Server thread/TRACE] [FML]:   Registry: 79 minecraft:sea_lantern net.minecraft.item.crafting.ShapedRecipes@11228bee
[21:58:19] [Server thread/TRACE] [FML]:   Registry: 80 minecraft:sandstone_stairs net.minecraft.item.crafting.ShapedRecipes@349f3ff7
[21:58:19] [Server thread/TRACE] [FML]:   Registry: 81 minecraft:sandstone_slab net.minecraft.item.crafting.ShapedRecipes@7da77305
[21:58:19] [Server thread/TRACE] [FML]:   Registry: 82 minecraft:sandstone net.minecraft.item.crafting.ShapedRecipes@581918f6
[21:58:19] [Server thread/TRACE] [FML]:   Registry: 83 minecraft:repeater net.minecraft.item.crafting.ShapedRecipes@20a47036
[21:58:19] [Server thread/TRACE] [FML]:   Registry: 84 minecraft:redstone_torch net.minecraft.item.crafting.ShapedRecipes@46894dc5
[21:58:19] [Server thread/TRACE] [FML]:   Registry: 85 minecraft:redstone_lamp net.minecraft.item.crafting.ShapedRecipes@6f240187
[21:58:19] [Server thread/TRACE] [FML]:   Registry: 86 minecraft:redstone_block net.minecraft.item.crafting.ShapedRecipes@598778cc
[21:58:19] [Server thread/TRACE] [FML]:   Registry: 87 minecraft:redstone net.minecraft.item.crafting.ShapedRecipes@57f2e67
[21:58:19] [Server thread/TRACE] [FML]:   Registry: 88 minecraft:red_wool net.minecraft.item.crafting.ShapelessRecipes@26f5e45d
[21:58:19] [Server thread/TRACE] [FML]:   Registry: 89 minecraft:red_stained_hardened_clay net.minecraft.item.crafting.ShapedRecipes@14df5253
[21:58:19] [Server thread/TRACE] [FML]:   Registry: 90 minecraft:red_stained_glass_pane net.minecraft.item.crafting.ShapedRecipes@710afd47
[21:58:19] [Server thread/TRACE] [FML]:   Registry: 91 minecraft:red_stained_glass net.minecraft.item.crafting.ShapedRecipes@604f376a
[21:58:19] [Server thread/TRACE] [FML]:   Registry: 92 minecraft:red_sandstone_stairs net.minecraft.item.crafting.ShapedRecipes@5a90fcaa
[21:58:19] [Server thread/TRACE] [FML]:   Registry: 93 minecraft:red_sandstone_slab net.minecraft.item.crafting.ShapedRecipes@47797401
[21:58:19] [Server thread/TRACE] [FML]:   Registry: 94 minecraft:red_sandstone net.minecraft.item.crafting.ShapedRecipes@b77b0a0
[21:58:19] [Server thread/TRACE] [FML]:   Registry: 95 minecraft:red_nether_brick net.minecraft.item.crafting.ShapedRecipes@5d96d434
[21:58:19] [Server thread/TRACE] [FML]:   Registry: 96 minecraft:red_dye_from_tulip net.minecraft.item.crafting.ShapelessRecipes@780129bc
[21:58:19] [Server thread/TRACE] [FML]:   Registry: 97 minecraft:red_dye_from_rose_bush net.minecraft.item.crafting.ShapelessRecipes@4d825dbe
[21:58:19] [Server thread/TRACE] [FML]:   Registry: 98 minecraft:red_dye_from_poppy net.minecraft.item.crafting.ShapelessRecipes@3cb195dd
[21:58:19] [Server thread/TRACE] [FML]:   Registry: 99 minecraft:red_dye_from_beetroot net.minecraft.item.crafting.ShapelessRecipes@24615687
[21:58:19] [Server thread/TRACE] [FML]:   Registry: 100 minecraft:red_concrete_powder net.minecraft.item.crafting.ShapelessRecipes@7d90644f
[21:58:19] [Server thread/TRACE] [FML]:   Registry: 101 minecraft:red_carpet net.minecraft.item.crafting.ShapedRecipes@6cc8adff
[21:58:19] [Server thread/TRACE] [FML]:   Registry: 102 minecraft:red_bed_from_white_bed net.minecraft.item.crafting.ShapelessRecipes@2c668c2a
[21:58:19] [Server thread/TRACE] [FML]:   Registry: 103 minecraft:red_bed net.minecraft.item.crafting.ShapedRecipes@2e159116
[21:58:19] [Server thread/TRACE] [FML]:   Registry: 104 minecraft:red_banner net.minecraft.item.crafting.ShapedRecipes@1de08775
[21:58:19] [Server thread/TRACE] [FML]:   Registry: 105 minecraft:rail net.minecraft.item.crafting.ShapedRecipes@39e3ea78
[21:58:19] [Server thread/TRACE] [FML]:   Registry: 106 minecraft:rabbit_stew_from_red_mushroom net.minecraft.item.crafting.ShapedRecipes@7b3feb26
[21:58:19] [Server thread/TRACE] [FML]:   Registry: 107 minecraft:rabbit_stew_from_brown_mushroom net.minecraft.item.crafting.ShapedRecipes@273293c8
[21:58:19] [Server thread/TRACE] [FML]:   Registry: 108 minecraft:quartz_stairs net.minecraft.item.crafting.ShapedRecipes@333e5fb6
[21:58:19] [Server thread/TRACE] [FML]:   Registry: 109 minecraft:quartz_slab net.minecraft.item.crafting.ShapedRecipes@69069866
[21:58:19] [Server thread/TRACE] [FML]:   Registry: 110 minecraft:quartz_block net.minecraft.item.crafting.ShapedRecipes@3451fc88
[21:58:19] [Server thread/TRACE] [FML]:   Registry: 111 minecraft:purpur_stairs net.minecraft.item.crafting.ShapedRecipes@2e40fdbd
[21:58:19] [Server thread/TRACE] [FML]:   Registry: 112 minecraft:purpur_slab net.minecraft.item.crafting.ShapedRecipes@527d48db
[21:58:19] [Server thread/TRACE] [FML]:   Registry: 113 minecraft:purpur_pillar net.minecraft.item.crafting.ShapedRecipes@2f038d3c
[21:58:19] [Server thread/TRACE] [FML]:   Registry: 114 minecraft:purpur_block net.minecraft.item.crafting.ShapedRecipes@1c43df76
[21:58:19] [Server thread/TRACE] [FML]:   Registry: 115 minecraft:purple_wool net.minecraft.item.crafting.ShapelessRecipes@14dbfdb1
[21:58:19] [Server thread/TRACE] [FML]:   Registry: 116 minecraft:purple_stained_hardened_clay net.minecraft.item.crafting.ShapedRecipes@284c4f02
[21:58:19] [Server thread/TRACE] [FML]:   Registry: 117 minecraft:purple_stained_glass_pane net.minecraft.item.crafting.ShapedRecipes@1b8d20e6
[21:58:19] [Server thread/TRACE] [FML]:   Registry: 118 minecraft:purple_stained_glass net.minecraft.item.crafting.ShapedRecipes@1a4930cf
[21:58:19] [Server thread/TRACE] [FML]:   Registry: 119 minecraft:purple_shulker_box net.minecraft.item.crafting.ShapedRecipes@7c956dda
[21:58:19] [Server thread/TRACE] [FML]:   Registry: 120 minecraft:purple_dye net.minecraft.item.crafting.ShapelessRecipes@448086ab
[21:58:19] [Server thread/TRACE] [FML]:   Registry: 121 minecraft:purple_concrete_powder net.minecraft.item.crafting.ShapelessRecipes@238ad211
[21:58:19] [Server thread/TRACE] [FML]:   Registry: 122 minecraft:purple_carpet net.minecraft.item.crafting.ShapedRecipes@279c4e3b
[21:58:19] [Server thread/TRACE] [FML]:   Registry: 123 minecraft:purple_bed_from_white_bed net.minecraft.item.crafting.ShapelessRecipes@3caf5c96
[21:58:19] [Server thread/TRACE] [FML]:   Registry: 124 minecraft:purple_bed net.minecraft.item.crafting.ShapedRecipes@7aa3857b
[21:58:19] [Server thread/TRACE] [FML]:   Registry: 125 minecraft:purple_banner net.minecraft.item.crafting.ShapedRecipes@3b33fff9
[21:58:19] [Server thread/TRACE] [FML]:   Registry: 126 minecraft:pumpkin_seeds net.minecraft.item.crafting.ShapedRecipes@3b9c9b8b
[21:58:19] [Server thread/TRACE] [FML]:   Registry: 127 minecraft:pumpkin_pie net.minecraft.item.crafting.ShapelessRecipes@7e1a9173
[21:58:19] [Server thread/TRACE] [FML]:   Registry: 128 minecraft:prismarine_bricks net.minecraft.item.crafting.ShapedRecipes@315cf170
[21:58:19] [Server thread/TRACE] [FML]:   Registry: 129 minecraft:prismarine net.minecraft.item.crafting.ShapedRecipes@53e28097
[21:58:19] [Server thread/TRACE] [FML]:   Registry: 130 minecraft:polished_granite net.minecraft.item.crafting.ShapedRecipes@2e1ba142
[21:58:19] [Server thread/TRACE] [FML]:   Registry: 131 minecraft:polished_diorite net.minecraft.item.crafting.ShapedRecipes@102af1bb
[21:58:19] [Server thread/TRACE] [FML]:   Registry: 132 minecraft:polished_andesite net.minecraft.item.crafting.ShapedRecipes@302da330
[21:58:19] [Server thread/TRACE] [FML]:   Registry: 133 minecraft:piston net.minecraft.item.crafting.ShapedRecipes@6f68756d
[21:58:19] [Server thread/TRACE] [FML]:   Registry: 134 minecraft:pink_wool net.minecraft.item.crafting.ShapelessRecipes@7ffcb232
[21:58:19] [Server thread/TRACE] [FML]:   Registry: 135 minecraft:pink_stained_hardened_clay net.minecraft.item.crafting.ShapedRecipes@571d0925
[21:58:19] [Server thread/TRACE] [FML]:   Registry: 136 minecraft:pink_stained_glass_pane net.minecraft.item.crafting.ShapedRecipes@4b09d1c3
[21:58:19] [Server thread/TRACE] [FML]:   Registry: 137 minecraft:pink_stained_glass net.minecraft.item.crafting.ShapedRecipes@165aa43a
[21:58:19] [Server thread/TRACE] [FML]:   Registry: 138 minecraft:pink_dye_from_red_bonemeal net.minecraft.item.crafting.ShapelessRecipes@38667005
[21:58:19] [Server thread/TRACE] [FML]:   Registry: 139 minecraft:pink_dye_from_pink_tulip net.minecraft.item.crafting.ShapelessRecipes@76ffc17c
[21:58:19] [Server thread/TRACE] [FML]:   Registry: 140 minecraft:pink_dye_from_peony net.minecraft.item.crafting.ShapelessRecipes@40538370
[21:58:19] [Server thread/TRACE] [FML]:   Registry: 141 minecraft:pink_concrete_powder net.minecraft.item.crafting.ShapelessRecipes@dc8b2ff
[21:58:19] [Server thread/TRACE] [FML]:   Registry: 142 minecraft:pink_carpet net.minecraft.item.crafting.ShapedRecipes@5b1ff8cd
[21:58:19] [Server thread/TRACE] [FML]:   Registry: 143 minecraft:pink_bed_from_white_bed net.minecraft.item.crafting.ShapelessRecipes@10a0d93a
[21:58:19] [Server thread/TRACE] [FML]:   Registry: 144 minecraft:pink_bed net.minecraft.item.crafting.ShapedRecipes@3a4f8e8a
[21:58:19] [Server thread/TRACE] [FML]:   Registry: 145 minecraft:pink_banner net.minecraft.item.crafting.ShapedRecipes@6c519e47
[21:58:19] [Server thread/TRACE] [FML]:   Registry: 146 minecraft:pillar_quartz_block net.minecraft.item.crafting.ShapedRecipes@7573c7b5
[21:58:19] [Server thread/TRACE] [FML]:   Registry: 147 minecraft:paper net.minecraft.item.crafting.ShapedRecipes@97b5e6a
[21:58:19] [Server thread/TRACE] [FML]:   Registry: 148 minecraft:painting net.minecraft.item.crafting.ShapedRecipes@2df71be0
[21:58:19] [Server thread/TRACE] [FML]:   Registry: 149 minecraft:orange_wool net.minecraft.item.crafting.ShapelessRecipes@3a54638b
[21:58:19] [Server thread/TRACE] [FML]:   Registry: 150 minecraft:orange_stained_hardened_clay net.minecraft.item.crafting.ShapedRecipes@1c7843c3
[21:58:19] [Server thread/TRACE] [FML]:   Registry: 151 minecraft:orange_stained_glass_pane net.minecraft.item.crafting.ShapedRecipes@1dbff71c
[21:58:19] [Server thread/TRACE] [FML]:   Registry: 152 minecraft:orange_stained_glass net.minecraft.item.crafting.ShapedRecipes@7cdc4070
[21:58:19] [Server thread/TRACE] [FML]:   Registry: 153 minecraft:orange_dye_from_red_yellow net.minecraft.item.crafting.ShapelessRecipes@29c25bbc
[21:58:19] [Server thread/TRACE] [FML]:   Registry: 154 minecraft:orange_dye_from_orange_tulip net.minecraft.item.crafting.ShapelessRecipes@1de12397
[21:58:19] [Server thread/TRACE] [FML]:   Registry: 155 minecraft:orange_concrete_powder net.minecraft.item.crafting.ShapelessRecipes@655909e2
[21:58:19] [Server thread/TRACE] [FML]:   Registry: 156 minecraft:orange_carpet net.minecraft.item.crafting.ShapedRecipes@7b3c2ae0
[21:58:19] [Server thread/TRACE] [FML]:   Registry: 157 minecraft:orange_bed_from_white_bed net.minecraft.item.crafting.ShapelessRecipes@32f308c6
[21:58:19] [Server thread/TRACE] [FML]:   Registry: 158 minecraft:orange_bed net.minecraft.item.crafting.ShapedRecipes@6630dd28
[21:58:19] [Server thread/TRACE] [FML]:   Registry: 159 minecraft:orange_banner net.minecraft.item.crafting.ShapedRecipes@7b3085a3
[21:58:19] [Server thread/TRACE] [FML]:   Registry: 160 minecraft:observer net.minecraft.item.crafting.ShapedRecipes@5d5574c7
[21:58:19] [Server thread/TRACE] [FML]:   Registry: 161 minecraft:oak_wooden_slab net.minecraft.item.crafting.ShapedRecipes@6533629
[21:58:19] [Server thread/TRACE] [FML]:   Registry: 162 minecraft:oak_stairs net.minecraft.item.crafting.ShapedRecipes@5ae66c98
[21:58:19] [Server thread/TRACE] [FML]:   Registry: 163 minecraft:oak_planks net.minecraft.item.crafting.ShapedRecipes@4ab455e2
[21:58:19] [Server thread/TRACE] [FML]:   Registry: 164 minecraft:noteblock net.minecraft.item.crafting.ShapedRecipes@5ddb302
[21:58:19] [Server thread/TRACE] [FML]:   Registry: 165 minecraft:nether_wart_block net.minecraft.item.crafting.ShapedRecipes@51813065
[21:58:19] [Server thread/TRACE] [FML]:   Registry: 166 minecraft:nether_brick_stairs net.minecraft.item.crafting.ShapedRecipes@92e2c93
[21:58:19] [Server thread/TRACE] [FML]:   Registry: 167 minecraft:nether_brick_slab net.minecraft.item.crafting.ShapedRecipes@42401b81
[21:58:19] [Server thread/TRACE] [FML]:   Registry: 168 minecraft:nether_brick_fence net.minecraft.item.crafting.ShapedRecipes@28f90752
[21:58:19] [Server thread/TRACE] [FML]:   Registry: 169 minecraft:nether_brick net.minecraft.item.crafting.ShapedRecipes@44ddb518
[21:58:19] [Server thread/TRACE] [FML]:   Registry: 170 minecraft:mushroom_stew net.minecraft.item.crafting.ShapelessRecipes@67a6a2d0
[21:58:19] [Server thread/TRACE] [FML]:   Registry: 171 minecraft:mossy_stonebrick net.minecraft.item.crafting.ShapelessRecipes@793d09e
[21:58:19] [Server thread/TRACE] [FML]:   Registry: 172 minecraft:mossy_cobblestone_wall net.minecraft.item.crafting.ShapedRecipes@592cb470
[21:58:19] [Server thread/TRACE] [FML]:   Registry: 173 minecraft:mossy_cobblestone net.minecraft.item.crafting.ShapelessRecipes@15d79b70
[21:58:19] [Server thread/TRACE] [FML]:   Registry: 174 minecraft:minecart net.minecraft.item.crafting.ShapedRecipes@b8b2184
[21:58:19] [Server thread/TRACE] [FML]:   Registry: 175 minecraft:melon_seeds net.minecraft.item.crafting.ShapedRecipes@d7055be
[21:58:19] [Server thread/TRACE] [FML]:   Registry: 176 minecraft:melon_block net.minecraft.item.crafting.ShapedRecipes@6c66ddab
[21:58:19] [Server thread/TRACE] [FML]:   Registry: 177 minecraft:map net.minecraft.item.crafting.ShapedRecipes@43423d40
[21:58:19] [Server thread/TRACE] [FML]:   Registry: 178 minecraft:magma_cream net.minecraft.item.crafting.ShapelessRecipes@7a117dc2
[21:58:19] [Server thread/TRACE] [FML]:   Registry: 179 minecraft:magma net.minecraft.item.crafting.ShapedRecipes@6a902015
[21:58:19] [Server thread/TRACE] [FML]:   Registry: 180 minecraft:magenta_wool net.minecraft.item.crafting.ShapelessRecipes@4eb1943b
[21:58:19] [Server thread/TRACE] [FML]:   Registry: 181 minecraft:magenta_stained_hardened_clay net.minecraft.item.crafting.ShapedRecipes@30c8c6ab
[21:58:19] [Server thread/TRACE] [FML]:   Registry: 182 minecraft:magenta_stained_glass_pane net.minecraft.item.crafting.ShapedRecipes@2dd8a273
[21:58:19] [Server thread/TRACE] [FML]:   Registry: 183 minecraft:magenta_stained_glass net.minecraft.item.crafting.ShapedRecipes@19ec5357
[21:58:19] [Server thread/TRACE] [FML]:   Registry: 184 minecraft:magenta_dye_from_purple_and_pink net.minecraft.item.crafting.ShapelessRecipes@60844992
[21:58:19] [Server thread/TRACE] [FML]:   Registry: 185 minecraft:magenta_dye_from_lilac net.minecraft.item.crafting.ShapelessRecipes@7bdb4f17
[21:58:19] [Server thread/TRACE] [FML]:   Registry: 186 minecraft:magenta_dye_from_lapis_red_pink net.minecraft.item.crafting.ShapelessRecipes@106459d9
[21:58:19] [Server thread/TRACE] [FML]:   Registry: 187 minecraft:magenta_dye_from_lapis_ink_bonemeal net.minecraft.item.crafting.ShapelessRecipes@2b4829aa
[21:58:19] [Server thread/TRACE] [FML]:   Registry: 188 minecraft:magenta_dye_from_allium net.minecraft.item.crafting.ShapelessRecipes@1a01ffff
[21:58:19] [Server thread/TRACE] [FML]:   Registry: 189 minecraft:magenta_concrete_powder net.minecraft.item.crafting.ShapelessRecipes@2bb3f39e
[21:58:19] [Server thread/TRACE] [FML]:   Registry: 190 minecraft:magenta_carpet net.minecraft.item.crafting.ShapedRecipes@11c3ce6a
[21:58:19] [Server thread/TRACE] [FML]:   Registry: 191 minecraft:magenta_bed_from_white_bed net.minecraft.item.crafting.ShapelessRecipes@dbc7e0a
[21:58:19] [Server thread/TRACE] [FML]:   Registry: 192 minecraft:magenta_bed net.minecraft.item.crafting.ShapedRecipes@66a472b9
[21:58:19] [Server thread/TRACE] [FML]:   Registry: 193 minecraft:magenta_banner net.minecraft.item.crafting.ShapedRecipes@4d065e1a
[21:58:19] [Server thread/TRACE] [FML]:   Registry: 194 minecraft:lit_pumpkin net.minecraft.item.crafting.ShapedRecipes@7ba1cdbe
[21:58:19] [Server thread/TRACE] [FML]:   Registry: 195 minecraft:lime_wool net.minecraft.item.crafting.ShapelessRecipes@6febec41
[21:58:19] [Server thread/TRACE] [FML]:   Registry: 196 minecraft:lime_stained_hardened_clay net.minecraft.item.crafting.ShapedRecipes@4ec8d9b2
[21:58:19] [Server thread/TRACE] [FML]:   Registry: 197 minecraft:lime_stained_glass_pane net.minecraft.item.crafting.ShapedRecipes@2493eec6
[21:58:19] [Server thread/TRACE] [FML]:   Registry: 198 minecraft:lime_stained_glass net.minecraft.item.crafting.ShapedRecipes@65d90b7f
[21:58:19] [Server thread/TRACE] [FML]:   Registry: 199 minecraft:lime_dye net.minecraft.item.crafting.ShapelessRecipes@7742a276
[21:58:19] [Server thread/TRACE] [FML]:   Registry: 200 minecraft:lime_concrete_powder net.minecraft.item.crafting.ShapelessRecipes@3cb04dd
[21:58:19] [Server thread/TRACE] [FML]:   Registry: 201 minecraft:lime_carpet net.minecraft.item.crafting.ShapedRecipes@342723a3
[21:58:19] [Server thread/TRACE] [FML]:   Registry: 202 minecraft:lime_bed_from_white_bed net.minecraft.item.crafting.ShapelessRecipes@4c8d45cf
[21:58:19] [Server thread/TRACE] [FML]:   Registry: 203 minecraft:lime_bed net.minecraft.item.crafting.ShapedRecipes@61b8c9de
[21:58:19] [Server thread/TRACE] [FML]:   Registry: 204 minecraft:lime_banner net.minecraft.item.crafting.ShapedRecipes@b808af5
[21:58:19] [Server thread/TRACE] [FML]:   Registry: 205 minecraft:light_weighted_pressure_plate net.minecraft.item.crafting.ShapedRecipes@3eee08f5
[21:58:19] [Server thread/TRACE] [FML]:   Registry: 206 minecraft:light_gray_wool net.minecraft.item.crafting.ShapelessRecipes@290c266c
[21:58:19] [Server thread/TRACE] [FML]:   Registry: 207 minecraft:light_gray_stained_hardened_clay net.minecraft.item.crafting.ShapedRecipes@2570b316
[21:58:19] [Server thread/TRACE] [FML]:   Registry: 208 minecraft:light_gray_stained_glass_pane net.minecraft.item.crafting.ShapedRecipes@58ebee9
[21:58:19] [Server thread/TRACE] [FML]:   Registry: 209 minecraft:light_gray_stained_glass net.minecraft.item.crafting.ShapedRecipes@6be50b35
[21:58:19] [Server thread/TRACE] [FML]:   Registry: 210 minecraft:light_gray_dye_from_white_tulip net.minecraft.item.crafting.ShapelessRecipes@73385d3f
[21:58:19] [Server thread/TRACE] [FML]:   Registry: 211 minecraft:light_gray_dye_from_oxeye_daisy net.minecraft.item.crafting.ShapelessRecipes@4449a60b
[21:58:19] [Server thread/TRACE] [FML]:   Registry: 212 minecraft:light_gray_dye_from_ink_bonemeal net.minecraft.item.crafting.ShapelessRecipes@7df3da0b
[21:58:19] [Server thread/TRACE] [FML]:   Registry: 213 minecraft:light_gray_dye_from_gray_bonemeal net.minecraft.item.crafting.ShapelessRecipes@6480a063
[21:58:19] [Server thread/TRACE] [FML]:   Registry: 214 minecraft:light_gray_dye_from_azure_bluet net.minecraft.item.crafting.ShapelessRecipes@288409f0
[21:58:19] [Server thread/TRACE] [FML]:   Registry: 215 minecraft:light_gray_concrete_powder net.minecraft.item.crafting.ShapelessRecipes@1d806de6
[21:58:19] [Server thread/TRACE] [FML]:   Registry: 216 minecraft:light_gray_carpet net.minecraft.item.crafting.ShapedRecipes@3514ac7d
[21:58:19] [Server thread/TRACE] [FML]:   Registry: 217 minecraft:light_gray_bed_from_white_bed net.minecraft.item.crafting.ShapelessRecipes@5b5b53c6
[21:58:19] [Server thread/TRACE] [FML]:   Registry: 218 minecraft:light_gray_bed net.minecraft.item.crafting.ShapedRecipes@2e7a9db7
[21:58:19] [Server thread/TRACE] [FML]:   Registry: 219 minecraft:light_gray_banner net.minecraft.item.crafting.ShapedRecipes@54234569
[21:58:19] [Server thread/TRACE] [FML]:   Registry: 220 minecraft:light_blue_wool net.minecraft.item.crafting.ShapelessRecipes@9147ba2
[21:58:19] [Server thread/TRACE] [FML]:   Registry: 221 minecraft:light_blue_stained_hardened_clay net.minecraft.item.crafting.ShapedRecipes@53525379
[21:58:19] [Server thread/TRACE] [FML]:   Registry: 222 minecraft:light_blue_stained_glass_pane net.minecraft.item.crafting.ShapedRecipes@6de33fde
[21:58:19] [Server thread/TRACE] [FML]:   Registry: 223 minecraft:light_blue_stained_glass net.minecraft.item.crafting.ShapedRecipes@2a16d4dc
[21:58:19] [Server thread/TRACE] [FML]:   Registry: 224 minecraft:light_blue_dye_from_lapis_bonemeal net.minecraft.item.crafting.ShapelessRecipes@241d1052
[21:58:19] [Server thread/TRACE] [FML]:   Registry: 225 minecraft:light_blue_dye_from_blue_orchid net.minecraft.item.crafting.ShapelessRecipes@4fd37449
[21:58:19] [Server thread/TRACE] [FML]:   Registry: 226 minecraft:light_blue_concrete_powder net.minecraft.item.crafting.ShapelessRecipes@5950054d
[21:58:19] [Server thread/TRACE] [FML]:   Registry: 227 minecraft:light_blue_carpet net.minecraft.item.crafting.ShapedRecipes@64665781
[21:58:19] [Server thread/TRACE] [FML]:   Registry: 228 minecraft:light_blue_bed_from_white_bed net.minecraft.item.crafting.ShapelessRecipes@430d3021
[21:58:19] [Server thread/TRACE] [FML]:   Registry: 229 minecraft:light_blue_bed net.minecraft.item.crafting.ShapedRecipes@cf984d9
[21:58:19] [Server thread/TRACE] [FML]:   Registry: 230 minecraft:light_blue_banner net.minecraft.item.crafting.ShapedRecipes@13ee97af
[21:58:19] [Server thread/TRACE] [FML]:   Registry: 231 minecraft:lever net.minecraft.item.crafting.ShapedRecipes@53ba25ff
[21:58:19] [Server thread/TRACE] [FML]:   Registry: 232 minecraft:leather_leggings net.minecraft.item.crafting.ShapedRecipes@4152bd0f
[21:58:19] [Server thread/TRACE] [FML]:   Registry: 233 minecraft:leather_helmet net.minecraft.item.crafting.ShapedRecipes@36665c11
[21:58:19] [Server thread/TRACE] [FML]:   Registry: 234 minecraft:leather_chestplate net.minecraft.item.crafting.ShapedRecipes@1da5c19d
[21:58:19] [Server thread/TRACE] [FML]:   Registry: 235 minecraft:leather_boots net.minecraft.item.crafting.ShapedRecipes@16fc5622
[21:58:19] [Server thread/TRACE] [FML]:   Registry: 236 minecraft:leather net.minecraft.item.crafting.ShapedRecipes@edbc2bf
[21:58:19] [Server thread/TRACE] [FML]:   Registry: 237 minecraft:lead net.minecraft.item.crafting.ShapedRecipes@6bf0f70a
[21:58:19] [Server thread/TRACE] [FML]:   Registry: 238 minecraft:lapis_lazuli net.minecraft.item.crafting.ShapedRecipes@1827fc4e
[21:58:19] [Server thread/TRACE] [FML]:   Registry: 239 minecraft:lapis_block net.minecraft.item.crafting.ShapedRecipes@644947ee
[21:58:19] [Server thread/TRACE] [FML]:   Registry: 240 minecraft:ladder net.minecraft.item.crafting.ShapedRecipes@4491eaeb
[21:58:19] [Server thread/TRACE] [FML]:   Registry: 241 minecraft:jungle_wooden_slab net.minecraft.item.crafting.ShapedRecipes@336d28a1
[21:58:19] [Server thread/TRACE] [FML]:   Registry: 242 minecraft:jungle_stairs net.minecraft.item.crafting.ShapedRecipes@62158991
[21:58:19] [Server thread/TRACE] [FML]:   Registry: 243 minecraft:jungle_planks net.minecraft.item.crafting.ShapedRecipes@5891b7c5
[21:58:19] [Server thread/TRACE] [FML]:   Registry: 244 minecraft:jungle_fence_gate net.minecraft.item.crafting.ShapedRecipes@2965dd88
[21:58:19] [Server thread/TRACE] [FML]:   Registry: 245 minecraft:jungle_fence net.minecraft.item.crafting.ShapedRecipes@d13379e
[21:58:19] [Server thread/TRACE] [FML]:   Registry: 246 minecraft:jungle_door net.minecraft.item.crafting.ShapedRecipes@1f5d7fd5
[21:58:19] [Server thread/TRACE] [FML]:   Registry: 247 minecraft:jungle_boat net.minecraft.item.crafting.ShapedRecipes@78f5cbc5
[21:58:19] [Server thread/TRACE] [FML]:   Registry: 248 minecraft:jukebox net.minecraft.item.crafting.ShapedRecipes@70ee1963
[21:58:19] [Server thread/TRACE] [FML]:   Registry: 249 minecraft:item_frame net.minecraft.item.crafting.ShapedRecipes@eb1d475
[21:58:19] [Server thread/TRACE] [FML]:   Registry: 250 minecraft:iron_trapdoor net.minecraft.item.crafting.ShapedRecipes@11bfd751
[21:58:19] [Server thread/TRACE] [FML]:   Registry: 251 minecraft:iron_sword net.minecraft.item.crafting.ShapedRecipes@17df689e
[21:58:19] [Server thread/TRACE] [FML]:   Registry: 252 minecraft:iron_shovel net.minecraft.item.crafting.ShapedRecipes@713e7d9a
[21:58:19] [Server thread/TRACE] [FML]:   Registry: 253 minecraft:iron_pickaxe net.minecraft.item.crafting.ShapedRecipes@3d764641
[21:58:19] [Server thread/TRACE] [FML]:   Registry: 254 minecraft:iron_nugget net.minecraft.item.crafting.ShapedRecipes@10d4b573
[21:58:19] [Server thread/TRACE] [FML]:   Registry: 255 minecraft:iron_leggings net.minecraft.item.crafting.ShapedRecipes@2b6fcca1
[21:58:19] [Server thread/TRACE] [FML]:   Registry: 256 minecraft:iron_ingot_from_nuggets net.minecraft.item.crafting.ShapedRecipes@4392362c
[21:58:19] [Server thread/TRACE] [FML]:   Registry: 257 minecraft:iron_ingot_from_block net.minecraft.item.crafting.ShapedRecipes@2328ec73
[21:58:19] [Server thread/TRACE] [FML]:   Registry: 258 minecraft:iron_hoe net.minecraft.item.crafting.ShapedRecipes@18cbc3c2
[21:58:19] [Server thread/TRACE] [FML]:   Registry: 259 minecraft:iron_helmet net.minecraft.item.crafting.ShapedRecipes@404009df
[21:58:19] [Server thread/TRACE] [FML]:   Registry: 260 minecraft:iron_door net.minecraft.item.crafting.ShapedRecipes@25216999
[21:58:19] [Server thread/TRACE] [FML]:   Registry: 261 minecraft:iron_chestplate net.minecraft.item.crafting.ShapedRecipes@6b7c4734
[21:58:19] [Server thread/TRACE] [FML]:   Registry: 262 minecraft:iron_boots net.minecraft.item.crafting.ShapedRecipes@8d810f2
[21:58:19] [Server thread/TRACE] [FML]:   Registry: 263 minecraft:iron_block net.minecraft.item.crafting.ShapedRecipes@79e2606f
[21:58:19] [Server thread/TRACE] [FML]:   Registry: 264 minecraft:iron_bars net.minecraft.item.crafting.ShapedRecipes@3ca278bc
[21:58:19] [Server thread/TRACE] [FML]:   Registry: 265 minecraft:iron_axe net.minecraft.item.crafting.ShapedRecipes@47b4ac83
[21:58:19] [Server thread/TRACE] [FML]:   Registry: 266 minecraft:hopper_minecart net.minecraft.item.crafting.ShapedRecipes@7c69e1e1
[21:58:19] [Server thread/TRACE] [FML]:   Registry: 267 minecraft:hopper net.minecraft.item.crafting.ShapedRecipes@5788722f
[21:58:19] [Server thread/TRACE] [FML]:   Registry: 268 minecraft:heavy_weighted_pressure_plate net.minecraft.item.crafting.ShapedRecipes@71468613
[21:58:19] [Server thread/TRACE] [FML]:   Registry: 269 minecraft:hay_block net.minecraft.item.crafting.ShapedRecipes@287ad0da
[21:58:19] [Server thread/TRACE] [FML]:   Registry: 270 minecraft:green_wool net.minecraft.item.crafting.ShapelessRecipes@7fcc3745
[21:58:19] [Server thread/TRACE] [FML]:   Registry: 271 minecraft:green_stained_hardened_clay net.minecraft.item.crafting.ShapedRecipes@588d630d
[21:58:19] [Server thread/TRACE] [FML]:   Registry: 272 minecraft:green_stained_glass_pane net.minecraft.item.crafting.ShapedRecipes@60e47aab
[21:58:19] [Server thread/TRACE] [FML]:   Registry: 273 minecraft:green_stained_glass net.minecraft.item.crafting.ShapedRecipes@7884f722
[21:58:19] [Server thread/TRACE] [FML]:   Registry: 274 minecraft:green_concrete_powder net.minecraft.item.crafting.ShapelessRecipes@149b53fa
[21:58:19] [Server thread/TRACE] [FML]:   Registry: 275 minecraft:green_carpet net.minecraft.item.crafting.ShapedRecipes@2dc3ece8
[21:58:19] [Server thread/TRACE] [FML]:   Registry: 276 minecraft:green_bed_from_white_bed net.minecraft.item.crafting.ShapelessRecipes@fbbd90c
[21:58:19] [Server thread/TRACE] [FML]:   Registry: 277 minecraft:green_bed net.minecraft.item.crafting.ShapedRecipes@49d543a9
[21:58:19] [Server thread/TRACE] [FML]:   Registry: 278 minecraft:green_banner net.minecraft.item.crafting.ShapedRecipes@533e2f4
[21:58:19] [Server thread/TRACE] [FML]:   Registry: 279 minecraft:gray_wool net.minecraft.item.crafting.ShapelessRecipes@75bf9e67
[21:58:19] [Server thread/TRACE] [FML]:   Registry: 280 minecraft:gray_stained_hardened_clay net.minecraft.item.crafting.ShapedRecipes@51508029
[21:58:19] [Server thread/TRACE] [FML]:   Registry: 281 minecraft:gray_stained_glass_pane net.minecraft.item.crafting.ShapedRecipes@2cadcff6
[21:58:19] [Server thread/TRACE] [FML]:   Registry: 282 minecraft:gray_stained_glass net.minecraft.item.crafting.ShapedRecipes@e5c5e6
[21:58:19] [Server thread/TRACE] [FML]:   Registry: 283 minecraft:gray_dye net.minecraft.item.crafting.ShapelessRecipes@8cb7185
[21:58:19] [Server thread/TRACE] [FML]:   Registry: 284 minecraft:gray_concrete_powder net.minecraft.item.crafting.ShapelessRecipes@a6dffdb
[21:58:19] [Server thread/TRACE] [FML]:   Registry: 285 minecraft:gray_carpet net.minecraft.item.crafting.ShapedRecipes@bb50de6
[21:58:19] [Server thread/TRACE] [FML]:   Registry: 286 minecraft:gray_bed_from_white_bed net.minecraft.item.crafting.ShapelessRecipes@c4551c6
[21:58:19] [Server thread/TRACE] [FML]:   Registry: 287 minecraft:gray_bed net.minecraft.item.crafting.ShapedRecipes@528f5b7f
[21:58:19] [Server thread/TRACE] [FML]:   Registry: 288 minecraft:gray_banner net.minecraft.item.crafting.ShapedRecipes@1ef93e01
[21:58:19] [Server thread/TRACE] [FML]:   Registry: 289 minecraft:granite net.minecraft.item.crafting.ShapelessRecipes@66863941
[21:58:19] [Server thread/TRACE] [FML]:   Registry: 290 minecraft:golden_sword net.minecraft.item.crafting.ShapedRecipes@54387873
[21:58:19] [Server thread/TRACE] [FML]:   Registry: 291 minecraft:golden_shovel net.minecraft.item.crafting.ShapedRecipes@1d9af731
[21:58:19] [Server thread/TRACE] [FML]:   Registry: 292 minecraft:golden_rail net.minecraft.item.crafting.ShapedRecipes@4e96cb04
[21:58:19] [Server thread/TRACE] [FML]:   Registry: 293 minecraft:golden_pickaxe net.minecraft.item.crafting.ShapedRecipes@75d539b9
[21:58:19] [Server thread/TRACE] [FML]:   Registry: 294 minecraft:golden_leggings net.minecraft.item.crafting.ShapedRecipes@3578a45b
[21:58:19] [Server thread/TRACE] [FML]:   Registry: 295 minecraft:golden_hoe net.minecraft.item.crafting.ShapedRecipes@311d28f5
[21:58:19] [Server thread/TRACE] [FML]:   Registry: 296 minecraft:golden_helmet net.minecraft.item.crafting.ShapedRecipes@2fcc5f49
[21:58:19] [Server thread/TRACE] [FML]:   Registry: 297 minecraft:golden_chestplate net.minecraft.item.crafting.ShapedRecipes@22361e23
[21:58:19] [Server thread/TRACE] [FML]:   Registry: 298 minecraft:golden_carrot net.minecraft.item.crafting.ShapedRecipes@20184ade
[21:58:19] [Server thread/TRACE] [FML]:   Registry: 299 minecraft:golden_boots net.minecraft.item.crafting.ShapedRecipes@6b0325d0
[21:58:19] [Server thread/TRACE] [FML]:   Registry: 300 minecraft:golden_axe net.minecraft.item.crafting.ShapedRecipes@51cca357
[21:58:19] [Server thread/TRACE] [FML]:   Registry: 301 minecraft:golden_apple net.minecraft.item.crafting.ShapedRecipes@5a205ee5
[21:58:19] [Server thread/TRACE] [FML]:   Registry: 302 minecraft:gold_nugget net.minecraft.item.crafting.ShapedRecipes@5256fbc
[21:58:19] [Server thread/TRACE] [FML]:   Registry: 303 minecraft:gold_ingot_from_nuggets net.minecraft.item.crafting.ShapedRecipes@2619cb76
[21:58:19] [Server thread/TRACE] [FML]:   Registry: 304 minecraft:gold_ingot_from_block net.minecraft.item.crafting.ShapedRecipes@5d297d4d
[21:58:19] [Server thread/TRACE] [FML]:   Registry: 305 minecraft:gold_block net.minecraft.item.crafting.ShapedRecipes@552bee2f
[21:58:19] [Server thread/TRACE] [FML]:   Registry: 306 minecraft:glowstone net.minecraft.item.crafting.ShapedRecipes@15130002
[21:58:19] [Server thread/TRACE] [FML]:   Registry: 307 minecraft:glass_pane net.minecraft.item.crafting.ShapedRecipes@526893f
[21:58:19] [Server thread/TRACE] [FML]:   Registry: 308 minecraft:glass_bottle net.minecraft.item.crafting.ShapedRecipes@4ab9d160
[21:58:19] [Server thread/TRACE] [FML]:   Registry: 309 minecraft:furnace_minecart net.minecraft.item.crafting.ShapedRecipes@6fa2a006
[21:58:19] [Server thread/TRACE] [FML]:   Registry: 310 minecraft:furnace net.minecraft.item.crafting.ShapedRecipes@39695803
[21:58:19] [Server thread/TRACE] [FML]:   Registry: 311 minecraft:flower_pot net.minecraft.item.crafting.ShapedRecipes@6fe2a366
[21:58:19] [Server thread/TRACE] [FML]:   Registry: 312 minecraft:flint_and_steel net.minecraft.item.crafting.ShapelessRecipes@5c79c5ec
[21:58:19] [Server thread/TRACE] [FML]:   Registry: 313 minecraft:fishing_rod net.minecraft.item.crafting.ShapedRecipes@248b2b61
[21:58:19] [Server thread/TRACE] [FML]:   Registry: 314 minecraft:fire_charge net.minecraft.item.crafting.ShapelessRecipes@6282f1eb
[21:58:19] [Server thread/TRACE] [FML]:   Registry: 315 minecraft:fermented_spider_eye net.minecraft.item.crafting.ShapelessRecipes@590dea35
[21:58:19] [Server thread/TRACE] [FML]:   Registry: 316 minecraft:fence_gate net.minecraft.item.crafting.ShapedRecipes@46994f26
[21:58:19] [Server thread/TRACE] [FML]:   Registry: 317 minecraft:fence net.minecraft.item.crafting.ShapedRecipes@6106dfb6
[21:58:19] [Server thread/TRACE] [FML]:   Registry: 318 minecraft:ender_eye net.minecraft.item.crafting.ShapelessRecipes@2336cd91
[21:58:19] [Server thread/TRACE] [FML]:   Registry: 319 minecraft:ender_chest net.minecraft.item.crafting.ShapedRecipes@4b50c21
[21:58:19] [Server thread/TRACE] [FML]:   Registry: 320 minecraft:end_rod net.minecraft.item.crafting.ShapedRecipes@3fe98084
[21:58:19] [Server thread/TRACE] [FML]:   Registry: 321 minecraft:end_crystal net.minecraft.item.crafting.ShapedRecipes@46d148bd
[21:58:19] [Server thread/TRACE] [FML]:   Registry: 322 minecraft:end_bricks net.minecraft.item.crafting.ShapedRecipes@563ada5
[21:58:19] [Server thread/TRACE] [FML]:   Registry: 323 minecraft:enchanting_table net.minecraft.item.crafting.ShapedRecipes@4470106b
[21:58:19] [Server thread/TRACE] [FML]:   Registry: 324 minecraft:emerald_block net.minecraft.item.crafting.ShapedRecipes@68c4db77
[21:58:19] [Server thread/TRACE] [FML]:   Registry: 325 minecraft:emerald net.minecraft.item.crafting.ShapedRecipes@7e89eba7
[21:58:19] [Server thread/TRACE] [FML]:   Registry: 326 minecraft:dropper net.minecraft.item.crafting.ShapedRecipes@478089b6
[21:58:19] [Server thread/TRACE] [FML]:   Registry: 327 minecraft:dispenser net.minecraft.item.crafting.ShapedRecipes@77020328
[21:58:19] [Server thread/TRACE] [FML]:   Registry: 328 minecraft:diorite net.minecraft.item.crafting.ShapedRecipes@e6e5da4
[21:58:19] [Server thread/TRACE] [FML]:   Registry: 329 minecraft:diamond_sword net.minecraft.item.crafting.ShapedRecipes@1d556461
[21:58:19] [Server thread/TRACE] [FML]:   Registry: 330 minecraft:diamond_shovel net.minecraft.item.crafting.ShapedRecipes@749f61a3
[21:58:19] [Server thread/TRACE] [FML]:   Registry: 331 minecraft:diamond_pickaxe net.minecraft.item.crafting.ShapedRecipes@45dc7be
[21:58:19] [Server thread/TRACE] [FML]:   Registry: 332 minecraft:diamond_leggings net.minecraft.item.crafting.ShapedRecipes@27ec0d06
[21:58:19] [Server thread/TRACE] [FML]:   Registry: 333 minecraft:diamond_hoe net.minecraft.item.crafting.ShapedRecipes@3a48c398
[21:58:19] [Server thread/TRACE] [FML]:   Registry: 334 minecraft:diamond_helmet net.minecraft.item.crafting.ShapedRecipes@3dded90a
[21:58:19] [Server thread/TRACE] [FML]:   Registry: 335 minecraft:diamond_chestplate net.minecraft.item.crafting.ShapedRecipes@3c743d40
[21:58:19] [Server thread/TRACE] [FML]:   Registry: 336 minecraft:diamond_boots net.minecraft.item.crafting.ShapedRecipes@335b3d6
[21:58:19] [Server thread/TRACE] [FML]:   Registry: 337 minecraft:diamond_block net.minecraft.item.crafting.ShapedRecipes@38826984
[21:58:19] [Server thread/TRACE] [FML]:   Registry: 338 minecraft:diamond_axe net.minecraft.item.crafting.ShapedRecipes@2e1291a4
[21:58:19] [Server thread/TRACE] [FML]:   Registry: 339 minecraft:diamond net.minecraft.item.crafting.ShapedRecipes@1e95f584
[21:58:19] [Server thread/TRACE] [FML]:   Registry: 340 minecraft:detector_rail net.minecraft.item.crafting.ShapedRecipes@2b974137
[21:58:19] [Server thread/TRACE] [FML]:   Registry: 341 minecraft:daylight_detector net.minecraft.item.crafting.ShapedRecipes@3f1d6a13
[21:58:19] [Server thread/TRACE] [FML]:   Registry: 342 minecraft:dark_prismarine net.minecraft.item.crafting.ShapedRecipes@6ca33187
[21:58:19] [Server thread/TRACE] [FML]:   Registry: 343 minecraft:dark_oak_wooden_slab net.minecraft.item.crafting.ShapedRecipes@76fc5687
[21:58:19] [Server thread/TRACE] [FML]:   Registry: 344 minecraft:dark_oak_stairs net.minecraft.item.crafting.ShapedRecipes@50fd739d
[21:58:19] [Server thread/TRACE] [FML]:   Registry: 345 minecraft:dark_oak_planks net.minecraft.item.crafting.ShapedRecipes@78504ce9
[21:58:19] [Server thread/TRACE] [FML]:   Registry: 346 minecraft:dark_oak_fence_gate net.minecraft.item.crafting.ShapedRecipes@26d8908e
[21:58:19] [Server thread/TRACE] [FML]:   Registry: 347 minecraft:dark_oak_fence net.minecraft.item.crafting.ShapedRecipes@61d09475
[21:58:19] [Server thread/TRACE] [FML]:   Registry: 348 minecraft:dark_oak_door net.minecraft.item.crafting.ShapedRecipes@7f70e244
[21:58:19] [Server thread/TRACE] [FML]:   Registry: 349 minecraft:dark_oak_boat net.minecraft.item.crafting.ShapedRecipes@68454ed5
[21:58:19] [Server thread/TRACE] [FML]:   Registry: 350 minecraft:cyan_wool net.minecraft.item.crafting.ShapelessRecipes@591e5fd4
[21:58:19] [Server thread/TRACE] [FML]:   Registry: 351 minecraft:cyan_stained_hardened_clay net.minecraft.item.crafting.ShapedRecipes@ce19c86
[21:58:19] [Server thread/TRACE] [FML]:   Registry: 352 minecraft:cyan_stained_glass_pane net.minecraft.item.crafting.ShapedRecipes@1bb4c431
[21:58:19] [Server thread/TRACE] [FML]:   Registry: 353 minecraft:cyan_stained_glass net.minecraft.item.crafting.ShapedRecipes@56b66a26
[21:58:19] [Server thread/TRACE] [FML]:   Registry: 354 minecraft:cyan_dye net.minecraft.item.crafting.ShapelessRecipes@6dbb3d7d
[21:58:19] [Server thread/TRACE] [FML]:   Registry: 355 minecraft:cyan_concrete_powder net.minecraft.item.crafting.ShapelessRecipes@6e668322
[21:58:19] [Server thread/TRACE] [FML]:   Registry: 356 minecraft:cyan_carpet net.minecraft.item.crafting.ShapedRecipes@6f4adaab
[21:58:19] [Server thread/TRACE] [FML]:   Registry: 357 minecraft:cyan_bed_from_white_bed net.minecraft.item.crafting.ShapelessRecipes@4e1a3d5a
[21:58:19] [Server thread/TRACE] [FML]:   Registry: 358 minecraft:cyan_bed net.minecraft.item.crafting.ShapedRecipes@4cef0747
[21:58:19] [Server thread/TRACE] [FML]:   Registry: 359 minecraft:cyan_banner net.minecraft.item.crafting.ShapedRecipes@4e10a320
[21:58:19] [Server thread/TRACE] [FML]:   Registry: 360 minecraft:crafting_table net.minecraft.item.crafting.ShapedRecipes@7d17906
[21:58:19] [Server thread/TRACE] [FML]:   Registry: 361 minecraft:cookie net.minecraft.item.crafting.ShapedRecipes@5534e6f1
[21:58:19] [Server thread/TRACE] [FML]:   Registry: 362 minecraft:compass net.minecraft.item.crafting.ShapedRecipes@2ae2fa13
[21:58:19] [Server thread/TRACE] [FML]:   Registry: 363 minecraft:comparator net.minecraft.item.crafting.ShapedRecipes@6d4502ca
[21:58:19] [Server thread/TRACE] [FML]:   Registry: 364 minecraft:cobblestone_wall net.minecraft.item.crafting.ShapedRecipes@5b5b9521
[21:58:19] [Server thread/TRACE] [FML]:   Registry: 365 minecraft:cobblestone_slab net.minecraft.item.crafting.ShapedRecipes@13404f75
[21:58:19] [Server thread/TRACE] [FML]:   Registry: 366 minecraft:coarse_dirt net.minecraft.item.crafting.ShapedRecipes@8aa5ab4
[21:58:19] [Server thread/TRACE] [FML]:   Registry: 367 minecraft:coal_block net.minecraft.item.crafting.ShapedRecipes@4e756867
[21:58:19] [Server thread/TRACE] [FML]:   Registry: 368 minecraft:coal net.minecraft.item.crafting.ShapedRecipes@1c31de5d
[21:58:19] [Server thread/TRACE] [FML]:   Registry: 369 minecraft:clock net.minecraft.item.crafting.ShapedRecipes@f5ae29e
[21:58:19] [Server thread/TRACE] [FML]:   Registry: 370 minecraft:clay net.minecraft.item.crafting.ShapedRecipes@5a2f401a
[21:58:19] [Server thread/TRACE] [FML]:   Registry: 371 minecraft:chiseled_stonebrick net.minecraft.item.crafting.ShapedRecipes@2d230cff
[21:58:19] [Server thread/TRACE] [FML]:   Registry: 372 minecraft:chiseled_sandstone net.minecraft.item.crafting.ShapedRecipes@6124dda2
[21:58:19] [Server thread/TRACE] [FML]:   Registry: 373 minecraft:chiseled_red_sandstone net.minecraft.item.crafting.ShapedRecipes@3d59933
[21:58:19] [Server thread/TRACE] [FML]:   Registry: 374 minecraft:chiseled_quartz_block net.minecraft.item.crafting.ShapedRecipes@26a33cf
[21:58:19] [Server thread/TRACE] [FML]:   Registry: 375 minecraft:chest_minecart net.minecraft.item.crafting.ShapedRecipes@65259c53
[21:58:19] [Server thread/TRACE] [FML]:   Registry: 376 minecraft:chest net.minecraft.item.crafting.ShapedRecipes@6c1f15df
[21:58:19] [Server thread/TRACE] [FML]:   Registry: 377 minecraft:cauldron net.minecraft.item.crafting.ShapedRecipes@67f8f5a6
[21:58:19] [Server thread/TRACE] [FML]:   Registry: 378 minecraft:carrot_on_a_stick net.minecraft.item.crafting.ShapedRecipes@ba0018e
[21:58:19] [Server thread/TRACE] [FML]:   Registry: 379 minecraft:cake net.minecraft.item.crafting.ShapedRecipes@3ea2f72e
[21:58:19] [Server thread/TRACE] [FML]:   Registry: 380 minecraft:bucket net.minecraft.item.crafting.ShapedRecipes@3a8b9458
[21:58:19] [Server thread/TRACE] [FML]:   Registry: 381 minecraft:brown_wool net.minecraft.item.crafting.ShapelessRecipes@295f2d1b
[21:58:19] [Server thread/TRACE] [FML]:   Registry: 382 minecraft:brown_stained_hardened_clay net.minecraft.item.crafting.ShapedRecipes@47e60b71
[21:58:19] [Server thread/TRACE] [FML]:   Registry: 383 minecraft:brown_stained_glass_pane net.minecraft.item.crafting.ShapedRecipes@1eb9d69a
[21:58:19] [Server thread/TRACE] [FML]:   Registry: 384 minecraft:brown_stained_glass net.minecraft.item.crafting.ShapedRecipes@49a06087
[21:58:19] [Server thread/TRACE] [FML]:   Registry: 385 minecraft:brown_concrete_powder net.minecraft.item.crafting.ShapelessRecipes@5af40e45
[21:58:19] [Server thread/TRACE] [FML]:   Registry: 386 minecraft:brown_carpet net.minecraft.item.crafting.ShapedRecipes@2110684a
[21:58:19] [Server thread/TRACE] [FML]:   Registry: 387 minecraft:brown_bed_from_white_bed net.minecraft.item.crafting.ShapelessRecipes@62794582
[21:58:19] [Server thread/TRACE] [FML]:   Registry: 388 minecraft:brown_bed net.minecraft.item.crafting.ShapedRecipes@1cb44a2f
[21:58:19] [Server thread/TRACE] [FML]:   Registry: 389 minecraft:brown_banner net.minecraft.item.crafting.ShapedRecipes@638d2ce3
[21:58:19] [Server thread/TRACE] [FML]:   Registry: 390 minecraft:brick_stairs net.minecraft.item.crafting.ShapedRecipes@131d977f
[21:58:19] [Server thread/TRACE] [FML]:   Registry: 391 minecraft:brick_slab net.minecraft.item.crafting.ShapedRecipes@43d6262c
[21:58:19] [Server thread/TRACE] [FML]:   Registry: 392 minecraft:brick_block net.minecraft.item.crafting.ShapedRecipes@9d3a7a1
[21:58:19] [Server thread/TRACE] [FML]:   Registry: 393 minecraft:brewing_stand net.minecraft.item.crafting.ShapedRecipes@15a484a9
[21:58:19] [Server thread/TRACE] [FML]:   Registry: 394 minecraft:bread net.minecraft.item.crafting.ShapedRecipes@7c47e077
[21:58:19] [Server thread/TRACE] [FML]:   Registry: 395 minecraft:bowl net.minecraft.item.crafting.ShapedRecipes@294c44b7
[21:58:19] [Server thread/TRACE] [FML]:   Registry: 396 minecraft:bow net.minecraft.item.crafting.ShapedRecipes@72e75786
[21:58:19] [Server thread/TRACE] [FML]:   Registry: 397 minecraft:bookshelf net.minecraft.item.crafting.ShapedRecipes@688d619c
[21:58:19] [Server thread/TRACE] [FML]:   Registry: 398 minecraft:book net.minecraft.item.crafting.ShapelessRecipes@1b632442
[21:58:19] [Server thread/TRACE] [FML]:   Registry: 399 minecraft:bone_meal_from_bone net.minecraft.item.crafting.ShapelessRecipes@57a982f9
[21:58:19] [Server thread/TRACE] [FML]:   Registry: 400 minecraft:bone_meal_from_block net.minecraft.item.crafting.ShapelessRecipes@24de63b
[21:58:19] [Server thread/TRACE] [FML]:   Registry: 401 minecraft:bone_block net.minecraft.item.crafting.ShapedRecipes@645d4639
[21:58:19] [Server thread/TRACE] [FML]:   Registry: 402 minecraft:boat net.minecraft.item.crafting.ShapedRecipes@3d3b272a
[21:58:19] [Server thread/TRACE] [FML]:   Registry: 403 minecraft:blue_wool net.minecraft.item.crafting.ShapelessRecipes@707f4647
[21:58:19] [Server thread/TRACE] [FML]:   Registry: 404 minecraft:blue_stained_hardened_clay net.minecraft.item.crafting.ShapedRecipes@d6d683e
[21:58:19] [Server thread/TRACE] [FML]:   Registry: 405 minecraft:blue_stained_glass_pane net.minecraft.item.crafting.ShapedRecipes@17f41739
[21:58:19] [Server thread/TRACE] [FML]:   Registry: 406 minecraft:blue_stained_glass net.minecraft.item.crafting.ShapedRecipes@144440f5
[21:58:19] [Server thread/TRACE] [FML]:   Registry: 407 minecraft:blue_concrete_powder net.minecraft.item.crafting.ShapelessRecipes@4946485c
[21:58:19] [Server thread/TRACE] [FML]:   Registry: 408 minecraft:blue_carpet net.minecraft.item.crafting.ShapedRecipes@340fc1aa
[21:58:19] [Server thread/TRACE] [FML]:   Registry: 409 minecraft:blue_bed_from_white_bed net.minecraft.item.crafting.ShapelessRecipes@22429a11
[21:58:19] [Server thread/TRACE] [FML]:   Registry: 410 minecraft:blue_bed net.minecraft.item.crafting.ShapedRecipes@2a99fa07
[21:58:19] [Server thread/TRACE] [FML]:   Registry: 411 minecraft:blue_banner net.minecraft.item.crafting.ShapedRecipes@32dbca45
[21:58:19] [Server thread/TRACE] [FML]:   Registry: 412 minecraft:blaze_powder net.minecraft.item.crafting.ShapelessRecipes@4182a651
[21:58:19] [Server thread/TRACE] [FML]:   Registry: 413 minecraft:black_wool net.minecraft.item.crafting.ShapelessRecipes@799fb45e
[21:58:19] [Server thread/TRACE] [FML]:   Registry: 414 minecraft:black_stained_hardened_clay net.minecraft.item.crafting.ShapedRecipes@299cab08
[21:58:19] [Server thread/TRACE] [FML]:   Registry: 415 minecraft:black_stained_glass_pane net.minecraft.item.crafting.ShapedRecipes@6ffc6ea7
[21:58:19] [Server thread/TRACE] [FML]:   Registry: 416 minecraft:black_stained_glass net.minecraft.item.crafting.ShapedRecipes@5627b8eb
[21:58:19] [Server thread/TRACE] [FML]:   Registry: 417 minecraft:black_concrete_powder net.minecraft.item.crafting.ShapelessRecipes@35524549
[21:58:19] [Server thread/TRACE] [FML]:   Registry: 418 minecraft:black_carpet net.minecraft.item.crafting.ShapedRecipes@71285693
[21:58:19] [Server thread/TRACE] [FML]:   Registry: 419 minecraft:black_bed_from_white_bed net.minecraft.item.crafting.ShapelessRecipes@520c3dcb
[21:58:19] [Server thread/TRACE] [FML]:   Registry: 420 minecraft:black_bed net.minecraft.item.crafting.ShapedRecipes@5960f17
[21:58:19] [Server thread/TRACE] [FML]:   Registry: 421 minecraft:black_banner net.minecraft.item.crafting.ShapedRecipes@53a09566
[21:58:19] [Server thread/TRACE] [FML]:   Registry: 422 minecraft:birch_wooden_slab net.minecraft.item.crafting.ShapedRecipes@24068086
[21:58:19] [Server thread/TRACE] [FML]:   Registry: 423 minecraft:birch_stairs net.minecraft.item.crafting.ShapedRecipes@6f655dbd
[21:58:19] [Server thread/TRACE] [FML]:   Registry: 424 minecraft:birch_planks net.minecraft.item.crafting.ShapedRecipes@7fb82f73
[21:58:19] [Server thread/TRACE] [FML]:   Registry: 425 minecraft:birch_fence_gate net.minecraft.item.crafting.ShapedRecipes@68c4a860
[21:58:19] [Server thread/TRACE] [FML]:   Registry: 426 minecraft:birch_fence net.minecraft.item.crafting.ShapedRecipes@1fe05fff
[21:58:19] [Server thread/TRACE] [FML]:   Registry: 427 minecraft:birch_door net.minecraft.item.crafting.ShapedRecipes@6ffbf0ac
[21:58:19] [Server thread/TRACE] [FML]:   Registry: 428 minecraft:birch_boat net.minecraft.item.crafting.ShapedRecipes@2b400bd0
[21:58:19] [Server thread/TRACE] [FML]:   Registry: 429 minecraft:beetroot_soup net.minecraft.item.crafting.ShapedRecipes@4449b273
[21:58:19] [Server thread/TRACE] [FML]:   Registry: 430 minecraft:beacon net.minecraft.item.crafting.ShapedRecipes@41e7a544
[21:58:19] [Server thread/TRACE] [FML]:   Registry: 431 minecraft:arrow net.minecraft.item.crafting.ShapedRecipes@3d98729a
[21:58:19] [Server thread/TRACE] [FML]:   Registry: 432 minecraft:armor_stand net.minecraft.item.crafting.ShapedRecipes@506b083
[21:58:19] [Server thread/TRACE] [FML]:   Registry: 433 minecraft:anvil net.minecraft.item.crafting.ShapedRecipes@2a6dbb7c
[21:58:19] [Server thread/TRACE] [FML]:   Registry: 434 minecraft:andesite net.minecraft.item.crafting.ShapelessRecipes@27b490de
[21:58:19] [Server thread/TRACE] [FML]:   Registry: 435 minecraft:activator_rail net.minecraft.item.crafting.ShapedRecipes@34bf66af
[21:58:19] [Server thread/TRACE] [FML]:   Registry: 436 minecraft:acacia_wooden_slab net.minecraft.item.crafting.ShapedRecipes@14b26e90
[21:58:19] [Server thread/TRACE] [FML]:   Registry: 437 minecraft:acacia_stairs net.minecraft.item.crafting.ShapedRecipes@2c154508
[21:58:19] [Server thread/TRACE] [FML]:   Registry: 438 minecraft:acacia_planks net.minecraft.item.crafting.ShapedRecipes@103e7c7c
[21:58:19] [Server thread/TRACE] [FML]:   Registry: 439 minecraft:acacia_fence_gate net.minecraft.item.crafting.ShapedRecipes@3355b8ff
[21:58:19] [Server thread/TRACE] [FML]:   Registry: 440 minecraft:acacia_fence net.minecraft.item.crafting.ShapedRecipes@2cff5aa3
[21:58:19] [Server thread/TRACE] [FML]:   Registry: 441 minecraft:acacia_door net.minecraft.item.crafting.ShapedRecipes@25df2014
[21:58:19] [Server thread/TRACE] [FML]:   Registry: 442 minecraft:acacia_boat net.minecraft.item.crafting.ShapedRecipes@4e61a863
[21:58:19] [Server thread/TRACE] [FML]:   Registry: 443 lucky:lucky_block net.minecraft.item.crafting.ShapedRecipes@388ffca6
[21:58:19] [Server thread/TRACE] [FML]:   Registry: 444 lucky:lucky_block_luck mod.lucky.crafting.LuckyCrafting@2b11fa39
[21:58:19] [Server thread/TRACE] [FML]:   Registry: 445 lucky:lucky_sword_luck mod.lucky.crafting.LuckyCrafting@7a8a0837
[21:58:19] [Server thread/TRACE] [FML]:   Registry: 446 lucky:lucky_bow_luck mod.lucky.crafting.LuckyCrafting@d934cf4
[21:58:19] [Server thread/TRACE] [FML]:   Registry: 447 lucky:lucky_potion_luck mod.lucky.crafting.LuckyCrafting@4a3efb2c
[21:58:19] [Server thread/TRACE] [FML]: Registry Name : minecraft:villagerprofessions
[21:58:19] [Server thread/TRACE] [FML]:   Registry: 0 minecraft:farmer net.minecraftforge.fml.common.registry.VillagerRegistry$VillagerProfession@4bdb04c8
[21:58:19] [Server thread/TRACE] [FML]:   Registry: 1 minecraft:librarian net.minecraftforge.fml.common.registry.VillagerRegistry$VillagerProfession@11574592
[21:58:19] [Server thread/TRACE] [FML]:   Registry: 2 minecraft:priest net.minecraftforge.fml.common.registry.VillagerRegistry$VillagerProfession@352e5a82
[21:58:19] [Server thread/TRACE] [FML]:   Registry: 3 minecraft:smith net.minecraftforge.fml.common.registry.VillagerRegistry$VillagerProfession@315b5913
[21:58:19] [Server thread/TRACE] [FML]:   Registry: 4 minecraft:butcher net.minecraftforge.fml.common.registry.VillagerRegistry$VillagerProfession@2e929182
[21:58:19] [Server thread/TRACE] [FML]:   Registry: 5 minecraft:nitwit net.minecraftforge.fml.common.registry.VillagerRegistry$VillagerProfession@5423a17
[21:58:19] [Server thread/TRACE] [FML]: Registry Name : minecraft:dataserializers
[21:58:19] [Server thread/TRACE] [FML]: Registry Name : minecraft:entities
[21:58:19] [Server thread/TRACE] [FML]:   Registry: 0 lucky:luckyprojectile net.minecraftforge.fml.common.registry.EntityEntry@22f8a22e
[21:58:19] [Server thread/TRACE] [FML]:   Registry: 1 minecraft:item net.minecraftforge.fml.common.registry.EntityEntry@75e0a54c
[21:58:19] [Server thread/TRACE] [FML]:   Registry: 2 minecraft:xp_orb net.minecraftforge.fml.common.registry.EntityEntry@7893c715
[21:58:19] [Server thread/TRACE] [FML]:   Registry: 3 minecraft:area_effect_cloud net.minecraftforge.fml.common.registry.EntityEntry@7db791df
[21:58:19] [Server thread/TRACE] [FML]:   Registry: 4 minecraft:elder_guardian net.minecraftforge.fml.common.registry.EntityEntry@671d97bc
[21:58:19] [Server thread/TRACE] [FML]:   Registry: 5 minecraft:wither_skeleton net.minecraftforge.fml.common.registry.EntityEntry@2b9b17ce
[21:58:19] [Server thread/TRACE] [FML]:   Registry: 6 minecraft:stray net.minecraftforge.fml.common.registry.EntityEntry@6f986501
[21:58:19] [Server thread/TRACE] [FML]:   Registry: 7 minecraft:egg net.minecraftforge.fml.common.registry.EntityEntry@29c1249a
[21:58:19] [Server thread/TRACE] [FML]:   Registry: 8 minecraft:leash_knot net.minecraftforge.fml.common.registry.EntityEntry@2d6a0766
[21:58:19] [Server thread/TRACE] [FML]:   Registry: 9 minecraft:painting net.minecraftforge.fml.common.registry.EntityEntry@31c7c281
[21:58:19] [Server thread/TRACE] [FML]:   Registry: 10 minecraft:arrow net.minecraftforge.fml.common.registry.EntityEntry@4c5f7b4f
[21:58:19] [Server thread/TRACE] [FML]:   Registry: 11 minecraft:snowball net.minecraftforge.fml.common.registry.EntityEntry@44084713
[21:58:19] [Server thread/TRACE] [FML]:   Registry: 12 minecraft:fireball net.minecraftforge.fml.common.registry.EntityEntry@16c5b50a
[21:58:19] [Server thread/TRACE] [FML]:   Registry: 13 minecraft:small_fireball net.minecraftforge.fml.common.registry.EntityEntry@7d28cdcd
[21:58:19] [Server thread/TRACE] [FML]:   Registry: 14 minecraft:ender_pearl net.minecraftforge.fml.common.registry.EntityEntry@5486ee92
[21:58:19] [Server thread/TRACE] [FML]:   Registry: 15 minecraft:eye_of_ender_signal net.minecraftforge.fml.common.registry.EntityEntry@9e62fb
[21:58:19] [Server thread/TRACE] [FML]:   Registry: 16 minecraft:potion net.minecraftforge.fml.common.registry.EntityEntry@43c0c13a
[21:58:19] [Server thread/TRACE] [FML]:   Registry: 17 minecraft:xp_bottle net.minecraftforge.fml.common.registry.EntityEntry@67941d
[21:58:19] [Server thread/TRACE] [FML]:   Registry: 18 minecraft:item_frame net.minecraftforge.fml.common.registry.EntityEntry@6fde6f05
[21:58:19] [Server thread/TRACE] [FML]:   Registry: 19 minecraft:wither_skull net.minecraftforge.fml.common.registry.EntityEntry@72110818
[21:58:19] [Server thread/TRACE] [FML]:   Registry: 20 minecraft:tnt net.minecraftforge.fml.common.registry.EntityEntry@38d525aa
[21:58:19] [Server thread/TRACE] [FML]:   Registry: 21 minecraft:falling_block net.minecraftforge.fml.common.registry.EntityEntry@7530090a
[21:58:19] [Server thread/TRACE] [FML]:   Registry: 22 minecraft:fireworks_rocket net.minecraftforge.fml.common.registry.EntityEntry@55fb36de
[21:58:19] [Server thread/TRACE] [FML]:   Registry: 23 minecraft:husk net.minecraftforge.fml.common.registry.EntityEntry@4fe2dd02
[21:58:19] [Server thread/TRACE] [FML]:   Registry: 24 minecraft:spectral_arrow net.minecraftforge.fml.common.registry.EntityEntry@5817f1ca
[21:58:19] [Server thread/TRACE] [FML]:   Registry: 25 minecraft:shulker_bullet net.minecraftforge.fml.common.registry.EntityEntry@1a2724d3
[21:58:19] [Server thread/TRACE] [FML]:   Registry: 26 minecraft:dragon_fireball net.minecraftforge.fml.common.registry.EntityEntry@2c6927f0
[21:58:19] [Server thread/TRACE] [FML]:   Registry: 27 minecraft:zombie_villager net.minecraftforge.fml.common.registry.EntityEntry@266da047
[21:58:19] [Server thread/TRACE] [FML]:   Registry: 28 minecraft:skeleton_horse net.minecraftforge.fml.common.registry.EntityEntry@5fd18419
[21:58:19] [Server thread/TRACE] [FML]:   Registry: 29 minecraft:zombie_horse net.minecraftforge.fml.common.registry.EntityEntry@26a45089
[21:58:19] [Server thread/TRACE] [FML]:   Registry: 30 minecraft:armor_stand net.minecraftforge.fml.common.registry.EntityEntry@5ab5924c
[21:58:19] [Server thread/TRACE] [FML]:   Registry: 31 minecraft:donkey net.minecraftforge.fml.common.registry.EntityEntry@191f4d65
[21:58:19] [Server thread/TRACE] [FML]:   Registry: 32 minecraft:mule net.minecraftforge.fml.common.registry.EntityEntry@6326c5ec
[21:58:19] [Server thread/TRACE] [FML]:   Registry: 33 minecraft:evocation_fangs net.minecraftforge.fml.common.registry.EntityEntry@59baf2c7
[21:58:19] [Server thread/TRACE] [FML]:   Registry: 34 minecraft:evocation_illager net.minecraftforge.fml.common.registry.EntityEntry@7d61468c
[21:58:19] [Server thread/TRACE] [FML]:   Registry: 35 minecraft:vex net.minecraftforge.fml.common.registry.EntityEntry@241fc278
[21:58:19] [Server thread/TRACE] [FML]:   Registry: 36 minecraft:vindication_illager net.minecraftforge.fml.common.registry.EntityEntry@fcd0e8d
[21:58:19] [Server thread/TRACE] [FML]:   Registry: 37 minecraft:illusion_illager net.minecraftforge.fml.common.registry.EntityEntry@62108cd3
[21:58:19] [Server thread/TRACE] [FML]:   Registry: 38 lucky:luckypotion net.minecraftforge.fml.common.registry.EntityEntry@275d5016
[21:58:19] [Server thread/TRACE] [FML]:   Registry: 40 minecraft:commandblock_minecart net.minecraftforge.fml.common.registry.EntityEntry@6c27e700
[21:58:19] [Server thread/TRACE] [FML]:   Registry: 41 minecraft:boat net.minecraftforge.fml.common.registry.EntityEntry@2d913116
[21:58:19] [Server thread/TRACE] [FML]:   Registry: 42 minecraft:minecart net.minecraftforge.fml.common.registry.EntityEntry@41582899
[21:58:19] [Server thread/TRACE] [FML]:   Registry: 43 minecraft:chest_minecart net.minecraftforge.fml.common.registry.EntityEntry@4948daec
[21:58:19] [Server thread/TRACE] [FML]:   Registry: 44 minecraft:furnace_minecart net.minecraftforge.fml.common.registry.EntityEntry@1209a0f
[21:58:19] [Server thread/TRACE] [FML]:   Registry: 45 minecraft:tnt_minecart net.minecraftforge.fml.common.registry.EntityEntry@66715ca9
[21:58:19] [Server thread/TRACE] [FML]:   Registry: 46 minecraft:hopper_minecart net.minecraftforge.fml.common.registry.EntityEntry@30afb481
[21:58:19] [Server thread/TRACE] [FML]:   Registry: 47 minecraft:spawner_minecart net.minecraftforge.fml.common.registry.EntityEntry@3c09a350
[21:58:19] [Server thread/TRACE] [FML]:   Registry: 50 minecraft:creeper net.minecraftforge.fml.common.registry.EntityEntry@30c01c37
[21:58:19] [Server thread/TRACE] [FML]:   Registry: 51 minecraft:skeleton net.minecraftforge.fml.common.registry.EntityEntry@156cfa20
[21:58:19] [Server thread/TRACE] [FML]:   Registry: 52 minecraft:spider net.minecraftforge.fml.common.registry.EntityEntry@21f50d2c
[21:58:19] [Server thread/TRACE] [FML]:   Registry: 53 minecraft:giant net.minecraftforge.fml.common.registry.EntityEntry@467af68c
[21:58:19] [Server thread/TRACE] [FML]:   Registry: 54 minecraft:zombie net.minecraftforge.fml.common.registry.EntityEntry@1d6f77d7
[21:58:19] [Server thread/TRACE] [FML]:   Registry: 55 minecraft:slime net.minecraftforge.fml.common.registry.EntityEntry@2e3cd732
[21:58:19] [Server thread/TRACE] [FML]:   Registry: 56 minecraft:ghast net.minecraftforge.fml.common.registry.EntityEntry@7f6b57f2
[21:58:19] [Server thread/TRACE] [FML]:   Registry: 57 minecraft:zombie_pigman net.minecraftforge.fml.common.registry.EntityEntry@69ce14e6
[21:58:19] [Server thread/TRACE] [FML]:   Registry: 58 minecraft:enderman net.minecraftforge.fml.common.registry.EntityEntry@36e409e0
[21:58:19] [Server thread/TRACE] [FML]:   Registry: 59 minecraft:cave_spider net.minecraftforge.fml.common.registry.EntityEntry@d120d7c
[21:58:19] [Server thread/TRACE] [FML]:   Registry: 60 minecraft:silverfish net.minecraftforge.fml.common.registry.EntityEntry@38a96593
[21:58:19] [Server thread/TRACE] [FML]:   Registry: 61 minecraft:blaze net.minecraftforge.fml.common.registry.EntityEntry@43a7203e
[21:58:19] [Server thread/TRACE] [FML]:   Registry: 62 minecraft:magma_cube net.minecraftforge.fml.common.registry.EntityEntry@5a0f87e5
[21:58:19] [Server thread/TRACE] [FML]:   Registry: 63 minecraft:ender_dragon net.minecraftforge.fml.common.registry.EntityEntry@52cb52bd
[21:58:19] [Server thread/TRACE] [FML]:   Registry: 64 minecraft:wither net.minecraftforge.fml.common.registry.EntityEntry@295b07e0
[21:58:19] [Server thread/TRACE] [FML]:   Registry: 65 minecraft:bat net.minecraftforge.fml.common.registry.EntityEntry@3193e21d
[21:58:19] [Server thread/TRACE] [FML]:   Registry: 66 minecraft:witch net.minecraftforge.fml.common.registry.EntityEntry@2b6262bc
[21:58:19] [Server thread/TRACE] [FML]:   Registry: 67 minecraft:endermite net.minecraftforge.fml.common.registry.EntityEntry@7e81617a
[21:58:19] [Server thread/TRACE] [FML]:   Registry: 68 minecraft:guardian net.minecraftforge.fml.common.registry.EntityEntry@3e28dc96
[21:58:19] [Server thread/TRACE] [FML]:   Registry: 69 minecraft:shulker net.minecraftforge.fml.common.registry.EntityEntry@b1d19ff
[21:58:19] [Server thread/TRACE] [FML]:   Registry: 90 minecraft:pig net.minecraftforge.fml.common.registry.EntityEntry@6dcf7b6a
[21:58:19] [Server thread/TRACE] [FML]:   Registry: 91 minecraft:sheep net.minecraftforge.fml.common.registry.EntityEntry@402d6012
[21:58:19] [Server thread/TRACE] [FML]:   Registry: 92 minecraft:cow net.minecraftforge.fml.common.registry.EntityEntry@38022758
[21:58:19] [Server thread/TRACE] [FML]:   Registry: 93 minecraft:chicken net.minecraftforge.fml.common.registry.EntityEntry@7e8f23ad
[21:58:19] [Server thread/TRACE] [FML]:   Registry: 94 minecraft:squid net.minecraftforge.fml.common.registry.EntityEntry@78eafad
[21:58:19] [Server thread/TRACE] [FML]:   Registry: 95 minecraft:wolf net.minecraftforge.fml.common.registry.EntityEntry@20027c44
[21:58:19] [Server thread/TRACE] [FML]:   Registry: 96 minecraft:mooshroom net.minecraftforge.fml.common.registry.EntityEntry@785a4557
[21:58:19] [Server thread/TRACE] [FML]:   Registry: 97 minecraft:snowman net.minecraftforge.fml.common.registry.EntityEntry@3b5da0b0
[21:58:19] [Server thread/TRACE] [FML]:   Registry: 98 minecraft:ocelot net.minecraftforge.fml.common.registry.EntityEntry@559fd5ec
[21:58:19] [Server thread/TRACE] [FML]:   Registry: 99 minecraft:villager_golem net.minecraftforge.fml.common.registry.EntityEntry@285bf5ac
[21:58:19] [Server thread/TRACE] [FML]:   Registry: 100 minecraft:horse net.minecraftforge.fml.common.registry.EntityEntry@40fe8fd5
[21:58:19] [Server thread/TRACE] [FML]:   Registry: 101 minecraft:rabbit net.minecraftforge.fml.common.registry.EntityEntry@640a8f93
[21:58:19] [Server thread/TRACE] [FML]:   Registry: 102 minecraft:polar_bear net.minecraftforge.fml.common.registry.EntityEntry@4e6cbdf1
[21:58:19] [Server thread/TRACE] [FML]:   Registry: 103 minecraft:llama net.minecraftforge.fml.common.registry.EntityEntry@5ad6f98e
[21:58:19] [Server thread/TRACE] [FML]:   Registry: 104 minecraft:llama_spit net.minecraftforge.fml.common.registry.EntityEntry@3316527e
[21:58:19] [Server thread/TRACE] [FML]:   Registry: 105 minecraft:parrot net.minecraftforge.fml.common.registry.EntityEntry@4afdfc0f
[21:58:19] [Server thread/TRACE] [FML]:   Registry: 120 minecraft:villager net.minecraftforge.fml.common.registry.EntityEntry@121ddca4
[21:58:19] [Server thread/TRACE] [FML]:   Registry: 200 minecraft:ender_crystal net.minecraftforge.fml.common.registry.EntityEntry@118cbded
[21:58:19] [Server thread/TRACE] [FML]: Registry Name : minecraft:blocks
[21:58:19] [Server thread/TRACE] [FML]:   Registry: 0 minecraft:air Block{minecraft:air}
[21:58:19] [Server thread/TRACE] [FML]:   Registry: 1 minecraft:stone Block{minecraft:stone}
[21:58:19] [Server thread/TRACE] [FML]:   Registry: 2 minecraft:grass Block{minecraft:grass}
[21:58:19] [Server thread/TRACE] [FML]:   Registry: 3 minecraft:dirt Block{minecraft:dirt}
[21:58:19] [Server thread/TRACE] [FML]:   Registry: 4 minecraft:cobblestone Block{minecraft:cobblestone}
[21:58:19] [Server thread/TRACE] [FML]:   Registry: 5 minecraft:planks Block{minecraft:planks}
[21:58:19] [Server thread/TRACE] [FML]:   Registry: 6 minecraft:sapling Block{minecraft:sapling}
[21:58:19] [Server thread/TRACE] [FML]:   Registry: 7 minecraft:bedrock Block{minecraft:bedrock}
[21:58:19] [Server thread/TRACE] [FML]:   Registry: 8 minecraft:flowing_water Block{minecraft:flowing_water}
[21:58:19] [Server thread/TRACE] [FML]:   Registry: 9 minecraft:water Block{minecraft:water}
[21:58:19] [Server thread/TRACE] [FML]:   Registry: 10 minecraft:flowing_lava Block{minecraft:flowing_lava}
[21:58:19] [Server thread/TRACE] [FML]:   Registry: 11 minecraft:lava Block{minecraft:lava}
[21:58:19] [Server thread/TRACE] [FML]:   Registry: 12 minecraft:sand Block{minecraft:sand}
[21:58:19] [Server thread/TRACE] [FML]:   Registry: 13 minecraft:gravel Block{minecraft:gravel}
[21:58:19] [Server thread/TRACE] [FML]:   Registry: 14 minecraft:gold_ore Block{minecraft:gold_ore}
[21:58:19] [Server thread/TRACE] [FML]:   Registry: 15 minecraft:iron_ore Block{minecraft:iron_ore}
[21:58:19] [Server thread/TRACE] [FML]:   Registry: 16 minecraft:coal_ore Block{minecraft:coal_ore}
[21:58:19] [Server thread/TRACE] [FML]:   Registry: 17 minecraft:log Block{minecraft:log}
[21:58:19] [Server thread/TRACE] [FML]:   Registry: 18 minecraft:leaves Block{minecraft:leaves}
[21:58:19] [Server thread/TRACE] [FML]:   Registry: 19 minecraft:sponge Block{minecraft:sponge}
[21:58:19] [Server thread/TRACE] [FML]:   Registry: 20 minecraft:glass Block{minecraft:glass}
[21:58:19] [Server thread/TRACE] [FML]:   Registry: 21 minecraft:lapis_ore Block{minecraft:lapis_ore}
[21:58:19] [Server thread/TRACE] [FML]:   Registry: 22 minecraft:lapis_block Block{minecraft:lapis_block}
[21:58:19] [Server thread/TRACE] [FML]:   Registry: 23 minecraft:dispenser Block{minecraft:dispenser}
[21:58:19] [Server thread/TRACE] [FML]:   Registry: 24 minecraft:sandstone Block{minecraft:sandstone}
[21:58:19] [Server thread/TRACE] [FML]:   Registry: 25 minecraft:noteblock Block{minecraft:noteblock}
[21:58:19] [Server thread/TRACE] [FML]:   Registry: 26 minecraft:bed Block{minecraft:bed}
[21:58:19] [Server thread/TRACE] [FML]:   Registry: 27 minecraft:golden_rail Block{minecraft:golden_rail}
[21:58:19] [Server thread/TRACE] [FML]:   Registry: 28 minecraft:detector_rail Block{minecraft:detector_rail}
[21:58:19] [Server thread/TRACE] [FML]:   Registry: 29 minecraft:sticky_piston Block{minecraft:sticky_piston}
[21:58:19] [Server thread/TRACE] [FML]:   Registry: 30 minecraft:web Block{minecraft:web}
[21:58:19] [Server thread/TRACE] [FML]:   Registry: 31 minecraft:tallgrass Block{minecraft:tallgrass}
[21:58:19] [Server thread/TRACE] [FML]:   Registry: 32 minecraft:deadbush Block{minecraft:deadbush}
[21:58:19] [Server thread/TRACE] [FML]:   Registry: 33 minecraft:piston Block{minecraft:piston}
[21:58:19] [Server thread/TRACE] [FML]:   Registry: 34 minecraft:piston_head Block{minecraft:piston_head}
[21:58:19] [Server thread/TRACE] [FML]:   Registry: 35 minecraft:wool Block{minecraft:wool}
[21:58:19] [Server thread/TRACE] [FML]:   Registry: 36 minecraft:piston_extension Block{minecraft:piston_extension}
[21:58:19] [Server thread/TRACE] [FML]:   Registry: 37 minecraft:yellow_flower Block{minecraft:yellow_flower}
[21:58:19] [Server thread/TRACE] [FML]:   Registry: 38 minecraft:red_flower Block{minecraft:red_flower}
[21:58:19] [Server thread/TRACE] [FML]:   Registry: 39 minecraft:brown_mushroom Block{minecraft:brown_mushroom}
[21:58:19] [Server thread/TRACE] [FML]:   Registry: 40 minecraft:red_mushroom Block{minecraft:red_mushroom}
[21:58:19] [Server thread/TRACE] [FML]:   Registry: 41 minecraft:gold_block Block{minecraft:gold_block}
[21:58:19] [Server thread/TRACE] [FML]:   Registry: 42 minecraft:iron_block Block{minecraft:iron_block}
[21:58:19] [Server thread/TRACE] [FML]:   Registry: 43 minecraft:double_stone_slab Block{minecraft:double_stone_slab}
[21:58:19] [Server thread/TRACE] [FML]:   Registry: 44 minecraft:stone_slab Block{minecraft:stone_slab}
[21:58:19] [Server thread/TRACE] [FML]:   Registry: 45 minecraft:brick_block Block{minecraft:brick_block}
[21:58:19] [Server thread/TRACE] [FML]:   Registry: 46 minecraft:tnt Block{minecraft:tnt}
[21:58:19] [Server thread/TRACE] [FML]:   Registry: 47 minecraft:bookshelf Block{minecraft:bookshelf}
[21:58:19] [Server thread/TRACE] [FML]:   Registry: 48 minecraft:mossy_cobblestone Block{minecraft:mossy_cobblestone}
[21:58:19] [Server thread/TRACE] [FML]:   Registry: 49 minecraft:obsidian Block{minecraft:obsidian}
[21:58:19] [Server thread/TRACE] [FML]:   Registry: 50 minecraft:torch Block{minecraft:torch}
[21:58:19] [Server thread/TRACE] [FML]:   Registry: 51 minecraft:fire Block{minecraft:fire}
[21:58:19] [Server thread/TRACE] [FML]:   Registry: 52 minecraft:mob_spawner Block{minecraft:mob_spawner}
[21:58:19] [Server thread/TRACE] [FML]:   Registry: 53 minecraft:oak_stairs Block{minecraft:oak_stairs}
[21:58:19] [Server thread/TRACE] [FML]:   Registry: 54 minecraft:chest Block{minecraft:chest}
[21:58:19] [Server thread/TRACE] [FML]:   Registry: 55 minecraft:redstone_wire Block{minecraft:redstone_wire}
[21:58:19] [Server thread/TRACE] [FML]:   Registry: 56 minecraft:diamond_ore Block{minecraft:diamond_ore}
[21:58:19] [Server thread/TRACE] [FML]:   Registry: 57 minecraft:diamond_block Block{minecraft:diamond_block}
[21:58:19] [Server thread/TRACE] [FML]:   Registry: 58 minecraft:crafting_table Block{minecraft:crafting_table}
[21:58:19] [Server thread/TRACE] [FML]:   Registry: 59 minecraft:wheat Block{minecraft:wheat}
[21:58:19] [Server thread/TRACE] [FML]:   Registry: 60 minecraft:farmland Block{minecraft:farmland}
[21:58:19] [Server thread/TRACE] [FML]:   Registry: 61 minecraft:furnace Block{minecraft:furnace}
[21:58:19] [Server thread/TRACE] [FML]:   Registry: 62 minecraft:lit_furnace Block{minecraft:lit_furnace}
[21:58:19] [Server thread/TRACE] [FML]:   Registry: 63 minecraft:standing_sign Block{minecraft:standing_sign}
[21:58:19] [Server thread/TRACE] [FML]:   Registry: 64 minecraft:wooden_door Block{minecraft:wooden_door}
[21:58:19] [Server thread/TRACE] [FML]:   Registry: 65 minecraft:ladder Block{minecraft:ladder}
[21:58:19] [Server thread/TRACE] [FML]:   Registry: 66 minecraft:rail Block{minecraft:rail}
[21:58:19] [Server thread/TRACE] [FML]:   Registry: 67 minecraft:stone_stairs Block{minecraft:stone_stairs}
[21:58:19] [Server thread/TRACE] [FML]:   Registry: 68 minecraft:wall_sign Block{minecraft:wall_sign}
[21:58:19] [Server thread/TRACE] [FML]:   Registry: 69 minecraft:lever Block{minecraft:lever}
[21:58:19] [Server thread/TRACE] [FML]:   Registry: 70 minecraft:stone_pressure_plate Block{minecraft:stone_pressure_plate}
[21:58:19] [Server thread/TRACE] [FML]:   Registry: 71 minecraft:iron_door Block{minecraft:iron_door}
[21:58:19] [Server thread/TRACE] [FML]:   Registry: 72 minecraft:wooden_pressure_plate Block{minecraft:wooden_pressure_plate}
[21:58:19] [Server thread/TRACE] [FML]:   Registry: 73 minecraft:redstone_ore Block{minecraft:redstone_ore}
[21:58:19] [Server thread/TRACE] [FML]:   Registry: 74 minecraft:lit_redstone_ore Block{minecraft:lit_redstone_ore}
[21:58:19] [Server thread/TRACE] [FML]:   Registry: 75 minecraft:unlit_redstone_torch Block{minecraft:unlit_redstone_torch}
[21:58:19] [Server thread/TRACE] [FML]:   Registry: 76 minecraft:redstone_torch Block{minecraft:redstone_torch}
[21:58:19] [Server thread/TRACE] [FML]:   Registry: 77 minecraft:stone_button Block{minecraft:stone_button}
[21:58:19] [Server thread/TRACE] [FML]:   Registry: 78 minecraft:snow_layer Block{minecraft:snow_layer}
[21:58:19] [Server thread/TRACE] [FML]:   Registry: 79 minecraft:ice Block{minecraft:ice}
[21:58:19] [Server thread/TRACE] [FML]:   Registry: 80 minecraft:snow Block{minecraft:snow}
[21:58:19] [Server thread/TRACE] [FML]:   Registry: 81 minecraft:cactus Block{minecraft:cactus}
[21:58:19] [Server thread/TRACE] [FML]:   Registry: 82 minecraft:clay Block{minecraft:clay}
[21:58:19] [Server thread/TRACE] [FML]:   Registry: 83 minecraft:reeds Block{minecraft:reeds}
[21:58:19] [Server thread/TRACE] [FML]:   Registry: 84 minecraft:jukebox Block{minecraft:jukebox}
[21:58:19] [Server thread/TRACE] [FML]:   Registry: 85 minecraft:fence Block{minecraft:fence}
[21:58:19] [Server thread/TRACE] [FML]:   Registry: 86 minecraft:pumpkin Block{minecraft:pumpkin}
[21:58:19] [Server thread/TRACE] [FML]:   Registry: 87 minecraft:netherrack Block{minecraft:netherrack}
[21:58:19] [Server thread/TRACE] [FML]:   Registry: 88 minecraft:soul_sand Block{minecraft:soul_sand}
[21:58:19] [Server thread/TRACE] [FML]:   Registry: 89 minecraft:glowstone Block{minecraft:glowstone}
[21:58:19] [Server thread/TRACE] [FML]:   Registry: 90 minecraft:portal Block{minecraft:portal}
[21:58:19] [Server thread/TRACE] [FML]:   Registry: 91 minecraft:lit_pumpkin Block{minecraft:lit_pumpkin}
[21:58:19] [Server thread/TRACE] [FML]:   Registry: 92 minecraft:cake Block{minecraft:cake}
[21:58:19] [Server thread/TRACE] [FML]:   Registry: 93 minecraft:unpowered_repeater Block{minecraft:unpowered_repeater}
[21:58:19] [Server thread/TRACE] [FML]:   Registry: 94 minecraft:powered_repeater Block{minecraft:powered_repeater}
[21:58:19] [Server thread/TRACE] [FML]:   Registry: 95 minecraft:stained_glass Block{minecraft:stained_glass}
[21:58:19] [Server thread/TRACE] [FML]:   Registry: 96 minecraft:trapdoor Block{minecraft:trapdoor}
[21:58:19] [Server thread/TRACE] [FML]:   Registry: 97 minecraft:monster_egg Block{minecraft:monster_egg}
[21:58:19] [Server thread/TRACE] [FML]:   Registry: 98 minecraft:stonebrick Block{minecraft:stonebrick}
[21:58:19] [Server thread/TRACE] [FML]:   Registry: 99 minecraft:brown_mushroom_block Block{minecraft:brown_mushroom_block}
[21:58:19] [Server thread/TRACE] [FML]:   Registry: 100 minecraft:red_mushroom_block Block{minecraft:red_mushroom_block}
[21:58:19] [Server thread/TRACE] [FML]:   Registry: 101 minecraft:iron_bars Block{minecraft:iron_bars}
[21:58:19] [Server thread/TRACE] [FML]:   Registry: 102 minecraft:glass_pane Block{minecraft:glass_pane}
[21:58:19] [Server thread/TRACE] [FML]:   Registry: 103 minecraft:melon_block Block{minecraft:melon_block}
[21:58:19] [Server thread/TRACE] [FML]:   Registry: 104 minecraft:pumpkin_stem Block{minecraft:pumpkin_stem}
[21:58:19] [Server thread/TRACE] [FML]:   Registry: 105 minecraft:melon_stem Block{minecraft:melon_stem}
[21:58:19] [Server thread/TRACE] [FML]:   Registry: 106 minecraft:vine Block{minecraft:vine}
[21:58:19] [Server thread/TRACE] [FML]:   Registry: 107 minecraft:fence_gate Block{minecraft:fence_gate}
[21:58:19] [Server thread/TRACE] [FML]:   Registry: 108 minecraft:brick_stairs Block{minecraft:brick_stairs}
[21:58:19] [Server thread/TRACE] [FML]:   Registry: 109 minecraft:stone_brick_stairs Block{minecraft:stone_brick_stairs}
[21:58:19] [Server thread/TRACE] [FML]:   Registry: 110 minecraft:mycelium Block{minecraft:mycelium}
[21:58:19] [Server thread/TRACE] [FML]:   Registry: 111 minecraft:waterlily Block{minecraft:waterlily}
[21:58:19] [Server thread/TRACE] [FML]:   Registry: 112 minecraft:nether_brick Block{minecraft:nether_brick}
[21:58:19] [Server thread/TRACE] [FML]:   Registry: 113 minecraft:nether_brick_fence Block{minecraft:nether_brick_fence}
[21:58:19] [Server thread/TRACE] [FML]:   Registry: 114 minecraft:nether_brick_stairs Block{minecraft:nether_brick_stairs}
[21:58:19] [Server thread/TRACE] [FML]:   Registry: 115 minecraft:nether_wart Block{minecraft:nether_wart}
[21:58:19] [Server thread/TRACE] [FML]:   Registry: 116 minecraft:enchanting_table Block{minecraft:enchanting_table}
[21:58:19] [Server thread/TRACE] [FML]:   Registry: 117 minecraft:brewing_stand Block{minecraft:brewing_stand}
[21:58:19] [Server thread/TRACE] [FML]:   Registry: 118 minecraft:cauldron Block{minecraft:cauldron}
[21:58:19] [Server thread/TRACE] [FML]:   Registry: 119 minecraft:end_portal Block{minecraft:end_portal}
[21:58:19] [Server thread/TRACE] [FML]:   Registry: 120 minecraft:end_portal_frame Block{minecraft:end_portal_frame}
[21:58:19] [Server thread/TRACE] [FML]:   Registry: 121 minecraft:end_stone Block{minecraft:end_stone}
[21:58:19] [Server thread/TRACE] [FML]:   Registry: 122 minecraft:dragon_egg Block{minecraft:dragon_egg}
[21:58:19] [Server thread/TRACE] [FML]:   Registry: 123 minecraft:redstone_lamp Block{minecraft:redstone_lamp}
[21:58:19] [Server thread/TRACE] [FML]:   Registry: 124 minecraft:lit_redstone_lamp Block{minecraft:lit_redstone_lamp}
[21:58:19] [Server thread/TRACE] [FML]:   Registry: 125 minecraft:double_wooden_slab Block{minecraft:double_wooden_slab}
[21:58:19] [Server thread/TRACE] [FML]:   Registry: 126 minecraft:wooden_slab Block{minecraft:wooden_slab}
[21:58:19] [Server thread/TRACE] [FML]:   Registry: 127 minecraft:cocoa Block{minecraft:cocoa}
[21:58:19] [Server thread/TRACE] [FML]:   Registry: 128 minecraft:sandstone_stairs Block{minecraft:sandstone_stairs}
[21:58:19] [Server thread/TRACE] [FML]:   Registry: 129 minecraft:emerald_ore Block{minecraft:emerald_ore}
[21:58:19] [Server thread/TRACE] [FML]:   Registry: 130 minecraft:ender_chest Block{minecraft:ender_chest}
[21:58:19] [Server thread/TRACE] [FML]:   Registry: 131 minecraft:tripwire_hook Block{minecraft:tripwire_hook}
[21:58:19] [Server thread/TRACE] [FML]:   Registry: 132 minecraft:tripwire Block{minecraft:tripwire}
[21:58:19] [Server thread/TRACE] [FML]:   Registry: 133 minecraft:emerald_block Block{minecraft:emerald_block}
[21:58:19] [Server thread/TRACE] [FML]:   Registry: 134 minecraft:spruce_stairs Block{minecraft:spruce_stairs}
[21:58:19] [Server thread/TRACE] [FML]:   Registry: 135 minecraft:birch_stairs Block{minecraft:birch_stairs}
[21:58:19] [Server thread/TRACE] [FML]:   Registry: 136 minecraft:jungle_stairs Block{minecraft:jungle_stairs}
[21:58:19] [Server thread/TRACE] [FML]:   Registry: 137 minecraft:command_block Block{minecraft:command_block}
[21:58:19] [Server thread/TRACE] [FML]:   Registry: 138 minecraft:beacon Block{minecraft:beacon}
[21:58:19] [Server thread/TRACE] [FML]:   Registry: 139 minecraft:cobblestone_wall Block{minecraft:cobblestone_wall}
[21:58:19] [Server thread/TRACE] [FML]:   Registry: 140 minecraft:flower_pot Block{minecraft:flower_pot}
[21:58:19] [Server thread/TRACE] [FML]:   Registry: 141 minecraft:carrots Block{minecraft:carrots}
[21:58:19] [Server thread/TRACE] [FML]:   Registry: 142 minecraft:potatoes Block{minecraft:potatoes}
[21:58:19] [Server thread/TRACE] [FML]:   Registry: 143 minecraft:wooden_button Block{minecraft:wooden_button}
[21:58:19] [Server thread/TRACE] [FML]:   Registry: 144 minecraft:skull Block{minecraft:skull}
[21:58:19] [Server thread/TRACE] [FML]:   Registry: 145 minecraft:anvil Block{minecraft:anvil}
[21:58:19] [Server thread/TRACE] [FML]:   Registry: 146 minecraft:trapped_chest Block{minecraft:trapped_chest}
[21:58:19] [Server thread/TRACE] [FML]:   Registry: 147 minecraft:light_weighted_pressure_plate Block{minecraft:light_weighted_pressure_plate}
[21:58:19] [Server thread/TRACE] [FML]:   Registry: 148 minecraft:heavy_weighted_pressure_plate Block{minecraft:heavy_weighted_pressure_plate}
[21:58:19] [Server thread/TRACE] [FML]:   Registry: 149 minecraft:unpowered_comparator Block{minecraft:unpowered_comparator}
[21:58:19] [Server thread/TRACE] [FML]:   Registry: 150 minecraft:powered_comparator Block{minecraft:powered_comparator}
[21:58:19] [Server thread/TRACE] [FML]:   Registry: 151 minecraft:daylight_detector Block{minecraft:daylight_detector}
[21:58:19] [Server thread/TRACE] [FML]:   Registry: 152 minecraft:redstone_block Block{minecraft:redstone_block}
[21:58:19] [Server thread/TRACE] [FML]:   Registry: 153 minecraft:quartz_ore Block{minecraft:quartz_ore}
[21:58:19] [Server thread/TRACE] [FML]:   Registry: 154 minecraft:hopper Block{minecraft:hopper}
[21:58:19] [Server thread/TRACE] [FML]:   Registry: 155 minecraft:quartz_block Block{minecraft:quartz_block}
[21:58:19] [Server thread/TRACE] [FML]:   Registry: 156 minecraft:quartz_stairs Block{minecraft:quartz_stairs}
[21:58:19] [Server thread/TRACE] [FML]:   Registry: 157 minecraft:activator_rail Block{minecraft:activator_rail}
[21:58:19] [Server thread/TRACE] [FML]:   Registry: 158 minecraft:dropper Block{minecraft:dropper}
[21:58:19] [Server thread/TRACE] [FML]:   Registry: 159 minecraft:stained_hardened_clay Block{minecraft:stained_hardened_clay}
[21:58:19] [Server thread/TRACE] [FML]:   Registry: 160 minecraft:stained_glass_pane Block{minecraft:stained_glass_pane}
[21:58:19] [Server thread/TRACE] [FML]:   Registry: 161 minecraft:leaves2 Block{minecraft:leaves2}
[21:58:19] [Server thread/TRACE] [FML]:   Registry: 162 minecraft:log2 Block{minecraft:log2}
[21:58:19] [Server thread/TRACE] [FML]:   Registry: 163 minecraft:acacia_stairs Block{minecraft:acacia_stairs}
[21:58:19] [Server thread/TRACE] [FML]:   Registry: 164 minecraft:dark_oak_stairs Block{minecraft:dark_oak_stairs}
[21:58:19] [Server thread/TRACE] [FML]:   Registry: 165 minecraft:slime Block{minecraft:slime}
[21:58:19] [Server thread/TRACE] [FML]:   Registry: 166 minecraft:barrier Block{minecraft:barrier}
[21:58:19] [Server thread/TRACE] [FML]:   Registry: 167 minecraft:iron_trapdoor Block{minecraft:iron_trapdoor}
[21:58:19] [Server thread/TRACE] [FML]:   Registry: 168 minecraft:prismarine Block{minecraft:prismarine}
[21:58:19] [Server thread/TRACE] [FML]:   Registry: 169 minecraft:sea_lantern Block{minecraft:sea_lantern}
[21:58:19] [Server thread/TRACE] [FML]:   Registry: 170 minecraft:hay_block Block{minecraft:hay_block}
[21:58:19] [Server thread/TRACE] [FML]:   Registry: 171 minecraft:carpet Block{minecraft:carpet}
[21:58:19] [Server thread/TRACE] [FML]:   Registry: 172 minecraft:hardened_clay Block{minecraft:hardened_clay}
[21:58:19] [Server thread/TRACE] [FML]:   Registry: 173 minecraft:coal_block Block{minecraft:coal_block}
[21:58:19] [Server thread/TRACE] [FML]:   Registry: 174 minecraft:packed_ice Block{minecraft:packed_ice}
[21:58:19] [Server thread/TRACE] [FML]:   Registry: 175 minecraft:double_plant Block{minecraft:double_plant}
[21:58:19] [Server thread/TRACE] [FML]:   Registry: 176 minecraft:standing_banner Block{minecraft:standing_banner}
[21:58:19] [Server thread/TRACE] [FML]:   Registry: 177 minecraft:wall_banner Block{minecraft:wall_banner}
[21:58:19] [Server thread/TRACE] [FML]:   Registry: 178 minecraft:daylight_detector_inverted Block{minecraft:daylight_detector_inverted}
[21:58:19] [Server thread/TRACE] [FML]:   Registry: 179 minecraft:red_sandstone Block{minecraft:red_sandstone}
[21:58:19] [Server thread/TRACE] [FML]:   Registry: 180 minecraft:red_sandstone_stairs Block{minecraft:red_sandstone_stairs}
[21:58:19] [Server thread/TRACE] [FML]:   Registry: 181 minecraft:double_stone_slab2 Block{minecraft:double_stone_slab2}
[21:58:19] [Server thread/TRACE] [FML]:   Registry: 182 minecraft:stone_slab2 Block{minecraft:stone_slab2}
[21:58:19] [Server thread/TRACE] [FML]:   Registry: 183 minecraft:spruce_fence_gate Block{minecraft:spruce_fence_gate}
[21:58:19] [Server thread/TRACE] [FML]:   Registry: 184 minecraft:birch_fence_gate Block{minecraft:birch_fence_gate}
[21:58:19] [Server thread/TRACE] [FML]:   Registry: 185 minecraft:jungle_fence_gate Block{minecraft:jungle_fence_gate}
[21:58:19] [Server thread/TRACE] [FML]:   Registry: 186 minecraft:dark_oak_fence_gate Block{minecraft:dark_oak_fence_gate}
[21:58:19] [Server thread/TRACE] [FML]:   Registry: 187 minecraft:acacia_fence_gate Block{minecraft:acacia_fence_gate}
[21:58:19] [Server thread/TRACE] [FML]:   Registry: 188 minecraft:spruce_fence Block{minecraft:spruce_fence}
[21:58:19] [Server thread/TRACE] [FML]:   Registry: 189 minecraft:birch_fence Block{minecraft:birch_fence}
[21:58:19] [Server thread/TRACE] [FML]:   Registry: 190 minecraft:jungle_fence Block{minecraft:jungle_fence}
[21:58:19] [Server thread/TRACE] [FML]:   Registry: 191 minecraft:dark_oak_fence Block{minecraft:dark_oak_fence}
[21:58:19] [Server thread/TRACE] [FML]:   Registry: 192 minecraft:acacia_fence Block{minecraft:acacia_fence}
[21:58:19] [Server thread/TRACE] [FML]:   Registry: 193 minecraft:spruce_door Block{minecraft:spruce_door}
[21:58:19] [Server thread/TRACE] [FML]:   Registry: 194 minecraft:birch_door Block{minecraft:birch_door}
[21:58:19] [Server thread/TRACE] [FML]:   Registry: 195 minecraft:jungle_door Block{minecraft:jungle_door}
[21:58:19] [Server thread/TRACE] [FML]:   Registry: 196 minecraft:acacia_door Block{minecraft:acacia_door}
[21:58:19] [Server thread/TRACE] [FML]:   Registry: 197 minecraft:dark_oak_door Block{minecraft:dark_oak_door}
[21:58:19] [Server thread/TRACE] [FML]:   Registry: 198 minecraft:end_rod Block{minecraft:end_rod}
[21:58:19] [Server thread/TRACE] [FML]:   Registry: 199 minecraft:chorus_plant Block{minecraft:chorus_plant}
[21:58:19] [Server thread/TRACE] [FML]:   Registry: 200 minecraft:chorus_flower Block{minecraft:chorus_flower}
[21:58:19] [Server thread/TRACE] [FML]:   Registry: 201 minecraft:purpur_block Block{minecraft:purpur_block}
[21:58:19] [Server thread/TRACE] [FML]:   Registry: 202 minecraft:purpur_pillar Block{minecraft:purpur_pillar}
[21:58:19] [Server thread/TRACE] [FML]:   Registry: 203 minecraft:purpur_stairs Block{minecraft:purpur_stairs}
[21:58:19] [Server thread/TRACE] [FML]:   Registry: 204 minecraft:purpur_double_slab Block{minecraft:purpur_double_slab}
[21:58:19] [Server thread/TRACE] [FML]:   Registry: 205 minecraft:purpur_slab Block{minecraft:purpur_slab}
[21:58:19] [Server thread/TRACE] [FML]:   Registry: 206 minecraft:end_bricks Block{minecraft:end_bricks}
[21:58:19] [Server thread/TRACE] [FML]:   Registry: 207 minecraft:beetroots Block{minecraft:beetroots}
[21:58:19] [Server thread/TRACE] [FML]:   Registry: 208 minecraft:grass_path Block{minecraft:grass_path}
[21:58:19] [Server thread/TRACE] [FML]:   Registry: 209 minecraft:end_gateway Block{minecraft:end_gateway}
[21:58:19] [Server thread/TRACE] [FML]:   Registry: 210 minecraft:repeating_command_block Block{minecraft:repeating_command_block}
[21:58:19] [Server thread/TRACE] [FML]:   Registry: 211 minecraft:chain_command_block Block{minecraft:chain_command_block}
[21:58:19] [Server thread/TRACE] [FML]:   Registry: 212 minecraft:frosted_ice Block{minecraft:frosted_ice}
[21:58:19] [Server thread/TRACE] [FML]:   Registry: 213 minecraft:magma Block{minecraft:magma}
[21:58:19] [Server thread/TRACE] [FML]:   Registry: 214 minecraft:nether_wart_block Block{minecraft:nether_wart_block}
[21:58:19] [Server thread/TRACE] [FML]:   Registry: 215 minecraft:red_nether_brick Block{minecraft:red_nether_brick}
[21:58:19] [Server thread/TRACE] [FML]:   Registry: 216 minecraft:bone_block Block{minecraft:bone_block}
[21:58:19] [Server thread/TRACE] [FML]:   Registry: 217 minecraft:structure_void Block{minecraft:structure_void}
[21:58:19] [Server thread/TRACE] [FML]:   Registry: 218 minecraft:observer Block{minecraft:observer}
[21:58:19] [Server thread/TRACE] [FML]:   Registry: 219 minecraft:white_shulker_box Block{minecraft:white_shulker_box}
[21:58:19] [Server thread/TRACE] [FML]:   Registry: 220 minecraft:orange_shulker_box Block{minecraft:orange_shulker_box}
[21:58:19] [Server thread/TRACE] [FML]:   Registry: 221 minecraft:magenta_shulker_box Block{minecraft:magenta_shulker_box}
[21:58:19] [Server thread/TRACE] [FML]:   Registry: 222 minecraft:light_blue_shulker_box Block{minecraft:light_blue_shulker_box}
[21:58:19] [Server thread/TRACE] [FML]:   Registry: 223 minecraft:yellow_shulker_box Block{minecraft:yellow_shulker_box}
[21:58:19] [Server thread/TRACE] [FML]:   Registry: 224 minecraft:lime_shulker_box Block{minecraft:lime_shulker_box}
[21:58:19] [Server thread/TRACE] [FML]:   Registry: 225 minecraft:pink_shulker_box Block{minecraft:pink_shulker_box}
[21:58:19] [Server thread/TRACE] [FML]:   Registry: 226 minecraft:gray_shulker_box Block{minecraft:gray_shulker_box}
[21:58:19] [Server thread/TRACE] [FML]:   Registry: 227 minecraft:silver_shulker_box Block{minecraft:silver_shulker_box}
[21:58:19] [Server thread/TRACE] [FML]:   Registry: 228 minecraft:cyan_shulker_box Block{minecraft:cyan_shulker_box}
[21:58:19] [Server thread/TRACE] [FML]:   Registry: 229 minecraft:purple_shulker_box Block{minecraft:purple_shulker_box}
[21:58:19] [Server thread/TRACE] [FML]:   Registry: 230 minecraft:blue_shulker_box Block{minecraft:blue_shulker_box}
[21:58:19] [Server thread/TRACE] [FML]:   Registry: 231 minecraft:brown_shulker_box Block{minecraft:brown_shulker_box}
[21:58:19] [Server thread/TRACE] [FML]:   Registry: 232 minecraft:green_shulker_box Block{minecraft:green_shulker_box}
[21:58:19] [Server thread/TRACE] [FML]:   Registry: 233 minecraft:red_shulker_box Block{minecraft:red_shulker_box}
[21:58:19] [Server thread/TRACE] [FML]:   Registry: 234 minecraft:black_shulker_box Block{minecraft:black_shulker_box}
[21:58:19] [Server thread/TRACE] [FML]:   Registry: 235 minecraft:white_glazed_terracotta Block{minecraft:white_glazed_terracotta}
[21:58:19] [Server thread/TRACE] [FML]:   Registry: 236 minecraft:orange_glazed_terracotta Block{minecraft:orange_glazed_terracotta}
[21:58:19] [Server thread/TRACE] [FML]:   Registry: 237 minecraft:magenta_glazed_terracotta Block{minecraft:magenta_glazed_terracotta}
[21:58:19] [Server thread/TRACE] [FML]:   Registry: 238 minecraft:light_blue_glazed_terracotta Block{minecraft:light_blue_glazed_terracotta}
[21:58:19] [Server thread/TRACE] [FML]:   Registry: 239 minecraft:yellow_glazed_terracotta Block{minecraft:yellow_glazed_terracotta}
[21:58:19] [Server thread/TRACE] [FML]:   Registry: 240 minecraft:lime_glazed_terracotta Block{minecraft:lime_glazed_terracotta}
[21:58:19] [Server thread/TRACE] [FML]:   Registry: 241 minecraft:pink_glazed_terracotta Block{minecraft:pink_glazed_terracotta}
[21:58:19] [Server thread/TRACE] [FML]:   Registry: 242 minecraft:gray_glazed_terracotta Block{minecraft:gray_glazed_terracotta}
[21:58:19] [Server thread/TRACE] [FML]:   Registry: 243 minecraft:silver_glazed_terracotta Block{minecraft:silver_glazed_terracotta}
[21:58:19] [Server thread/TRACE] [FML]:   Registry: 244 minecraft:cyan_glazed_terracotta Block{minecraft:cyan_glazed_terracotta}
[21:58:19] [Server thread/TRACE] [FML]:   Registry: 245 minecraft:purple_glazed_terracotta Block{minecraft:purple_glazed_terracotta}
[21:58:19] [Server thread/TRACE] [FML]:   Registry: 246 minecraft:blue_glazed_terracotta Block{minecraft:blue_glazed_terracotta}
[21:58:19] [Server thread/TRACE] [FML]:   Registry: 247 minecraft:brown_glazed_terracotta Block{minecraft:brown_glazed_terracotta}
[21:58:19] [Server thread/TRACE] [FML]:   Registry: 248 minecraft:green_glazed_terracotta Block{minecraft:green_glazed_terracotta}
[21:58:19] [Server thread/TRACE] [FML]:   Registry: 249 minecraft:red_glazed_terracotta Block{minecraft:red_glazed_terracotta}
[21:58:19] [Server thread/TRACE] [FML]:   Registry: 250 minecraft:black_glazed_terracotta Block{minecraft:black_glazed_terracotta}
[21:58:19] [Server thread/TRACE] [FML]:   Registry: 251 minecraft:concrete Block{minecraft:concrete}
[21:58:19] [Server thread/TRACE] [FML]:   Registry: 252 minecraft:concrete_powder Block{minecraft:concrete_powder}
[21:58:19] [Server thread/TRACE] [FML]:   Registry: 253 lucky:lucky_block Block{lucky:lucky_block}
[21:58:19] [Server thread/TRACE] [FML]:   Registry: 255 minecraft:structure_block Block{minecraft:structure_block}
[21:58:19] [Server thread/TRACE] [FML]: Registry Name : minecraft:items
[21:58:19] [Server thread/TRACE] [FML]:   Registry: 0 minecraft:air net.minecraft.item.ItemAir@7282af25
[21:58:19] [Server thread/TRACE] [FML]:   Registry: 1 minecraft:stone net.minecraft.item.ItemMultiTexture@2edb2f8b
[21:58:19] [Server thread/TRACE] [FML]:   Registry: 2 minecraft:grass net.minecraft.item.ItemColored@21dea711
[21:58:19] [Server thread/TRACE] [FML]:   Registry: 3 minecraft:dirt net.minecraft.item.ItemMultiTexture@a21c74
[21:58:19] [Server thread/TRACE] [FML]:   Registry: 4 minecraft:cobblestone net.minecraft.item.ItemBlock@b8a144e
[21:58:19] [Server thread/TRACE] [FML]:   Registry: 5 minecraft:planks net.minecraft.item.ItemMultiTexture@3e38c472
[21:58:19] [Server thread/TRACE] [FML]:   Registry: 6 minecraft:sapling net.minecraft.item.ItemMultiTexture@759a678a
[21:58:19] [Server thread/TRACE] [FML]:   Registry: 7 minecraft:bedrock net.minecraft.item.ItemBlock@6cdbe5ec
[21:58:19] [Server thread/TRACE] [FML]:   Registry: 12 minecraft:sand net.minecraft.item.ItemMultiTexture@7345f97d
[21:58:19] [Server thread/TRACE] [FML]:   Registry: 13 minecraft:gravel net.minecraft.item.ItemBlock@554566a8
[21:58:19] [Server thread/TRACE] [FML]:   Registry: 14 minecraft:gold_ore net.minecraft.item.ItemBlock@66020d69
[21:58:19] [Server thread/TRACE] [FML]:   Registry: 15 minecraft:iron_ore net.minecraft.item.ItemBlock@3751acd7
[21:58:19] [Server thread/TRACE] [FML]:   Registry: 16 minecraft:coal_ore net.minecraft.item.ItemBlock@6b832551
[21:58:19] [Server thread/TRACE] [FML]:   Registry: 17 minecraft:log net.minecraft.item.ItemMultiTexture@63124022
[21:58:19] [Server thread/TRACE] [FML]:   Registry: 18 minecraft:leaves net.minecraft.item.ItemLeaves@6615237
[21:58:19] [Server thread/TRACE] [FML]:   Registry: 19 minecraft:sponge net.minecraft.item.ItemMultiTexture@6d6039df
[21:58:19] [Server thread/TRACE] [FML]:   Registry: 20 minecraft:glass net.minecraft.item.ItemBlock@611c3eae
[21:58:19] [Server thread/TRACE] [FML]:   Registry: 21 minecraft:lapis_ore net.minecraft.item.ItemBlock@13e00016
[21:58:19] [Server thread/TRACE] [FML]:   Registry: 22 minecraft:lapis_block net.minecraft.item.ItemBlock@7b3cbe6e
[21:58:19] [Server thread/TRACE] [FML]:   Registry: 23 minecraft:dispenser net.minecraft.item.ItemBlock@177ede17
[21:58:19] [Server thread/TRACE] [FML]:   Registry: 24 minecraft:sandstone net.minecraft.item.ItemMultiTexture@4e4395c
[21:58:19] [Server thread/TRACE] [FML]:   Registry: 25 minecraft:noteblock net.minecraft.item.ItemBlock@1ab53860
[21:58:19] [Server thread/TRACE] [FML]:   Registry: 27 minecraft:golden_rail net.minecraft.item.ItemBlock@7b5ac347
[21:58:19] [Server thread/TRACE] [FML]:   Registry: 28 minecraft:detector_rail net.minecraft.item.ItemBlock@57b9389f
[21:58:19] [Server thread/TRACE] [FML]:   Registry: 29 minecraft:sticky_piston net.minecraft.item.ItemPiston@41f785e3
[21:58:19] [Server thread/TRACE] [FML]:   Registry: 30 minecraft:web net.minecraft.item.ItemBlock@6c9a3661
[21:58:19] [Server thread/TRACE] [FML]:   Registry: 31 minecraft:tallgrass net.minecraft.item.ItemColored@727986ad
[21:58:19] [Server thread/TRACE] [FML]:   Registry: 32 minecraft:deadbush net.minecraft.item.ItemBlock@1600a8a2
[21:58:19] [Server thread/TRACE] [FML]:   Registry: 33 minecraft:piston net.minecraft.item.ItemPiston@6b25ef1c
[21:58:19] [Server thread/TRACE] [FML]:   Registry: 35 minecraft:wool net.minecraft.item.ItemCloth@7b95bdb0
[21:58:19] [Server thread/TRACE] [FML]:   Registry: 37 minecraft:yellow_flower net.minecraft.item.ItemMultiTexture@664db2ca
[21:58:19] [Server thread/TRACE] [FML]:   Registry: 38 minecraft:red_flower net.minecraft.item.ItemMultiTexture@423f8a73
[21:58:19] [Server thread/TRACE] [FML]:   Registry: 39 minecraft:brown_mushroom net.minecraft.item.ItemBlock@1aedf08d
[21:58:19] [Server thread/TRACE] [FML]:   Registry: 40 minecraft:red_mushroom net.minecraft.item.ItemBlock@113dcaf8
[21:58:19] [Server thread/TRACE] [FML]:   Registry: 41 minecraft:gold_block net.minecraft.item.ItemBlock@b5d9f1e
[21:58:19] [Server thread/TRACE] [FML]:   Registry: 42 minecraft:iron_block net.minecraft.item.ItemBlock@350ff014
[21:58:19] [Server thread/TRACE] [FML]:   Registry: 44 minecraft:stone_slab net.minecraft.item.ItemSlab@5844a2d1
[21:58:19] [Server thread/TRACE] [FML]:   Registry: 45 minecraft:brick_block net.minecraft.item.ItemBlock@1201769d
[21:58:19] [Server thread/TRACE] [FML]:   Registry: 46 minecraft:tnt net.minecraft.item.ItemBlock@4af7dd6a
[21:58:19] [Server thread/TRACE] [FML]:   Registry: 47 minecraft:bookshelf net.minecraft.item.ItemBlock@4607d78b
[21:58:19] [Server thread/TRACE] [FML]:   Registry: 48 minecraft:mossy_cobblestone net.minecraft.item.ItemBlock@3b28b7b0
[21:58:19] [Server thread/TRACE] [FML]:   Registry: 49 minecraft:obsidian net.minecraft.item.ItemBlock@22048bd6
[21:58:19] [Server thread/TRACE] [FML]:   Registry: 50 minecraft:torch net.minecraft.item.ItemBlock@566c1e71
[21:58:19] [Server thread/TRACE] [FML]:   Registry: 52 minecraft:mob_spawner net.minecraft.item.ItemBlock@3d0d120b
[21:58:19] [Server thread/TRACE] [FML]:   Registry: 53 minecraft:oak_stairs net.minecraft.item.ItemBlock@6b5c134e
[21:58:19] [Server thread/TRACE] [FML]:   Registry: 54 minecraft:chest net.minecraft.item.ItemBlock@34d9df9f
[21:58:19] [Server thread/TRACE] [FML]:   Registry: 56 minecraft:diamond_ore net.minecraft.item.ItemBlock@35c8be21
[21:58:19] [Server thread/TRACE] [FML]:   Registry: 57 minecraft:diamond_block net.minecraft.item.ItemBlock@60807fd9
[21:58:19] [Server thread/TRACE] [FML]:   Registry: 58 minecraft:crafting_table net.minecraft.item.ItemBlock@6bcdd6e4
[21:58:19] [Server thread/TRACE] [FML]:   Registry: 60 minecraft:farmland net.minecraft.item.ItemBlock@1192c925
[21:58:19] [Server thread/TRACE] [FML]:   Registry: 61 minecraft:furnace net.minecraft.item.ItemBlock@615b5480
[21:58:19] [Server thread/TRACE] [FML]:   Registry: 65 minecraft:ladder net.minecraft.item.ItemBlock@24691c5
[21:58:19] [Server thread/TRACE] [FML]:   Registry: 66 minecraft:rail net.minecraft.item.ItemBlock@7b91d9f
[21:58:19] [Server thread/TRACE] [FML]:   Registry: 67 minecraft:stone_stairs net.minecraft.item.ItemBlock@6537ac
[21:58:19] [Server thread/TRACE] [FML]:   Registry: 69 minecraft:lever net.minecraft.item.ItemBlock@3b218c74
[21:58:19] [Server thread/TRACE] [FML]:   Registry: 70 minecraft:stone_pressure_plate net.minecraft.item.ItemBlock@ddffa6c
[21:58:19] [Server thread/TRACE] [FML]:   Registry: 72 minecraft:wooden_pressure_plate net.minecraft.item.ItemBlock@42c54bad
[21:58:19] [Server thread/TRACE] [FML]:   Registry: 73 minecraft:redstone_ore net.minecraft.item.ItemBlock@6bb4cc0e
[21:58:19] [Server thread/TRACE] [FML]:   Registry: 76 minecraft:redstone_torch net.minecraft.item.ItemBlock@5cc1bf20
[21:58:19] [Server thread/TRACE] [FML]:   Registry: 77 minecraft:stone_button net.minecraft.item.ItemBlock@2e3f324e
[21:58:19] [Server thread/TRACE] [FML]:   Registry: 78 minecraft:snow_layer net.minecraft.item.ItemSnow@b56ec6c
[21:58:19] [Server thread/TRACE] [FML]:   Registry: 79 minecraft:ice net.minecraft.item.ItemBlock@5abf6a99
[21:58:19] [Server thread/TRACE] [FML]:   Registry: 80 minecraft:snow net.minecraft.item.ItemBlock@dc59ec2
[21:58:19] [Server thread/TRACE] [FML]:   Registry: 81 minecraft:cactus net.minecraft.item.ItemBlock@375084c9
[21:58:19] [Server thread/TRACE] [FML]:   Registry: 82 minecraft:clay net.minecraft.item.ItemBlock@bd93bc3
[21:58:19] [Server thread/TRACE] [FML]:   Registry: 84 minecraft:jukebox net.minecraft.item.ItemBlock@2a136383
[21:58:19] [Server thread/TRACE] [FML]:   Registry: 85 minecraft:fence net.minecraft.item.ItemBlock@b01cb8d
[21:58:19] [Server thread/TRACE] [FML]:   Registry: 86 minecraft:pumpkin net.minecraft.item.ItemBlock@25567581
[21:58:19] [Server thread/TRACE] [FML]:   Registry: 87 minecraft:netherrack net.minecraft.item.ItemBlock@179ee36b
[21:58:19] [Server thread/TRACE] [FML]:   Registry: 88 minecraft:soul_sand net.minecraft.item.ItemBlock@67763ebe
[21:58:19] [Server thread/TRACE] [FML]:   Registry: 89 minecraft:glowstone net.minecraft.item.ItemBlock@4b4a2fa8
[21:58:19] [Server thread/TRACE] [FML]:   Registry: 91 minecraft:lit_pumpkin net.minecraft.item.ItemBlock@5da6b13d
[21:58:19] [Server thread/TRACE] [FML]:   Registry: 95 minecraft:stained_glass net.minecraft.item.ItemCloth@701c223a
[21:58:19] [Server thread/TRACE] [FML]:   Registry: 96 minecraft:trapdoor net.minecraft.item.ItemBlock@3dc39459
[21:58:19] [Server thread/TRACE] [FML]:   Registry: 97 minecraft:monster_egg net.minecraft.item.ItemMultiTexture@71bb8b34
[21:58:19] [Server thread/TRACE] [FML]:   Registry: 98 minecraft:stonebrick net.minecraft.item.ItemMultiTexture@383cdd4d
[21:58:19] [Server thread/TRACE] [FML]:   Registry: 99 minecraft:brown_mushroom_block net.minecraft.item.ItemBlock@65036e8d
[21:58:19] [Server thread/TRACE] [FML]:   Registry: 100 minecraft:red_mushroom_block net.minecraft.item.ItemBlock@48ccbb32
[21:58:19] [Server thread/TRACE] [FML]:   Registry: 101 minecraft:iron_bars net.minecraft.item.ItemBlock@36551e97
[21:58:19] [Server thread/TRACE] [FML]:   Registry: 102 minecraft:glass_pane net.minecraft.item.ItemBlock@685d7ba5
[21:58:19] [Server thread/TRACE] [FML]:   Registry: 103 minecraft:melon_block net.minecraft.item.ItemBlock@16d41725
[21:58:19] [Server thread/TRACE] [FML]:   Registry: 106 minecraft:vine net.minecraft.item.ItemColored@3b6c2be6
[21:58:19] [Server thread/TRACE] [FML]:   Registry: 107 minecraft:fence_gate net.minecraft.item.ItemBlock@25533bba
[21:58:19] [Server thread/TRACE] [FML]:   Registry: 108 minecraft:brick_stairs net.minecraft.item.ItemBlock@1ad1c363
[21:58:19] [Server thread/TRACE] [FML]:   Registry: 109 minecraft:stone_brick_stairs net.minecraft.item.ItemBlock@446b64b3
[21:58:19] [Server thread/TRACE] [FML]:   Registry: 110 minecraft:mycelium net.minecraft.item.ItemBlock@35ac9ebd
[21:58:19] [Server thread/TRACE] [FML]:   Registry: 111 minecraft:waterlily net.minecraft.item.ItemLilyPad@421ead7e
[21:58:19] [Server thread/TRACE] [FML]:   Registry: 112 minecraft:nether_brick net.minecraft.item.ItemBlock@5dcf0772
[21:58:19] [Server thread/TRACE] [FML]:   Registry: 113 minecraft:nether_brick_fence net.minecraft.item.ItemBlock@c472300
[21:58:19] [Server thread/TRACE] [FML]:   Registry: 114 minecraft:nether_brick_stairs net.minecraft.item.ItemBlock@5f6494c0
[21:58:19] [Server thread/TRACE] [FML]:   Registry: 116 minecraft:enchanting_table net.minecraft.item.ItemBlock@6826b70f
[21:58:19] [Server thread/TRACE] [FML]:   Registry: 120 minecraft:end_portal_frame net.minecraft.item.ItemBlock@4df7d9ee
[21:58:19] [Server thread/TRACE] [FML]:   Registry: 121 minecraft:end_stone net.minecraft.item.ItemBlock@781dac73
[21:58:19] [Server thread/TRACE] [FML]:   Registry: 122 minecraft:dragon_egg net.minecraft.item.ItemBlock@5e67a490
[21:58:19] [Server thread/TRACE] [FML]:   Registry: 123 minecraft:redstone_lamp net.minecraft.item.ItemBlock@2dac2e1b
[21:58:19] [Server thread/TRACE] [FML]:   Registry: 126 minecraft:wooden_slab net.minecraft.item.ItemSlab@38c761e9
[21:58:19] [Server thread/TRACE] [FML]:   Registry: 128 minecraft:sandstone_stairs net.minecraft.item.ItemBlock@1cee2e10
[21:58:19] [Server thread/TRACE] [FML]:   Registry: 129 minecraft:emerald_ore net.minecraft.item.ItemBlock@7f4e5a39
[21:58:19] [Server thread/TRACE] [FML]:   Registry: 130 minecraft:ender_chest net.minecraft.item.ItemBlock@33de7f3d
[21:58:19] [Server thread/TRACE] [FML]:   Registry: 131 minecraft:tripwire_hook net.minecraft.item.ItemBlock@30159886
[21:58:19] [Server thread/TRACE] [FML]:   Registry: 133 minecraft:emerald_block net.minecraft.item.ItemBlock@5d66ae3a
[21:58:19] [Server thread/TRACE] [FML]:   Registry: 134 minecraft:spruce_stairs net.minecraft.item.ItemBlock@50f4b83d
[21:58:19] [Server thread/TRACE] [FML]:   Registry: 135 minecraft:birch_stairs net.minecraft.item.ItemBlock@10131289
[21:58:19] [Server thread/TRACE] [FML]:   Registry: 136 minecraft:jungle_stairs net.minecraft.item.ItemBlock@c5e69a5
[21:58:19] [Server thread/TRACE] [FML]:   Registry: 137 minecraft:command_block net.minecraft.item.ItemBlock@64a1116a
[21:58:19] [Server thread/TRACE] [FML]:   Registry: 138 minecraft:beacon net.minecraft.item.ItemBlock@11e17893
[21:58:19] [Server thread/TRACE] [FML]:   Registry: 139 minecraft:cobblestone_wall net.minecraft.item.ItemMultiTexture@6682e6a5
[21:58:19] [Server thread/TRACE] [FML]:   Registry: 143 minecraft:wooden_button net.minecraft.item.ItemBlock@ac4915e
[21:58:19] [Server thread/TRACE] [FML]:   Registry: 145 minecraft:anvil net.minecraft.item.ItemAnvilBlock@23648d2d
[21:58:19] [Server thread/TRACE] [FML]:   Registry: 146 minecraft:trapped_chest net.minecraft.item.ItemBlock@69feb4d9
[21:58:19] [Server thread/TRACE] [FML]:   Registry: 147 minecraft:light_weighted_pressure_plate net.minecraft.item.ItemBlock@37c1cfa
[21:58:19] [Server thread/TRACE] [FML]:   Registry: 148 minecraft:heavy_weighted_pressure_plate net.minecraft.item.ItemBlock@2bcda694
[21:58:19] [Server thread/TRACE] [FML]:   Registry: 151 minecraft:daylight_detector net.minecraft.item.ItemBlock@2cc75b25
[21:58:19] [Server thread/TRACE] [FML]:   Registry: 152 minecraft:redstone_block net.minecraft.item.ItemBlock@30036a18
[21:58:19] [Server thread/TRACE] [FML]:   Registry: 153 minecraft:quartz_ore net.minecraft.item.ItemBlock@537b3b2e
[21:58:19] [Server thread/TRACE] [FML]:   Registry: 154 minecraft:hopper net.minecraft.item.ItemBlock@1544ded3
[21:58:19] [Server thread/TRACE] [FML]:   Registry: 155 minecraft:quartz_block net.minecraft.item.ItemMultiTexture@3ccb12d
[21:58:19] [Server thread/TRACE] [FML]:   Registry: 156 minecraft:quartz_stairs net.minecraft.item.ItemBlock@28b458e6
[21:58:19] [Server thread/TRACE] [FML]:   Registry: 157 minecraft:activator_rail net.minecraft.item.ItemBlock@221ca495
[21:58:19] [Server thread/TRACE] [FML]:   Registry: 158 minecraft:dropper net.minecraft.item.ItemBlock@119d4443
[21:58:19] [Server thread/TRACE] [FML]:   Registry: 159 minecraft:stained_hardened_clay net.minecraft.item.ItemCloth@773eca84
[21:58:19] [Server thread/TRACE] [FML]:   Registry: 160 minecraft:stained_glass_pane net.minecraft.item.ItemCloth@550c973e
[21:58:19] [Server thread/TRACE] [FML]:   Registry: 161 minecraft:leaves2 net.minecraft.item.ItemLeaves@eaf8427
[21:58:19] [Server thread/TRACE] [FML]:   Registry: 162 minecraft:log2 net.minecraft.item.ItemMultiTexture@2b44605c
[21:58:19] [Server thread/TRACE] [FML]:   Registry: 163 minecraft:acacia_stairs net.minecraft.item.ItemBlock@237b2852
[21:58:19] [Server thread/TRACE] [FML]:   Registry: 164 minecraft:dark_oak_stairs net.minecraft.item.ItemBlock@448cdb47
[21:58:19] [Server thread/TRACE] [FML]:   Registry: 165 minecraft:slime net.minecraft.item.ItemBlock@4628a02b
[21:58:19] [Server thread/TRACE] [FML]:   Registry: 166 minecraft:barrier net.minecraft.item.ItemBlock@7d47dfed
[21:58:19] [Server thread/TRACE] [FML]:   Registry: 167 minecraft:iron_trapdoor net.minecraft.item.ItemBlock@3a38e4dc
[21:58:19] [Server thread/TRACE] [FML]:   Registry: 168 minecraft:prismarine net.minecraft.item.ItemMultiTexture@5203c80f
[21:58:19] [Server thread/TRACE] [FML]:   Registry: 169 minecraft:sea_lantern net.minecraft.item.ItemBlock@439f2d87
[21:58:19] [Server thread/TRACE] [FML]:   Registry: 170 minecraft:hay_block net.minecraft.item.ItemBlock@41fc0084
[21:58:19] [Server thread/TRACE] [FML]:   Registry: 171 minecraft:carpet net.minecraft.item.ItemCloth@401788d5
[21:58:19] [Server thread/TRACE] [FML]:   Registry: 172 minecraft:hardened_clay net.minecraft.item.ItemBlock@3ec9f8d
[21:58:19] [Server thread/TRACE] [FML]:   Registry: 173 minecraft:coal_block net.minecraft.item.ItemBlock@7e0f9528
[21:58:19] [Server thread/TRACE] [FML]:   Registry: 174 minecraft:packed_ice net.minecraft.item.ItemBlock@5f56424d
[21:58:19] [Server thread/TRACE] [FML]:   Registry: 175 minecraft:double_plant net.minecraft.item.ItemMultiTexture@7336fd8f
[21:58:19] [Server thread/TRACE] [FML]:   Registry: 179 minecraft:red_sandstone net.minecraft.item.ItemMultiTexture@852ef8d
[21:58:19] [Server thread/TRACE] [FML]:   Registry: 180 minecraft:red_sandstone_stairs net.minecraft.item.ItemBlock@44dd0d38
[21:58:19] [Server thread/TRACE] [FML]:   Registry: 182 minecraft:stone_slab2 net.minecraft.item.ItemSlab@7e94e331
[21:58:19] [Server thread/TRACE] [FML]:   Registry: 183 minecraft:spruce_fence_gate net.minecraft.item.ItemBlock@26d0ece6
[21:58:19] [Server thread/TRACE] [FML]:   Registry: 184 minecraft:birch_fence_gate net.minecraft.item.ItemBlock@100bba26
[21:58:19] [Server thread/TRACE] [FML]:   Registry: 185 minecraft:jungle_fence_gate net.minecraft.item.ItemBlock@4ae280da
[21:58:19] [Server thread/TRACE] [FML]:   Registry: 186 minecraft:dark_oak_fence_gate net.minecraft.item.ItemBlock@76d0ecd7
[21:58:19] [Server thread/TRACE] [FML]:   Registry: 187 minecraft:acacia_fence_gate net.minecraft.item.ItemBlock@57c69937
[21:58:19] [Server thread/TRACE] [FML]:   Registry: 188 minecraft:spruce_fence net.minecraft.item.ItemBlock@38c460e8
[21:58:19] [Server thread/TRACE] [FML]:   Registry: 189 minecraft:birch_fence net.minecraft.item.ItemBlock@7a814310
[21:58:19] [Server thread/TRACE] [FML]:   Registry: 190 minecraft:jungle_fence net.minecraft.item.ItemBlock@4bbf38b8
[21:58:19] [Server thread/TRACE] [FML]:   Registry: 191 minecraft:dark_oak_fence net.minecraft.item.ItemBlock@4e67cfe1
[21:58:19] [Server thread/TRACE] [FML]:   Registry: 192 minecraft:acacia_fence net.minecraft.item.ItemBlock@55bf35e5
[21:58:19] [Server thread/TRACE] [FML]:   Registry: 198 minecraft:end_rod net.minecraft.item.ItemBlock@2e2f20b8
[21:58:19] [Server thread/TRACE] [FML]:   Registry: 199 minecraft:chorus_plant net.minecraft.item.ItemBlock@504497fa
[21:58:19] [Server thread/TRACE] [FML]:   Registry: 200 minecraft:chorus_flower net.minecraft.item.ItemBlock@5618fc1f
[21:58:19] [Server thread/TRACE] [FML]:   Registry: 201 minecraft:purpur_block net.minecraft.item.ItemBlock@60b1ff3b
[21:58:19] [Server thread/TRACE] [FML]:   Registry: 202 minecraft:purpur_pillar net.minecraft.item.ItemBlock@374c3975
[21:58:19] [Server thread/TRACE] [FML]:   Registry: 203 minecraft:purpur_stairs net.minecraft.item.ItemBlock@43c39321
[21:58:19] [Server thread/TRACE] [FML]:   Registry: 205 minecraft:purpur_slab net.minecraft.item.ItemSlab@52aa7742
[21:58:19] [Server thread/TRACE] [FML]:   Registry: 206 minecraft:end_bricks net.minecraft.item.ItemBlock@3a4e524
[21:58:19] [Server thread/TRACE] [FML]:   Registry: 208 minecraft:grass_path net.minecraft.item.ItemBlock@2b01c689
[21:58:19] [Server thread/TRACE] [FML]:   Registry: 210 minecraft:repeating_command_block net.minecraft.item.ItemBlock@539fc5d1
[21:58:19] [Server thread/TRACE] [FML]:   Registry: 211 minecraft:chain_command_block net.minecraft.item.ItemBlock@4cae66a8
[21:58:19] [Server thread/TRACE] [FML]:   Registry: 213 minecraft:magma net.minecraft.item.ItemBlock@60b616c8
[21:58:19] [Server thread/TRACE] [FML]:   Registry: 214 minecraft:nether_wart_block net.minecraft.item.ItemBlock@3962ec84
[21:58:19] [Server thread/TRACE] [FML]:   Registry: 215 minecraft:red_nether_brick net.minecraft.item.ItemBlock@147e0734
[21:58:19] [Server thread/TRACE] [FML]:   Registry: 216 minecraft:bone_block net.minecraft.item.ItemBlock@2bdab835
[21:58:19] [Server thread/TRACE] [FML]:   Registry: 217 minecraft:structure_void net.minecraft.item.ItemBlock@7b8aebd0
[21:58:19] [Server thread/TRACE] [FML]:   Registry: 218 minecraft:observer net.minecraft.item.ItemBlock@55222ee9
[21:58:19] [Server thread/TRACE] [FML]:   Registry: 219 minecraft:white_shulker_box net.minecraft.item.ItemShulkerBox@4f64d9cb
[21:58:19] [Server thread/TRACE] [FML]:   Registry: 220 minecraft:orange_shulker_box net.minecraft.item.ItemShulkerBox@639c7f9c
[21:58:19] [Server thread/TRACE] [FML]:   Registry: 221 minecraft:magenta_shulker_box net.minecraft.item.ItemShulkerBox@270d5060
[21:58:19] [Server thread/TRACE] [FML]:   Registry: 222 minecraft:light_blue_shulker_box net.minecraft.item.ItemShulkerBox@1815577b
[21:58:19] [Server thread/TRACE] [FML]:   Registry: 223 minecraft:yellow_shulker_box net.minecraft.item.ItemShulkerBox@71567f33
[21:58:19] [Server thread/TRACE] [FML]:   Registry: 224 minecraft:lime_shulker_box net.minecraft.item.ItemShulkerBox@71369e1a
[21:58:19] [Server thread/TRACE] [FML]:   Registry: 225 minecraft:pink_shulker_box net.minecraft.item.ItemShulkerBox@3cf55e0c
[21:58:19] [Server thread/TRACE] [FML]:   Registry: 226 minecraft:gray_shulker_box net.minecraft.item.ItemShulkerBox@ee96866
[21:58:19] [Server thread/TRACE] [FML]:   Registry: 227 minecraft:silver_shulker_box net.minecraft.item.ItemShulkerBox@4c04216f
[21:58:19] [Server thread/TRACE] [FML]:   Registry: 228 minecraft:cyan_shulker_box net.minecraft.item.ItemShulkerBox@987a0bb
[21:58:19] [Server thread/TRACE] [FML]:   Registry: 229 minecraft:purple_shulker_box net.minecraft.item.ItemShulkerBox@1f949ab9
[21:58:19] [Server thread/TRACE] [FML]:   Registry: 230 minecraft:blue_shulker_box net.minecraft.item.ItemShulkerBox@5a7b6b75
[21:58:19] [Server thread/TRACE] [FML]:   Registry: 231 minecraft:brown_shulker_box net.minecraft.item.ItemShulkerBox@3719360c
[21:58:19] [Server thread/TRACE] [FML]:   Registry: 232 minecraft:green_shulker_box net.minecraft.item.ItemShulkerBox@3afca2c
[21:58:19] [Server thread/TRACE] [FML]:   Registry: 233 minecraft:red_shulker_box net.minecraft.item.ItemShulkerBox@3855d9b2
[21:58:19] [Server thread/TRACE] [FML]:   Registry: 234 minecraft:black_shulker_box net.minecraft.item.ItemShulkerBox@39f42d0e
[21:58:19] [Server thread/TRACE] [FML]:   Registry: 235 minecraft:white_glazed_terracotta net.minecraft.item.ItemBlock@47a3d56a
[21:58:19] [Server thread/TRACE] [FML]:   Registry: 236 minecraft:orange_glazed_terracotta net.minecraft.item.ItemBlock@3a209918
[21:58:19] [Server thread/TRACE] [FML]:   Registry: 237 minecraft:magenta_glazed_terracotta net.minecraft.item.ItemBlock@2cae5fa7
[21:58:19] [Server thread/TRACE] [FML]:   Registry: 238 minecraft:light_blue_glazed_terracotta net.minecraft.item.ItemBlock@34aa8b61
[21:58:19] [Server thread/TRACE] [FML]:   Registry: 239 minecraft:yellow_glazed_terracotta net.minecraft.item.ItemBlock@6d7b001b
[21:58:19] [Server thread/TRACE] [FML]:   Registry: 240 minecraft:lime_glazed_terracotta net.minecraft.item.ItemBlock@532dacf5
[21:58:19] [Server thread/TRACE] [FML]:   Registry: 241 minecraft:pink_glazed_terracotta net.minecraft.item.ItemBlock@da09250
[21:58:19] [Server thread/TRACE] [FML]:   Registry: 242 minecraft:gray_glazed_terracotta net.minecraft.item.ItemBlock@6d31f106
[21:58:19] [Server thread/TRACE] [FML]:   Registry: 243 minecraft:silver_glazed_terracotta net.minecraft.item.ItemBlock@587f4f63
[21:58:19] [Server thread/TRACE] [FML]:   Registry: 244 minecraft:cyan_glazed_terracotta net.minecraft.item.ItemBlock@660b1a9d
[21:58:19] [Server thread/TRACE] [FML]:   Registry: 245 minecraft:purple_glazed_terracotta net.minecraft.item.ItemBlock@6fb0261e
[21:58:19] [Server thread/TRACE] [FML]:   Registry: 246 minecraft:blue_glazed_terracotta net.minecraft.item.ItemBlock@d6b532f
[21:58:19] [Server thread/TRACE] [FML]:   Registry: 247 minecraft:brown_glazed_terracotta net.minecraft.item.ItemBlock@2f4d01b6
[21:58:19] [Server thread/TRACE] [FML]:   Registry: 248 minecraft:green_glazed_terracotta net.minecraft.item.ItemBlock@112c2930
[21:58:19] [Server thread/TRACE] [FML]:   Registry: 249 minecraft:red_glazed_terracotta net.minecraft.item.ItemBlock@7f426ddd
[21:58:19] [Server thread/TRACE] [FML]:   Registry: 250 minecraft:black_glazed_terracotta net.minecraft.item.ItemBlock@28e7bb31
[21:58:19] [Server thread/TRACE] [FML]:   Registry: 251 minecraft:concrete net.minecraft.item.ItemCloth@6fe04f2a
[21:58:19] [Server thread/TRACE] [FML]:   Registry: 252 minecraft:concrete_powder net.minecraft.item.ItemCloth@1f758e4f
[21:58:19] [Server thread/TRACE] [FML]:   Registry: 255 minecraft:structure_block net.minecraft.item.ItemBlock@733534f9
[21:58:19] [Server thread/TRACE] [FML]:   Registry: 256 minecraft:iron_shovel net.minecraft.item.ItemSpade@13ca16bf
[21:58:19] [Server thread/TRACE] [FML]:   Registry: 257 minecraft:iron_pickaxe net.minecraft.item.ItemPickaxe@44641d6c
[21:58:19] [Server thread/TRACE] [FML]:   Registry: 258 minecraft:iron_axe net.minecraft.item.ItemAxe@59d5a6fd
[21:58:19] [Server thread/TRACE] [FML]:   Registry: 259 minecraft:flint_and_steel net.minecraft.item.ItemFlintAndSteel@104a287c
[21:58:19] [Server thread/TRACE] [FML]:   Registry: 260 minecraft:apple net.minecraft.item.ItemFood@5f3b84bd
[21:58:19] [Server thread/TRACE] [FML]:   Registry: 261 minecraft:bow net.minecraft.item.ItemBow@aca3c85
[21:58:19] [Server thread/TRACE] [FML]:   Registry: 262 minecraft:arrow net.minecraft.item.ItemArrow@7f51f588
[21:58:19] [Server thread/TRACE] [FML]:   Registry: 263 minecraft:coal net.minecraft.item.ItemCoal@69a373fd
[21:58:19] [Server thread/TRACE] [FML]:   Registry: 264 minecraft:diamond net.minecraft.item.Item@19ae36f4
[21:58:19] [Server thread/TRACE] [FML]:   Registry: 265 minecraft:iron_ingot net.minecraft.item.Item@6735f210
[21:58:19] [Server thread/TRACE] [FML]:   Registry: 266 minecraft:gold_ingot net.minecraft.item.Item@4567fb2b
[21:58:19] [Server thread/TRACE] [FML]:   Registry: 267 minecraft:iron_sword net.minecraft.item.ItemSword@173511ff
[21:58:19] [Server thread/TRACE] [FML]:   Registry: 268 minecraft:wooden_sword net.minecraft.item.ItemSword@6df11e91
[21:58:19] [Server thread/TRACE] [FML]:   Registry: 269 minecraft:wooden_shovel net.minecraft.item.ItemSpade@1002d192
[21:58:19] [Server thread/TRACE] [FML]:   Registry: 270 minecraft:wooden_pickaxe net.minecraft.item.ItemPickaxe@9281d19
[21:58:19] [Server thread/TRACE] [FML]:   Registry: 271 minecraft:wooden_axe net.minecraft.item.ItemAxe@36ad5f2a
[21:58:19] [Server thread/TRACE] [FML]:   Registry: 272 minecraft:stone_sword net.minecraft.item.ItemSword@53cddaf8
[21:58:19] [Server thread/TRACE] [FML]:   Registry: 273 minecraft:stone_shovel net.minecraft.item.ItemSpade@55c50f52
[21:58:19] [Server thread/TRACE] [FML]:   Registry: 274 minecraft:stone_pickaxe net.minecraft.item.ItemPickaxe@1ccc1026
[21:58:19] [Server thread/TRACE] [FML]:   Registry: 275 minecraft:stone_axe net.minecraft.item.ItemAxe@4044589a
[21:58:19] [Server thread/TRACE] [FML]:   Registry: 276 minecraft:diamond_sword net.minecraft.item.ItemSword@7de35070
[21:58:19] [Server thread/TRACE] [FML]:   Registry: 277 minecraft:diamond_shovel net.minecraft.item.ItemSpade@216f01
[21:58:19] [Server thread/TRACE] [FML]:   Registry: 278 minecraft:diamond_pickaxe net.minecraft.item.ItemPickaxe@7c901203
[21:58:19] [Server thread/TRACE] [FML]:   Registry: 279 minecraft:diamond_axe net.minecraft.item.ItemAxe@1e721583
[21:58:19] [Server thread/TRACE] [FML]:   Registry: 280 minecraft:stick net.minecraft.item.Item@79f5a6ed
[21:58:19] [Server thread/TRACE] [FML]:   Registry: 281 minecraft:bowl net.minecraft.item.Item@722787b5
[21:58:19] [Server thread/TRACE] [FML]:   Registry: 282 minecraft:mushroom_stew net.minecraft.item.ItemSoup@541d4d9f
[21:58:19] [Server thread/TRACE] [FML]:   Registry: 283 minecraft:golden_sword net.minecraft.item.ItemSword@1a497286
[21:58:19] [Server thread/TRACE] [FML]:   Registry: 284 minecraft:golden_shovel net.minecraft.item.ItemSpade@48dff674
[21:58:19] [Server thread/TRACE] [FML]:   Registry: 285 minecraft:golden_pickaxe net.minecraft.item.ItemPickaxe@120350eb
[21:58:19] [Server thread/TRACE] [FML]:   Registry: 286 minecraft:golden_axe net.minecraft.item.ItemAxe@2ccc9681
[21:58:19] [Server thread/TRACE] [FML]:   Registry: 287 minecraft:string net.minecraft.item.ItemBlockSpecial@4217bce6
[21:58:19] [Server thread/TRACE] [FML]:   Registry: 288 minecraft:feather net.minecraft.item.Item@aa752bb
[21:58:19] [Server thread/TRACE] [FML]:   Registry: 289 minecraft:gunpowder net.minecraft.item.Item@77fc19cf
[21:58:19] [Server thread/TRACE] [FML]:   Registry: 290 minecraft:wooden_hoe net.minecraft.item.ItemHoe@2bb31455
[21:58:19] [Server thread/TRACE] [FML]:   Registry: 291 minecraft:stone_hoe net.minecraft.item.ItemHoe@3c16528d
[21:58:19] [Server thread/TRACE] [FML]:   Registry: 292 minecraft:iron_hoe net.minecraft.item.ItemHoe@2e45a357
[21:58:19] [Server thread/TRACE] [FML]:   Registry: 293 minecraft:diamond_hoe net.minecraft.item.ItemHoe@389a5022
[21:58:19] [Server thread/TRACE] [FML]:   Registry: 294 minecraft:golden_hoe net.minecraft.item.ItemHoe@bb8ead8
[21:58:19] [Server thread/TRACE] [FML]:   Registry: 295 minecraft:wheat_seeds net.minecraft.item.ItemSeeds@6c995c5d
[21:58:19] [Server thread/TRACE] [FML]:   Registry: 296 minecraft:wheat net.minecraft.item.Item@203b953c
[21:58:19] [Server thread/TRACE] [FML]:   Registry: 297 minecraft:bread net.minecraft.item.ItemFood@730bea0
[21:58:19] [Server thread/TRACE] [FML]:   Registry: 298 minecraft:leather_helmet net.minecraft.item.ItemArmor@5873f3f0
[21:58:19] [Server thread/TRACE] [FML]:   Registry: 299 minecraft:leather_chestplate net.minecraft.item.ItemArmor@684372d0
[21:58:19] [Server thread/TRACE] [FML]:   Registry: 300 minecraft:leather_leggings net.minecraft.item.ItemArmor@63dda940
[21:58:19] [Server thread/TRACE] [FML]:   Registry: 301 minecraft:leather_boots net.minecraft.item.ItemArmor@41f964f9
[21:58:19] [Server thread/TRACE] [FML]:   Registry: 302 minecraft:chainmail_helmet net.minecraft.item.ItemArmor@652e345
[21:58:19] [Server thread/TRACE] [FML]:   Registry: 303 minecraft:chainmail_chestplate net.minecraft.item.ItemArmor@7574d4ad
[21:58:19] [Server thread/TRACE] [FML]:   Registry: 304 minecraft:chainmail_leggings net.minecraft.item.ItemArmor@7bede4ea
[21:58:19] [Server thread/TRACE] [FML]:   Registry: 305 minecraft:chainmail_boots net.minecraft.item.ItemArmor@713999c2
[21:58:19] [Server thread/TRACE] [FML]:   Registry: 306 minecraft:iron_helmet net.minecraft.item.ItemArmor@6060146b
[21:58:19] [Server thread/TRACE] [FML]:   Registry: 307 minecraft:iron_chestplate net.minecraft.item.ItemArmor@33627576
[21:58:19] [Server thread/TRACE] [FML]:   Registry: 308 minecraft:iron_leggings net.minecraft.item.ItemArmor@27bc1d44
[21:58:19] [Server thread/TRACE] [FML]:   Registry: 309 minecraft:iron_boots net.minecraft.item.ItemArmor@1af677f8
[21:58:19] [Server thread/TRACE] [FML]:   Registry: 310 minecraft:diamond_helmet net.minecraft.item.ItemArmor@7a55fb81
[21:58:19] [Server thread/TRACE] [FML]:   Registry: 311 minecraft:diamond_chestplate net.minecraft.item.ItemArmor@5a3cf878
[21:58:19] [Server thread/TRACE] [FML]:   Registry: 312 minecraft:diamond_leggings net.minecraft.item.ItemArmor@1d2d8846
[21:58:19] [Server thread/TRACE] [FML]:   Registry: 313 minecraft:diamond_boots net.minecraft.item.ItemArmor@34cd65ac
[21:58:19] [Server thread/TRACE] [FML]:   Registry: 314 minecraft:golden_helmet net.minecraft.item.ItemArmor@61911947
[21:58:19] [Server thread/TRACE] [FML]:   Registry: 315 minecraft:golden_chestplate net.minecraft.item.ItemArmor@5c53c235
[21:58:19] [Server thread/TRACE] [FML]:   Registry: 316 minecraft:golden_leggings net.minecraft.item.ItemArmor@2dcd0e41
[21:58:19] [Server thread/TRACE] [FML]:   Registry: 317 minecraft:golden_boots net.minecraft.item.ItemArmor@7272ee51
[21:58:19] [Server thread/TRACE] [FML]:   Registry: 318 minecraft:flint net.minecraft.item.Item@1b409a79
[21:58:19] [Server thread/TRACE] [FML]:   Registry: 319 minecraft:porkchop net.minecraft.item.ItemFood@5940b14e
[21:58:19] [Server thread/TRACE] [FML]:   Registry: 320 minecraft:cooked_porkchop net.minecraft.item.ItemFood@1cba0321
[21:58:19] [Server thread/TRACE] [FML]:   Registry: 321 minecraft:painting net.minecraft.item.ItemHangingEntity@3e0a9b1d
[21:58:19] [Server thread/TRACE] [FML]:   Registry: 322 minecraft:golden_apple net.minecraft.item.ItemAppleGold@240a2619
[21:58:19] [Server thread/TRACE] [FML]:   Registry: 323 minecraft:sign net.minecraft.item.ItemSign@5d1a859c
[21:58:19] [Server thread/TRACE] [FML]:   Registry: 324 minecraft:wooden_door net.minecraft.item.ItemDoor@394fb736
[21:58:19] [Server thread/TRACE] [FML]:   Registry: 325 minecraft:bucket net.minecraft.item.ItemBucket@65d9e72a
[21:58:19] [Server thread/TRACE] [FML]:   Registry: 326 minecraft:water_bucket net.minecraft.item.ItemBucket@1f7e52d1
[21:58:19] [Server thread/TRACE] [FML]:   Registry: 327 minecraft:lava_bucket net.minecraft.item.ItemBucket@e01a26b
[21:58:19] [Server thread/TRACE] [FML]:   Registry: 328 minecraft:minecart net.minecraft.item.ItemMinecart@45984654
[21:58:19] [Server thread/TRACE] [FML]:   Registry: 329 minecraft:saddle net.minecraft.item.ItemSaddle@74a58a06
[21:58:19] [Server thread/TRACE] [FML]:   Registry: 330 minecraft:iron_door net.minecraft.item.ItemDoor@7308c820
[21:58:19] [Server thread/TRACE] [FML]:   Registry: 331 minecraft:redstone net.minecraft.item.ItemRedstone@640c216b
[21:58:19] [Server thread/TRACE] [FML]:   Registry: 332 minecraft:snowball net.minecraft.item.ItemSnowball@6a96d639
[21:58:19] [Server thread/TRACE] [FML]:   Registry: 333 minecraft:boat net.minecraft.item.ItemBoat@482a58c7
[21:58:19] [Server thread/TRACE] [FML]:   Registry: 334 minecraft:leather net.minecraft.item.Item@3e74fd84
[21:58:19] [Server thread/TRACE] [FML]:   Registry: 335 minecraft:milk_bucket net.minecraft.item.ItemBucketMilk@4e4894d
[21:58:19] [Server thread/TRACE] [FML]:   Registry: 336 minecraft:brick net.minecraft.item.Item@1de5cc88
[21:58:19] [Server thread/TRACE] [FML]:   Registry: 337 minecraft:clay_ball net.minecraft.item.Item@23e2c1ca
[21:58:19] [Server thread/TRACE] [FML]:   Registry: 338 minecraft:reeds net.minecraft.item.ItemBlockSpecial@2d4fb0d8
[21:58:19] [Server thread/TRACE] [FML]:   Registry: 339 minecraft:paper net.minecraft.item.Item@dc1fadd
[21:58:19] [Server thread/TRACE] [FML]:   Registry: 340 minecraft:book net.minecraft.item.ItemBook@5b332439
[21:58:19] [Server thread/TRACE] [FML]:   Registry: 341 minecraft:slime_ball net.minecraft.item.Item@59262a90
[21:58:19] [Server thread/TRACE] [FML]:   Registry: 342 minecraft:chest_minecart net.minecraft.item.ItemMinecart@78479f2b
[21:58:19] [Server thread/TRACE] [FML]:   Registry: 343 minecraft:furnace_minecart net.minecraft.item.ItemMinecart@2755617b
[21:58:19] [Server thread/TRACE] [FML]:   Registry: 344 minecraft:egg net.minecraft.item.ItemEgg@7b377a53
[21:58:19] [Server thread/TRACE] [FML]:   Registry: 345 minecraft:compass net.minecraft.item.ItemCompass@25214797
[21:58:19] [Server thread/TRACE] [FML]:   Registry: 346 minecraft:fishing_rod net.minecraft.item.ItemFishingRod@5d5d3a5c
[21:58:19] [Server thread/TRACE] [FML]:   Registry: 347 minecraft:clock net.minecraft.item.ItemClock@4601047
[21:58:19] [Server thread/TRACE] [FML]:   Registry: 348 minecraft:glowstone_dust net.minecraft.item.Item@25e8e59
[21:58:19] [Server thread/TRACE] [FML]:   Registry: 349 minecraft:fish net.minecraft.item.ItemFishFood@54c11750
[21:58:19] [Server thread/TRACE] [FML]:   Registry: 350 minecraft:cooked_fish net.minecraft.item.ItemFishFood@221b77d7
[21:58:19] [Server thread/TRACE] [FML]:   Registry: 351 minecraft:dye net.minecraft.item.ItemDye@6eede35e
[21:58:19] [Server thread/TRACE] [FML]:   Registry: 352 minecraft:bone net.minecraft.item.Item@64c25a62
[21:58:19] [Server thread/TRACE] [FML]:   Registry: 353 minecraft:sugar net.minecraft.item.Item@43e8f1c
[21:58:19] [Server thread/TRACE] [FML]:   Registry: 354 minecraft:cake net.minecraft.item.ItemBlockSpecial@66a82a13
[21:58:19] [Server thread/TRACE] [FML]:   Registry: 355 minecraft:bed net.minecraft.item.ItemBed@610fbe1c
[21:58:19] [Server thread/TRACE] [FML]:   Registry: 356 minecraft:repeater net.minecraft.item.ItemBlockSpecial@46d0f89c
[21:58:19] [Server thread/TRACE] [FML]:   Registry: 357 minecraft:cookie net.minecraft.item.ItemFood@570b2057
[21:58:19] [Server thread/TRACE] [FML]:   Registry: 358 minecraft:filled_map net.minecraft.item.ItemMap@4f26425b
[21:58:19] [Server thread/TRACE] [FML]:   Registry: 359 minecraft:shears net.minecraft.item.ItemShears@33f4c769
[21:58:19] [Server thread/TRACE] [FML]:   Registry: 360 minecraft:melon net.minecraft.item.ItemFood@4ebd6fd6
[21:58:19] [Server thread/TRACE] [FML]:   Registry: 361 minecraft:pumpkin_seeds net.minecraft.item.ItemSeeds@5e5a8718
[21:58:19] [Server thread/TRACE] [FML]:   Registry: 362 minecraft:melon_seeds net.minecraft.item.ItemSeeds@7404ddca
[21:58:19] [Server thread/TRACE] [FML]:   Registry: 363 minecraft:beef net.minecraft.item.ItemFood@615e83ac
[21:58:19] [Server thread/TRACE] [FML]:   Registry: 364 minecraft:cooked_beef net.minecraft.item.ItemFood@4438938e
[21:58:19] [Server thread/TRACE] [FML]:   Registry: 365 minecraft:chicken net.minecraft.item.ItemFood@42730828
[21:58:19] [Server thread/TRACE] [FML]:   Registry: 366 minecraft:cooked_chicken net.minecraft.item.ItemFood@18c7f6b5
[21:58:19] [Server thread/TRACE] [FML]:   Registry: 367 minecraft:rotten_flesh net.minecraft.item.ItemFood@629b780f
[21:58:19] [Server thread/TRACE] [FML]:   Registry: 368 minecraft:ender_pearl net.minecraft.item.ItemEnderPearl@6734ff92
[21:58:19] [Server thread/TRACE] [FML]:   Registry: 369 minecraft:blaze_rod net.minecraft.item.Item@51eb0e84
[21:58:19] [Server thread/TRACE] [FML]:   Registry: 370 minecraft:ghast_tear net.minecraft.item.Item@4ce267cc
[21:58:19] [Server thread/TRACE] [FML]:   Registry: 371 minecraft:gold_nugget net.minecraft.item.Item@2eebce87
[21:58:19] [Server thread/TRACE] [FML]:   Registry: 372 minecraft:nether_wart net.minecraft.item.ItemSeeds@6ee37ca7
[21:58:19] [Server thread/TRACE] [FML]:   Registry: 373 minecraft:potion net.minecraft.item.ItemPotion@38f617f4
[21:58:19] [Server thread/TRACE] [FML]:   Registry: 374 minecraft:glass_bottle net.minecraft.item.ItemGlassBottle@74500e4f
[21:58:19] [Server thread/TRACE] [FML]:   Registry: 375 minecraft:spider_eye net.minecraft.item.ItemFood@7c91fe86
[21:58:19] [Server thread/TRACE] [FML]:   Registry: 376 minecraft:fermented_spider_eye net.minecraft.item.Item@7fc7152e
[21:58:19] [Server thread/TRACE] [FML]:   Registry: 377 minecraft:blaze_powder net.minecraft.item.Item@13d289c7
[21:58:19] [Server thread/TRACE] [FML]:   Registry: 378 minecraft:magma_cream net.minecraft.item.Item@6704df84
[21:58:19] [Server thread/TRACE] [FML]:   Registry: 379 minecraft:brewing_stand net.minecraft.item.ItemBlockSpecial@1412682c
[21:58:19] [Server thread/TRACE] [FML]:   Registry: 380 minecraft:cauldron net.minecraft.item.ItemBlockSpecial@53bb71e5
[21:58:19] [Server thread/TRACE] [FML]:   Registry: 381 minecraft:ender_eye net.minecraft.item.ItemEnderEye@1a717d79
[21:58:19] [Server thread/TRACE] [FML]:   Registry: 382 minecraft:speckled_melon net.minecraft.item.Item@4cb00fa5
[21:58:19] [Server thread/TRACE] [FML]:   Registry: 383 minecraft:spawn_egg net.minecraft.item.ItemMonsterPlacer@78065fcd
[21:58:19] [Server thread/TRACE] [FML]:   Registry: 384 minecraft:experience_bottle net.minecraft.item.ItemExpBottle@28cb86b2
[21:58:19] [Server thread/TRACE] [FML]:   Registry: 385 minecraft:fire_charge net.minecraft.item.ItemFireball@4fbaa7f5
[21:58:19] [Server thread/TRACE] [FML]:   Registry: 386 minecraft:writable_book net.minecraft.item.ItemWritableBook@51d8f2f2
[21:58:19] [Server thread/TRACE] [FML]:   Registry: 387 minecraft:written_book net.minecraft.item.ItemWrittenBook@597a7afa
[21:58:19] [Server thread/TRACE] [FML]:   Registry: 388 minecraft:emerald net.minecraft.item.Item@29dcdd1c
[21:58:19] [Server thread/TRACE] [FML]:   Registry: 389 minecraft:item_frame net.minecraft.item.ItemHangingEntity@7cdb7fc
[21:58:19] [Server thread/TRACE] [FML]:   Registry: 390 minecraft:flower_pot net.minecraft.item.ItemBlockSpecial@524f5ea5
[21:58:19] [Server thread/TRACE] [FML]:   Registry: 391 minecraft:carrot net.minecraft.item.ItemSeedFood@7d8b66d9
[21:58:19] [Server thread/TRACE] [FML]:   Registry: 392 minecraft:potato net.minecraft.item.ItemSeedFood@5599b5bb
[21:58:19] [Server thread/TRACE] [FML]:   Registry: 393 minecraft:baked_potato net.minecraft.item.ItemFood@4ff66917
[21:58:19] [Server thread/TRACE] [FML]:   Registry: 394 minecraft:poisonous_potato net.minecraft.item.ItemFood@4264beb8
[21:58:19] [Server thread/TRACE] [FML]:   Registry: 395 minecraft:map net.minecraft.item.ItemEmptyMap@919086
[21:58:19] [Server thread/TRACE] [FML]:   Registry: 396 minecraft:golden_carrot net.minecraft.item.ItemFood@67e77f52
[21:58:19] [Server thread/TRACE] [FML]:   Registry: 397 minecraft:skull net.minecraft.item.ItemSkull@1182413a
[21:58:19] [Server thread/TRACE] [FML]:   Registry: 398 minecraft:carrot_on_a_stick net.minecraft.item.ItemCarrotOnAStick@19705650
[21:58:19] [Server thread/TRACE] [FML]:   Registry: 399 minecraft:nether_star net.minecraft.item.ItemSimpleFoiled@362a561e
[21:58:19] [Server thread/TRACE] [FML]:   Registry: 400 minecraft:pumpkin_pie net.minecraft.item.ItemFood@2df3545d
[21:58:19] [Server thread/TRACE] [FML]:   Registry: 401 minecraft:fireworks net.minecraft.item.ItemFirework@5cf0673d
[21:58:19] [Server thread/TRACE] [FML]:   Registry: 402 minecraft:firework_charge net.minecraft.item.ItemFireworkCharge@5546e754
[21:58:19] [Server thread/TRACE] [FML]:   Registry: 403 minecraft:enchanted_book net.minecraft.item.ItemEnchantedBook@6a6da47a
[21:58:19] [Server thread/TRACE] [FML]:   Registry: 404 minecraft:comparator net.minecraft.item.ItemBlockSpecial@8f39224
[21:58:19] [Server thread/TRACE] [FML]:   Registry: 405 minecraft:netherbrick net.minecraft.item.Item@7f642bf
[21:58:19] [Server thread/TRACE] [FML]:   Registry: 406 minecraft:quartz net.minecraft.item.Item@43e3a390
[21:58:19] [Server thread/TRACE] [FML]:   Registry: 407 minecraft:tnt_minecart net.minecraft.item.ItemMinecart@44aa91e2
[21:58:19] [Server thread/TRACE] [FML]:   Registry: 408 minecraft:hopper_minecart net.minecraft.item.ItemMinecart@50dc49e1
[21:58:19] [Server thread/TRACE] [FML]:   Registry: 409 minecraft:prismarine_shard net.minecraft.item.Item@650a1aff
[21:58:19] [Server thread/TRACE] [FML]:   Registry: 410 minecraft:prismarine_crystals net.minecraft.item.Item@3babcaed
[21:58:19] [Server thread/TRACE] [FML]:   Registry: 411 minecraft:rabbit net.minecraft.item.ItemFood@2b9e69fb
[21:58:19] [Server thread/TRACE] [FML]:   Registry: 412 minecraft:cooked_rabbit net.minecraft.item.ItemFood@19bfbe28
[21:58:19] [Server thread/TRACE] [FML]:   Registry: 413 minecraft:rabbit_stew net.minecraft.item.ItemSoup@2c579202
[21:58:19] [Server thread/TRACE] [FML]:   Registry: 414 minecraft:rabbit_foot net.minecraft.item.Item@49ced9c7
[21:58:19] [Server thread/TRACE] [FML]:   Registry: 415 minecraft:rabbit_hide net.minecraft.item.Item@11c7a0b4
[21:58:19] [Server thread/TRACE] [FML]:   Registry: 416 minecraft:armor_stand net.minecraft.item.ItemArmorStand@5c4f4330
[21:58:19] [Server thread/TRACE] [FML]:   Registry: 417 minecraft:iron_horse_armor net.minecraft.item.Item@2b9aeedb
[21:58:19] [Server thread/TRACE] [FML]:   Registry: 418 minecraft:golden_horse_armor net.minecraft.item.Item@63485d7
[21:58:19] [Server thread/TRACE] [FML]:   Registry: 419 minecraft:diamond_horse_armor net.minecraft.item.Item@23ea8830
[21:58:19] [Server thread/TRACE] [FML]:   Registry: 420 minecraft:lead net.minecraft.item.ItemLead@2cee5365
[21:58:19] [Server thread/TRACE] [FML]:   Registry: 421 minecraft:name_tag net.minecraft.item.ItemNameTag@1a7163e3
[21:58:19] [Server thread/TRACE] [FML]:   Registry: 422 minecraft:command_block_minecart net.minecraft.item.ItemMinecart@44da7eb3
[21:58:19] [Server thread/TRACE] [FML]:   Registry: 423 minecraft:mutton net.minecraft.item.ItemFood@5e69cf07
[21:58:19] [Server thread/TRACE] [FML]:   Registry: 424 minecraft:cooked_mutton net.minecraft.item.ItemFood@3d512652
[21:58:19] [Server thread/TRACE] [FML]:   Registry: 425 minecraft:banner net.minecraft.item.ItemBanner@2b170932
[21:58:19] [Server thread/TRACE] [FML]:   Registry: 426 minecraft:end_crystal net.minecraft.item.ItemEndCrystal@4e4f4092
[21:58:19] [Server thread/TRACE] [FML]:   Registry: 427 minecraft:spruce_door net.minecraft.item.ItemDoor@5d829ef0
[21:58:19] [Server thread/TRACE] [FML]:   Registry: 428 minecraft:birch_door net.minecraft.item.ItemDoor@4416e18d
[21:58:19] [Server thread/TRACE] [FML]:   Registry: 429 minecraft:jungle_door net.minecraft.item.ItemDoor@5dfc2a4
[21:58:19] [Server thread/TRACE] [FML]:   Registry: 430 minecraft:acacia_door net.minecraft.item.ItemDoor@3120495d
[21:58:19] [Server thread/TRACE] [FML]:   Registry: 431 minecraft:dark_oak_door net.minecraft.item.ItemDoor@781c2497
[21:58:19] [Server thread/TRACE] [FML]:   Registry: 432 minecraft:chorus_fruit net.minecraft.item.ItemChorusFruit@439d545c
[21:58:19] [Server thread/TRACE] [FML]:   Registry: 433 minecraft:chorus_fruit_popped net.minecraft.item.Item@5a3cf824
[21:58:19] [Server thread/TRACE] [FML]:   Registry: 434 minecraft:beetroot net.minecraft.item.ItemFood@7c2b6acb
[21:58:19] [Server thread/TRACE] [FML]:   Registry: 435 minecraft:beetroot_seeds net.minecraft.item.ItemSeeds@28367da7
[21:58:19] [Server thread/TRACE] [FML]:   Registry: 436 minecraft:beetroot_soup net.minecraft.item.ItemSoup@1a0f349
[21:58:19] [Server thread/TRACE] [FML]:   Registry: 437 minecraft:dragon_breath net.minecraft.item.Item@3c60c681
[21:58:19] [Server thread/TRACE] [FML]:   Registry: 438 minecraft:splash_potion net.minecraft.item.ItemSplashPotion@239b98cb
[21:58:19] [Server thread/TRACE] [FML]:   Registry: 439 minecraft:spectral_arrow net.minecraft.item.ItemSpectralArrow@36211bbc
[21:58:19] [Server thread/TRACE] [FML]:   Registry: 440 minecraft:tipped_arrow net.minecraft.item.ItemTippedArrow@3e151e1f
[21:58:19] [Server thread/TRACE] [FML]:   Registry: 441 minecraft:lingering_potion net.minecraft.item.ItemLingeringPotion@4fe8f2ae
[21:58:19] [Server thread/TRACE] [FML]:   Registry: 442 minecraft:shield net.minecraft.item.ItemShield@77ea806f
[21:58:19] [Server thread/TRACE] [FML]:   Registry: 443 minecraft:elytra net.minecraft.item.ItemElytra@33751d49
[21:58:19] [Server thread/TRACE] [FML]:   Registry: 444 minecraft:spruce_boat net.minecraft.item.ItemBoat@516195cf
[21:58:19] [Server thread/TRACE] [FML]:   Registry: 445 minecraft:birch_boat net.minecraft.item.ItemBoat@4eeb14e0
[21:58:19] [Server thread/TRACE] [FML]:   Registry: 446 minecraft:jungle_boat net.minecraft.item.ItemBoat@26ca12a2
[21:58:19] [Server thread/TRACE] [FML]:   Registry: 447 minecraft:acacia_boat net.minecraft.item.ItemBoat@3d4ecc67
[21:58:19] [Server thread/TRACE] [FML]:   Registry: 448 minecraft:dark_oak_boat net.minecraft.item.ItemBoat@60dcf9ec
[21:58:19] [Server thread/TRACE] [FML]:   Registry: 449 minecraft:totem_of_undying net.minecraft.item.Item@7606bd03
[21:58:19] [Server thread/TRACE] [FML]:   Registry: 450 minecraft:shulker_shell net.minecraft.item.Item@afee63
[21:58:19] [Server thread/TRACE] [FML]:   Registry: 452 minecraft:iron_nugget net.minecraft.item.Item@4b4927e5
[21:58:19] [Server thread/TRACE] [FML]:   Registry: 453 minecraft:knowledge_book net.minecraft.item.ItemKnowledgeBook@72a7aa4f
[21:58:19] [Server thread/TRACE] [FML]:   Registry: 2256 minecraft:record_13 net.minecraft.item.ItemRecord@35e2b89f
[21:58:19] [Server thread/TRACE] [FML]:   Registry: 2257 minecraft:record_cat net.minecraft.item.ItemRecord@7ad889be
[21:58:19] [Server thread/TRACE] [FML]:   Registry: 2258 minecraft:record_blocks net.minecraft.item.ItemRecord@4c063cb9
[21:58:19] [Server thread/TRACE] [FML]:   Registry: 2259 minecraft:record_chirp net.minecraft.item.ItemRecord@63de4fa
[21:58:19] [Server thread/TRACE] [FML]:   Registry: 2260 minecraft:record_far net.minecraft.item.ItemRecord@26bb92e2
[21:58:19] [Server thread/TRACE] [FML]:   Registry: 2261 minecraft:record_mall net.minecraft.item.ItemRecord@18907af2
[21:58:19] [Server thread/TRACE] [FML]:   Registry: 2262 minecraft:record_mellohi net.minecraft.item.ItemRecord@658e7ead
[21:58:19] [Server thread/TRACE] [FML]:   Registry: 2263 minecraft:record_stal net.minecraft.item.ItemRecord@cfd5cd2
[21:58:19] [Server thread/TRACE] [FML]:   Registry: 2264 minecraft:record_strad net.minecraft.item.ItemRecord@762bf32d
[21:58:19] [Server thread/TRACE] [FML]:   Registry: 2265 minecraft:record_ward net.minecraft.item.ItemRecord@6d7740f0
[21:58:19] [Server thread/TRACE] [FML]:   Registry: 2266 minecraft:record_11 net.minecraft.item.ItemRecord@7b1a30e5
[21:58:19] [Server thread/TRACE] [FML]:   Registry: 2267 minecraft:record_wait net.minecraft.item.ItemRecord@1de7f898
[21:58:19] [Server thread/TRACE] [FML]:   Registry: 4096 lucky:lucky_block mod.lucky.item.ItemLuckyBlock@6be84d7e
[21:58:19] [Server thread/TRACE] [FML]:   Registry: 4097 lucky:lucky_sword mod.lucky.item.ItemLuckySword@7cfe5ed3
[21:58:19] [Server thread/TRACE] [FML]:   Registry: 4098 lucky:lucky_bow mod.lucky.item.ItemLuckyBow@13358c4
[21:58:19] [Server thread/TRACE] [FML]:   Registry: 4099 lucky:lucky_potion mod.lucky.item.ItemLuckyPotion@1fdfba05
[21:58:19] [Server thread/TRACE] [FML]: Registry Name : minecraft:potions
[21:58:19] [Server thread/TRACE] [FML]:   Registry: 1 minecraft:speed net.minecraft.potion.Potion@28daf506
[21:58:19] [Server thread/TRACE] [FML]:   Registry: 2 minecraft:slowness net.minecraft.potion.Potion@4662752a
[21:58:19] [Server thread/TRACE] [FML]:   Registry: 3 minecraft:haste net.minecraft.potion.Potion@693f2213
[21:58:19] [Server thread/TRACE] [FML]:   Registry: 4 minecraft:mining_fatigue net.minecraft.potion.Potion@514377fc
[21:58:19] [Server thread/TRACE] [FML]:   Registry: 5 minecraft:strength net.minecraft.potion.PotionAttackDamage@6befbb12
[21:58:19] [Server thread/TRACE] [FML]:   Registry: 6 minecraft:instant_health net.minecraft.potion.PotionHealth@33bdd01
[21:58:19] [Server thread/TRACE] [FML]:   Registry: 7 minecraft:instant_damage net.minecraft.potion.PotionHealth@159ac15f
[21:58:19] [Server thread/TRACE] [FML]:   Registry: 8 minecraft:jump_boost net.minecraft.potion.Potion@7ac48f05
[21:58:19] [Server thread/TRACE] [FML]:   Registry: 9 minecraft:nausea net.minecraft.potion.Potion@7af1d072
[21:58:19] [Server thread/TRACE] [FML]:   Registry: 10 minecraft:regeneration net.minecraft.potion.Potion@27ffd9f8
[21:58:19] [Server thread/TRACE] [FML]:   Registry: 11 minecraft:resistance net.minecraft.potion.Potion@642c6461
[21:58:19] [Server thread/TRACE] [FML]:   Registry: 12 minecraft:fire_resistance net.minecraft.potion.Potion@3ace6346
[21:58:19] [Server thread/TRACE] [FML]:   Registry: 13 minecraft:water_breathing net.minecraft.potion.Potion@4e48462d
[21:58:19] [Server thread/TRACE] [FML]:   Registry: 14 minecraft:invisibility net.minecraft.potion.Potion@17216605
[21:58:19] [Server thread/TRACE] [FML]:   Registry: 15 minecraft:blindness net.minecraft.potion.Potion@10a907ec
[21:58:19] [Server thread/TRACE] [FML]:   Registry: 16 minecraft:night_vision net.minecraft.potion.Potion@59b492ec
[21:58:19] [Server thread/TRACE] [FML]:   Registry: 17 minecraft:hunger net.minecraft.potion.Potion@55c1ced9
[21:58:19] [Server thread/TRACE] [FML]:   Registry: 18 minecraft:weakness net.minecraft.potion.PotionAttackDamage@49cc9b2a
[21:58:19] [Server thread/TRACE] [FML]:   Registry: 19 minecraft:poison net.minecraft.potion.Potion@11826398
[21:58:19] [Server thread/TRACE] [FML]:   Registry: 20 minecraft:wither net.minecraft.potion.Potion@6c5ca0b6
[21:58:19] [Server thread/TRACE] [FML]:   Registry: 21 minecraft:health_boost net.minecraft.potion.PotionHealthBoost@1894fa9f
[21:58:19] [Server thread/TRACE] [FML]:   Registry: 22 minecraft:absorption net.minecraft.potion.PotionAbsorption@7a572ea0
[21:58:19] [Server thread/TRACE] [FML]:   Registry: 23 minecraft:saturation net.minecraft.potion.PotionHealth@45287377
[21:58:19] [Server thread/TRACE] [FML]:   Registry: 24 minecraft:glowing net.minecraft.potion.Potion@7159d601
[21:58:19] [Server thread/TRACE] [FML]:   Registry: 25 minecraft:levitation net.minecraft.potion.Potion@70b33256
[21:58:19] [Server thread/TRACE] [FML]:   Registry: 26 minecraft:luck net.minecraft.potion.Potion@33d230ce
[21:58:19] [Server thread/TRACE] [FML]:   Registry: 27 minecraft:unluck net.minecraft.potion.Potion@35e74e08
[21:58:19] [Server thread/TRACE] [FML]: Registry Name : minecraft:biomes
[21:58:19] [Server thread/TRACE] [FML]:   Registry: 0 minecraft:ocean net.minecraft.world.biome.BiomeOcean@660296d5
[21:58:19] [Server thread/TRACE] [FML]:   Registry: 1 minecraft:plains net.minecraft.world.biome.BiomePlains@75d97e18
[21:58:19] [Server thread/TRACE] [FML]:   Registry: 2 minecraft:desert net.minecraft.world.biome.BiomeDesert@2d9de284
[21:58:19] [Server thread/TRACE] [FML]:   Registry: 3 minecraft:extreme_hills net.minecraft.world.biome.BiomeHills@3348c987
[21:58:19] [Server thread/TRACE] [FML]:   Registry: 4 minecraft:forest net.minecraft.world.biome.BiomeForest@5ca22e19
[21:58:19] [Server thread/TRACE] [FML]:   Registry: 5 minecraft:taiga net.minecraft.world.biome.BiomeTaiga@a84338a
[21:58:19] [Server thread/TRACE] [FML]:   Registry: 6 minecraft:swampland net.minecraft.world.biome.BiomeSwamp@722b2728
[21:58:19] [Server thread/TRACE] [FML]:   Registry: 7 minecraft:river net.minecraft.world.biome.BiomeRiver@5f3f3d00
[21:58:19] [Server thread/TRACE] [FML]:   Registry: 8 minecraft:hell net.minecraft.world.biome.BiomeHell@278de2b2
[21:58:19] [Server thread/TRACE] [FML]:   Registry: 9 minecraft:sky net.minecraft.world.biome.BiomeEnd@4ad1a276
[21:58:19] [Server thread/TRACE] [FML]:   Registry: 10 minecraft:frozen_ocean net.minecraft.world.biome.BiomeOcean@4a833595
[21:58:19] [Server thread/TRACE] [FML]:   Registry: 11 minecraft:frozen_river net.minecraft.world.biome.BiomeRiver@31006a75
[21:58:19] [Server thread/TRACE] [FML]:   Registry: 12 minecraft:ice_flats net.minecraft.world.biome.BiomeSnow@6f8ac8d5
[21:58:19] [Server thread/TRACE] [FML]:   Registry: 13 minecraft:ice_mountains net.minecraft.world.biome.BiomeSnow@370225c7
[21:58:19] [Server thread/TRACE] [FML]:   Registry: 14 minecraft:mushroom_island net.minecraft.world.biome.BiomeMushroomIsland@156324b
[21:58:19] [Server thread/TRACE] [FML]:   Registry: 15 minecraft:mushroom_island_shore net.minecraft.world.biome.BiomeMushroomIsland@38a38ed4
[21:58:19] [Server thread/TRACE] [FML]:   Registry: 16 minecraft:beaches net.minecraft.world.biome.BiomeBeach@7b4b8199
[21:58:19] [Server thread/TRACE] [FML]:   Registry: 17 minecraft:desert_hills net.minecraft.world.biome.BiomeDesert@4bbf20d1
[21:58:19] [Server thread/TRACE] [FML]:   Registry: 18 minecraft:forest_hills net.minecraft.world.biome.BiomeForest@6fced25c
[21:58:19] [Server thread/TRACE] [FML]:   Registry: 19 minecraft:taiga_hills net.minecraft.world.biome.BiomeTaiga@3cf4dec7
[21:58:19] [Server thread/TRACE] [FML]:   Registry: 20 minecraft:smaller_extreme_hills net.minecraft.world.biome.BiomeHills@1b94c789
[21:58:19] [Server thread/TRACE] [FML]:   Registry: 21 minecraft:jungle net.minecraft.world.biome.BiomeJungle@2a425cf5
[21:58:19] [Server thread/TRACE] [FML]:   Registry: 22 minecraft:jungle_hills net.minecraft.world.biome.BiomeJungle@17d76ebb
[21:58:19] [Server thread/TRACE] [FML]:   Registry: 23 minecraft:jungle_edge net.minecraft.world.biome.BiomeJungle@40b31a16
[21:58:19] [Server thread/TRACE] [FML]:   Registry: 24 minecraft:deep_ocean net.minecraft.world.biome.BiomeOcean@25fa6889
[21:58:19] [Server thread/TRACE] [FML]:   Registry: 25 minecraft:stone_beach net.minecraft.world.biome.BiomeStoneBeach@31693a86
[21:58:19] [Server thread/TRACE] [FML]:   Registry: 26 minecraft:cold_beach net.minecraft.world.biome.BiomeBeach@69d2e517
[21:58:19] [Server thread/TRACE] [FML]:   Registry: 27 minecraft:birch_forest net.minecraft.world.biome.BiomeForest@1f9a7684
[21:58:19] [Server thread/TRACE] [FML]:   Registry: 28 minecraft:birch_forest_hills net.minecraft.world.biome.BiomeForest@3b30eec5
[21:58:19] [Server thread/TRACE] [FML]:   Registry: 29 minecraft:roofed_forest net.minecraft.world.biome.BiomeForest@43755e2f
[21:58:19] [Server thread/TRACE] [FML]:   Registry: 30 minecraft:taiga_cold net.minecraft.world.biome.BiomeTaiga@3d71e10b
[21:58:19] [Server thread/TRACE] [FML]:   Registry: 31 minecraft:taiga_cold_hills net.minecraft.world.biome.BiomeTaiga@71139e77
[21:58:19] [Server thread/TRACE] [FML]:   Registry: 32 minecraft:redwood_taiga net.minecraft.world.biome.BiomeTaiga@4de91056
[21:58:19] [Server thread/TRACE] [FML]:   Registry: 33 minecraft:redwood_taiga_hills net.minecraft.world.biome.BiomeTaiga@2404abe2
[21:58:19] [Server thread/TRACE] [FML]:   Registry: 34 minecraft:extreme_hills_with_trees net.minecraft.world.biome.BiomeHills@16cf7fd0
[21:58:19] [Server thread/TRACE] [FML]:   Registry: 35 minecraft:savanna net.minecraft.world.biome.BiomeSavanna@7e2c6fd6
[21:58:19] [Server thread/TRACE] [FML]:   Registry: 36 minecraft:savanna_rock net.minecraft.world.biome.BiomeSavanna@7ff6804a
[21:58:19] [Server thread/TRACE] [FML]:   Registry: 37 minecraft:mesa net.minecraft.world.biome.BiomeMesa@6113a26f
[21:58:19] [Server thread/TRACE] [FML]:   Registry: 38 minecraft:mesa_rock net.minecraft.world.biome.BiomeMesa@2aac8ad7
[21:58:19] [Server thread/TRACE] [FML]:   Registry: 39 minecraft:mesa_clear_rock net.minecraft.world.biome.BiomeMesa@6a4a2090
[21:58:19] [Server thread/TRACE] [FML]:   Registry: 127 minecraft:void net.minecraft.world.biome.BiomeVoid@45c423b3
[21:58:19] [Server thread/TRACE] [FML]:   Registry: 129 minecraft:mutated_plains net.minecraft.world.biome.BiomePlains@7e31d53b
[21:58:19] [Server thread/TRACE] [FML]:   Registry: 130 minecraft:mutated_desert net.minecraft.world.biome.BiomeDesert@68d8eb4f
[21:58:19] [Server thread/TRACE] [FML]:   Registry: 131 minecraft:mutated_extreme_hills net.minecraft.world.biome.BiomeHills@64757d56
[21:58:19] [Server thread/TRACE] [FML]:   Registry: 132 minecraft:mutated_forest net.minecraft.world.biome.BiomeForest@4813d0
[21:58:19] [Server thread/TRACE] [FML]:   Registry: 133 minecraft:mutated_taiga net.minecraft.world.biome.BiomeTaiga@702096ef
[21:58:19] [Server thread/TRACE] [FML]:   Registry: 134 minecraft:mutated_swampland net.minecraft.world.biome.BiomeSwamp@5f0d8937
[21:58:19] [Server thread/TRACE] [FML]:   Registry: 140 minecraft:mutated_ice_flats net.minecraft.world.biome.BiomeSnow@105dc04d
[21:58:19] [Server thread/TRACE] [FML]:   Registry: 149 minecraft:mutated_jungle net.minecraft.world.biome.BiomeJungle@504b8705
[21:58:19] [Server thread/TRACE] [FML]:   Registry: 151 minecraft:mutated_jungle_edge net.minecraft.world.biome.BiomeJungle@24a8e40d
[21:58:19] [Server thread/TRACE] [FML]:   Registry: 155 minecraft:mutated_birch_forest net.minecraft.world.biome.BiomeForestMutated@69fe7090
[21:58:19] [Server thread/TRACE] [FML]:   Registry: 156 minecraft:mutated_birch_forest_hills net.minecraft.world.biome.BiomeForestMutated@6501b105
[21:58:19] [Server thread/TRACE] [FML]:   Registry: 157 minecraft:mutated_roofed_forest net.minecraft.world.biome.BiomeForest@66ab924
[21:58:19] [Server thread/TRACE] [FML]:   Registry: 158 minecraft:mutated_taiga_cold net.minecraft.world.biome.BiomeTaiga@6df2af02
[21:58:19] [Server thread/TRACE] [FML]:   Registry: 160 minecraft:mutated_redwood_taiga net.minecraft.world.biome.BiomeTaiga@779228dc
[21:58:19] [Server thread/TRACE] [FML]:   Registry: 161 minecraft:mutated_redwood_taiga_hills net.minecraft.world.biome.BiomeTaiga@1f7336b2
[21:58:19] [Server thread/TRACE] [FML]:   Registry: 162 minecraft:mutated_extreme_hills_with_trees net.minecraft.world.biome.BiomeHills@4c030fe1
[21:58:19] [Server thread/TRACE] [FML]:   Registry: 163 minecraft:mutated_savanna net.minecraft.world.biome.BiomeSavannaMutated@52433946
[21:58:19] [Server thread/TRACE] [FML]:   Registry: 164 minecraft:mutated_savanna_rock net.minecraft.world.biome.BiomeSavannaMutated@5403431a
[21:58:19] [Server thread/TRACE] [FML]:   Registry: 165 minecraft:mutated_mesa net.minecraft.world.biome.BiomeMesa@ab327c
[21:58:19] [Server thread/TRACE] [FML]:   Registry: 166 minecraft:mutated_mesa_rock net.minecraft.world.biome.BiomeMesa@3d798e76
[21:58:19] [Server thread/TRACE] [FML]:   Registry: 167 minecraft:mutated_mesa_clear_rock net.minecraft.world.biome.BiomeMesa@763b0996
[21:58:19] [Server thread/TRACE] [FML]: Registry Name : minecraft:soundevents
[21:58:19] [Server thread/TRACE] [FML]:   Registry: 0 minecraft:ambient.cave net.minecraft.util.SoundEvent@de77232
[21:58:19] [Server thread/TRACE] [FML]:   Registry: 1 minecraft:block.anvil.break net.minecraft.util.SoundEvent@4ab550d5
[21:58:19] [Server thread/TRACE] [FML]:   Registry: 2 minecraft:block.anvil.destroy net.minecraft.util.SoundEvent@3cd206b5
[21:58:19] [Server thread/TRACE] [FML]:   Registry: 3 minecraft:block.anvil.fall net.minecraft.util.SoundEvent@58e85c6f
[21:58:19] [Server thread/TRACE] [FML]:   Registry: 4 minecraft:block.anvil.hit net.minecraft.util.SoundEvent@a137d7a
[21:58:19] [Server thread/TRACE] [FML]:   Registry: 5 minecraft:block.anvil.land net.minecraft.util.SoundEvent@6ac0b715
[21:58:19] [Server thread/TRACE] [FML]:   Registry: 6 minecraft:block.anvil.place net.minecraft.util.SoundEvent@468be356
[21:58:19] [Server thread/TRACE] [FML]:   Registry: 7 minecraft:block.anvil.step net.minecraft.util.SoundEvent@5c9ac4cc
[21:58:19] [Server thread/TRACE] [FML]:   Registry: 8 minecraft:block.anvil.use net.minecraft.util.SoundEvent@4df39a88
[21:58:19] [Server thread/TRACE] [FML]:   Registry: 9 minecraft:block.brewing_stand.brew net.minecraft.util.SoundEvent@2264e43c
[21:58:19] [Server thread/TRACE] [FML]:   Registry: 10 minecraft:block.chest.close net.minecraft.util.SoundEvent@3bec2275
[21:58:19] [Server thread/TRACE] [FML]:   Registry: 11 minecraft:block.chest.locked net.minecraft.util.SoundEvent@31da3d60
[21:58:19] [Server thread/TRACE] [FML]:   Registry: 12 minecraft:block.chest.open net.minecraft.util.SoundEvent@60acd609
[21:58:19] [Server thread/TRACE] [FML]:   Registry: 13 minecraft:block.chorus_flower.death net.minecraft.util.SoundEvent@65ec8b24
[21:58:19] [Server thread/TRACE] [FML]:   Registry: 14 minecraft:block.chorus_flower.grow net.minecraft.util.SoundEvent@3f49e266
[21:58:19] [Server thread/TRACE] [FML]:   Registry: 15 minecraft:block.cloth.break net.minecraft.util.SoundEvent@5f18f9d2
[21:58:19] [Server thread/TRACE] [FML]:   Registry: 16 minecraft:block.cloth.fall net.minecraft.util.SoundEvent@598260a6
[21:58:19] [Server thread/TRACE] [FML]:   Registry: 17 minecraft:block.cloth.hit net.minecraft.util.SoundEvent@58b67519
[21:58:19] [Server thread/TRACE] [FML]:   Registry: 18 minecraft:block.cloth.place net.minecraft.util.SoundEvent@281ce6bb
[21:58:19] [Server thread/TRACE] [FML]:   Registry: 19 minecraft:block.cloth.step net.minecraft.util.SoundEvent@30d25c03
[21:58:19] [Server thread/TRACE] [FML]:   Registry: 20 minecraft:block.comparator.click net.minecraft.util.SoundEvent@7a1f8def
[21:58:19] [Server thread/TRACE] [FML]:   Registry: 21 minecraft:block.dispenser.dispense net.minecraft.util.SoundEvent@116a2108
[21:58:19] [Server thread/TRACE] [FML]:   Registry: 22 minecraft:block.dispenser.fail net.minecraft.util.SoundEvent@5e8c34a0
[21:58:19] [Server thread/TRACE] [FML]:   Registry: 23 minecraft:block.dispenser.launch net.minecraft.util.SoundEvent@7c1c5936
[21:58:19] [Server thread/TRACE] [FML]:   Registry: 24 minecraft:block.enchantment_table.use net.minecraft.util.SoundEvent@7aead3af
[21:58:19] [Server thread/TRACE] [FML]:   Registry: 25 minecraft:block.end_gateway.spawn net.minecraft.util.SoundEvent@3ac8cf9b
[21:58:19] [Server thread/TRACE] [FML]:   Registry: 26 minecraft:block.end_portal.spawn net.minecraft.util.SoundEvent@55ec556
[21:58:19] [Server thread/TRACE] [FML]:   Registry: 27 minecraft:block.end_portal_frame.fill net.minecraft.util.SoundEvent@1b15f922
[21:58:19] [Server thread/TRACE] [FML]:   Registry: 28 minecraft:block.enderchest.close net.minecraft.util.SoundEvent@37ce3644
[21:58:19] [Server thread/TRACE] [FML]:   Registry: 29 minecraft:block.enderchest.open net.minecraft.util.SoundEvent@4b869331
[21:58:19] [Server thread/TRACE] [FML]:   Registry: 30 minecraft:block.fence_gate.close net.minecraft.util.SoundEvent@38018b62
[21:58:19] [Server thread/TRACE] [FML]:   Registry: 31 minecraft:block.fence_gate.open net.minecraft.util.SoundEvent@ce9b9a9
[21:58:19] [Server thread/TRACE] [FML]:   Registry: 32 minecraft:block.fire.ambient net.minecraft.util.SoundEvent@4ad3d266
[21:58:19] [Server thread/TRACE] [FML]:   Registry: 33 minecraft:block.fire.extinguish net.minecraft.util.SoundEvent@3533df16
[21:58:19] [Server thread/TRACE] [FML]:   Registry: 34 minecraft:block.furnace.fire_crackle net.minecraft.util.SoundEvent@15d0849
[21:58:19] [Server thread/TRACE] [FML]:   Registry: 35 minecraft:block.glass.break net.minecraft.util.SoundEvent@4038cd3a
[21:58:19] [Server thread/TRACE] [FML]:   Registry: 36 minecraft:block.glass.fall net.minecraft.util.SoundEvent@14ac77b9
[21:58:19] [Server thread/TRACE] [FML]:   Registry: 37 minecraft:block.glass.hit net.minecraft.util.SoundEvent@3f4cd155
[21:58:19] [Server thread/TRACE] [FML]:   Registry: 38 minecraft:block.glass.place net.minecraft.util.SoundEvent@563a89b5
[21:58:19] [Server thread/TRACE] [FML]:   Registry: 39 minecraft:block.glass.step net.minecraft.util.SoundEvent@506dcf55
[21:58:19] [Server thread/TRACE] [FML]:   Registry: 40 minecraft:block.grass.break net.minecraft.util.SoundEvent@270b6b5e
[21:58:19] [Server thread/TRACE] [FML]:   Registry: 41 minecraft:block.grass.fall net.minecraft.util.SoundEvent@7e94d093
[21:58:19] [Server thread/TRACE] [FML]:   Registry: 42 minecraft:block.grass.hit net.minecraft.util.SoundEvent@7c6189d5
[21:58:19] [Server thread/TRACE] [FML]:   Registry: 43 minecraft:block.grass.place net.minecraft.util.SoundEvent@4248e66b
[21:58:19] [Server thread/TRACE] [FML]:   Registry: 44 minecraft:block.grass.step net.minecraft.util.SoundEvent@3e6534e7
[21:58:19] [Server thread/TRACE] [FML]:   Registry: 45 minecraft:block.gravel.break net.minecraft.util.SoundEvent@66ad7bf0
[21:58:19] [Server thread/TRACE] [FML]:   Registry: 46 minecraft:block.gravel.fall net.minecraft.util.SoundEvent@167279d1
[21:58:19] [Server thread/TRACE] [FML]:   Registry: 47 minecraft:block.gravel.hit net.minecraft.util.SoundEvent@138caeca
[21:58:19] [Server thread/TRACE] [FML]:   Registry: 48 minecraft:block.gravel.place net.minecraft.util.SoundEvent@4d96250
[21:58:19] [Server thread/TRACE] [FML]:   Registry: 49 minecraft:block.gravel.step net.minecraft.util.SoundEvent@9a6fbc0
[21:58:19] [Server thread/TRACE] [FML]:   Registry: 50 minecraft:block.iron_door.close net.minecraft.util.SoundEvent@c1fa7d4
[21:58:19] [Server thread/TRACE] [FML]:   Registry: 51 minecraft:block.iron_door.open net.minecraft.util.SoundEvent@7a93b263
[21:58:19] [Server thread/TRACE] [FML]:   Registry: 52 minecraft:block.iron_trapdoor.close net.minecraft.util.SoundEvent@35178483
[21:58:19] [Server thread/TRACE] [FML]:   Registry: 53 minecraft:block.iron_trapdoor.open net.minecraft.util.SoundEvent@bd1111a
[21:58:19] [Server thread/TRACE] [FML]:   Registry: 54 minecraft:block.ladder.break net.minecraft.util.SoundEvent@7a8136b3
[21:58:19] [Server thread/TRACE] [FML]:   Registry: 55 minecraft:block.ladder.fall net.minecraft.util.SoundEvent@1de6932a
[21:58:19] [Server thread/TRACE] [FML]:   Registry: 56 minecraft:block.ladder.hit net.minecraft.util.SoundEvent@14dc3f89
[21:58:19] [Server thread/TRACE] [FML]:   Registry: 57 minecraft:block.ladder.place net.minecraft.util.SoundEvent@1706a5c9
[21:58:19] [Server thread/TRACE] [FML]:   Registry: 58 minecraft:block.ladder.step net.minecraft.util.SoundEvent@64412d34
[21:58:19] [Server thread/TRACE] [FML]:   Registry: 59 minecraft:block.lava.ambient net.minecraft.util.SoundEvent@4d178d55
[21:58:19] [Server thread/TRACE] [FML]:   Registry: 60 minecraft:block.lava.extinguish net.minecraft.util.SoundEvent@38c2c309
[21:58:19] [Server thread/TRACE] [FML]:   Registry: 61 minecraft:block.lava.pop net.minecraft.util.SoundEvent@1a480135
[21:58:19] [Server thread/TRACE] [FML]:   Registry: 62 minecraft:block.lever.click net.minecraft.util.SoundEvent@778db7c5
[21:58:19] [Server thread/TRACE] [FML]:   Registry: 63 minecraft:block.metal.break net.minecraft.util.SoundEvent@681e144
[21:58:19] [Server thread/TRACE] [FML]:   Registry: 64 minecraft:block.metal.fall net.minecraft.util.SoundEvent@2875b016
[21:58:19] [Server thread/TRACE] [FML]:   Registry: 65 minecraft:block.metal.hit net.minecraft.util.SoundEvent@72ee5d84
[21:58:19] [Server thread/TRACE] [FML]:   Registry: 66 minecraft:block.metal.place net.minecraft.util.SoundEvent@68c7ef83
[21:58:19] [Server thread/TRACE] [FML]:   Registry: 67 minecraft:block.metal.step net.minecraft.util.SoundEvent@6145b81e
[21:58:19] [Server thread/TRACE] [FML]:   Registry: 68 minecraft:block.metal_pressureplate.click_off net.minecraft.util.SoundEvent@64355120
[21:58:19] [Server thread/TRACE] [FML]:   Registry: 69 minecraft:block.metal_pressureplate.click_on net.minecraft.util.SoundEvent@64b7225f
[21:58:19] [Server thread/TRACE] [FML]:   Registry: 70 minecraft:block.note.basedrum net.minecraft.util.SoundEvent@33db72bd
[21:58:19] [Server thread/TRACE] [FML]:   Registry: 71 minecraft:block.note.bass net.minecraft.util.SoundEvent@7f92b990
[21:58:19] [Server thread/TRACE] [FML]:   Registry: 72 minecraft:block.note.bell net.minecraft.util.SoundEvent@31e04b13
[21:58:19] [Server thread/TRACE] [FML]:   Registry: 73 minecraft:block.note.chime net.minecraft.util.SoundEvent@6c1832aa
[21:58:19] [Server thread/TRACE] [FML]:   Registry: 74 minecraft:block.note.flute net.minecraft.util.SoundEvent@4beeb0e
[21:58:19] [Server thread/TRACE] [FML]:   Registry: 75 minecraft:block.note.guitar net.minecraft.util.SoundEvent@6e8a9c30
[21:58:19] [Server thread/TRACE] [FML]:   Registry: 76 minecraft:block.note.harp net.minecraft.util.SoundEvent@5d01ea21
[21:58:19] [Server thread/TRACE] [FML]:   Registry: 77 minecraft:block.note.hat net.minecraft.util.SoundEvent@70211e49
[21:58:19] [Server thread/TRACE] [FML]:   Registry: 78 minecraft:block.note.pling net.minecraft.util.SoundEvent@3b46dd8
[21:58:19] [Server thread/TRACE] [FML]:   Registry: 79 minecraft:block.note.snare net.minecraft.util.SoundEvent@39651a82
[21:58:19] [Server thread/TRACE] [FML]:   Registry: 80 minecraft:block.note.xylophone net.minecraft.util.SoundEvent@6be7bf6d
[21:58:19] [Server thread/TRACE] [FML]:   Registry: 81 minecraft:block.piston.contract net.minecraft.util.SoundEvent@134c370e
[21:58:19] [Server thread/TRACE] [FML]:   Registry: 82 minecraft:block.piston.extend net.minecraft.util.SoundEvent@33364212
[21:58:19] [Server thread/TRACE] [FML]:   Registry: 83 minecraft:block.portal.ambient net.minecraft.util.SoundEvent@2216effc
[21:58:19] [Server thread/TRACE] [FML]:   Registry: 84 minecraft:block.portal.travel net.minecraft.util.SoundEvent@745c2004
[21:58:19] [Server thread/TRACE] [FML]:   Registry: 85 minecraft:block.portal.trigger net.minecraft.util.SoundEvent@6da9dc6
[21:58:19] [Server thread/TRACE] [FML]:   Registry: 86 minecraft:block.redstone_torch.burnout net.minecraft.util.SoundEvent@7fd69dd
[21:58:19] [Server thread/TRACE] [FML]:   Registry: 87 minecraft:block.sand.break net.minecraft.util.SoundEvent@12010fd1
[21:58:19] [Server thread/TRACE] [FML]:   Registry: 88 minecraft:block.sand.fall net.minecraft.util.SoundEvent@7c84195
[21:58:19] [Server thread/TRACE] [FML]:   Registry: 89 minecraft:block.sand.hit net.minecraft.util.SoundEvent@552ed807
[21:58:19] [Server thread/TRACE] [FML]:   Registry: 90 minecraft:block.sand.place net.minecraft.util.SoundEvent@3971f0fe
[21:58:19] [Server thread/TRACE] [FML]:   Registry: 91 minecraft:block.sand.step net.minecraft.util.SoundEvent@23940f86
[21:58:19] [Server thread/TRACE] [FML]:   Registry: 92 minecraft:block.shulker_box.close net.minecraft.util.SoundEvent@66153688
[21:58:19] [Server thread/TRACE] [FML]:   Registry: 93 minecraft:block.shulker_box.open net.minecraft.util.SoundEvent@455824ad
[21:58:19] [Server thread/TRACE] [FML]:   Registry: 94 minecraft:block.slime.break net.minecraft.util.SoundEvent@7318daf8
[21:58:19] [Server thread/TRACE] [FML]:   Registry: 95 minecraft:block.slime.fall net.minecraft.util.SoundEvent@70f31322
[21:58:19] [Server thread/TRACE] [FML]:   Registry: 96 minecraft:block.slime.hit net.minecraft.util.SoundEvent@3f1ddac2
[21:58:19] [Server thread/TRACE] [FML]:   Registry: 97 minecraft:block.slime.place net.minecraft.util.SoundEvent@3be4fcc0
[21:58:19] [Server thread/TRACE] [FML]:   Registry: 98 minecraft:block.slime.step net.minecraft.util.SoundEvent@e1e2e5e
[21:58:19] [Server thread/TRACE] [FML]:   Registry: 99 minecraft:block.snow.break net.minecraft.util.SoundEvent@661c46bc
[21:58:19] [Server thread/TRACE] [FML]:   Registry: 100 minecraft:block.snow.fall net.minecraft.util.SoundEvent@37864b77
[21:58:19] [Server thread/TRACE] [FML]:   Registry: 101 minecraft:block.snow.hit net.minecraft.util.SoundEvent@2b98b3bb
[21:58:19] [Server thread/TRACE] [FML]:   Registry: 102 minecraft:block.snow.place net.minecraft.util.SoundEvent@540b0448
[21:58:19] [Server thread/TRACE] [FML]:   Registry: 103 minecraft:block.snow.step net.minecraft.util.SoundEvent@50a691d3
[21:58:19] [Server thread/TRACE] [FML]:   Registry: 104 minecraft:block.stone.break net.minecraft.util.SoundEvent@557eb543
[21:58:19] [Server thread/TRACE] [FML]:   Registry: 105 minecraft:block.stone.fall net.minecraft.util.SoundEvent@3b95d13c
[21:58:19] [Server thread/TRACE] [FML]:   Registry: 106 minecraft:block.stone.hit net.minecraft.util.SoundEvent@3730ab42
[21:58:19] [Server thread/TRACE] [FML]:   Registry: 107 minecraft:block.stone.place net.minecraft.util.SoundEvent@537c8c7e
[21:58:19] [Server thread/TRACE] [FML]:   Registry: 108 minecraft:block.stone.step net.minecraft.util.SoundEvent@7308ffff
[21:58:19] [Server thread/TRACE] [FML]:   Registry: 109 minecraft:block.stone_button.click_off net.minecraft.util.SoundEvent@6601cc93
[21:58:19] [Server thread/TRACE] [FML]:   Registry: 110 minecraft:block.stone_button.click_on net.minecraft.util.SoundEvent@54d901aa
[21:58:19] [Server thread/TRACE] [FML]:   Registry: 111 minecraft:block.stone_pressureplate.click_off net.minecraft.util.SoundEvent@63716833
[21:58:19] [Server thread/TRACE] [FML]:   Registry: 112 minecraft:block.stone_pressureplate.click_on net.minecraft.util.SoundEvent@573284a5
[21:58:19] [Server thread/TRACE] [FML]:   Registry: 113 minecraft:block.tripwire.attach net.minecraft.util.SoundEvent@3fbfbf84
[21:58:19] [Server thread/TRACE] [FML]:   Registry: 114 minecraft:block.tripwire.click_off net.minecraft.util.SoundEvent@23f72d88
[21:58:19] [Server thread/TRACE] [FML]:   Registry: 115 minecraft:block.tripwire.click_on net.minecraft.util.SoundEvent@4bafe935
[21:58:19] [Server thread/TRACE] [FML]:   Registry: 116 minecraft:block.tripwire.detach net.minecraft.util.SoundEvent@87b5b49
[21:58:19] [Server thread/TRACE] [FML]:   Registry: 117 minecraft:block.water.ambient net.minecraft.util.SoundEvent@4a7a965d
[21:58:19] [Server thread/TRACE] [FML]:   Registry: 118 minecraft:block.waterlily.place net.minecraft.util.SoundEvent@507b79f7
[21:58:19] [Server thread/TRACE] [FML]:   Registry: 119 minecraft:block.wood.break net.minecraft.util.SoundEvent@64a9d48c
[21:58:19] [Server thread/TRACE] [FML]:   Registry: 120 minecraft:block.wood.fall net.minecraft.util.SoundEvent@365a6a43
[21:58:19] [Server thread/TRACE] [FML]:   Registry: 121 minecraft:block.wood.hit net.minecraft.util.SoundEvent@288cdaab
[21:58:19] [Server thread/TRACE] [FML]:   Registry: 122 minecraft:block.wood.place net.minecraft.util.SoundEvent@23b3aa8c
[21:58:19] [Server thread/TRACE] [FML]:   Registry: 123 minecraft:block.wood.step net.minecraft.util.SoundEvent@99407c2
[21:58:19] [Server thread/TRACE] [FML]:   Registry: 124 minecraft:block.wood_button.click_off net.minecraft.util.SoundEvent@6c796cc1
[21:58:19] [Server thread/TRACE] [FML]:   Registry: 125 minecraft:block.wood_button.click_on net.minecraft.util.SoundEvent@226eba67
[21:58:19] [Server thread/TRACE] [FML]:   Registry: 126 minecraft:block.wood_pressureplate.click_off net.minecraft.util.SoundEvent@1cb7936c
[21:58:19] [Server thread/TRACE] [FML]:   Registry: 127 minecraft:block.wood_pressureplate.click_on net.minecraft.util.SoundEvent@35342d2f
[21:58:19] [Server thread/TRACE] [FML]:   Registry: 128 minecraft:block.wooden_door.close net.minecraft.util.SoundEvent@128c502c
[21:58:19] [Server thread/TRACE] [FML]:   Registry: 129 minecraft:block.wooden_door.open net.minecraft.util.SoundEvent@45667d98
[21:58:19] [Server thread/TRACE] [FML]:   Registry: 130 minecraft:block.wooden_trapdoor.close net.minecraft.util.SoundEvent@65eabaab
[21:58:19] [Server thread/TRACE] [FML]:   Registry: 131 minecraft:block.wooden_trapdoor.open net.minecraft.util.SoundEvent@7123be6c
[21:58:19] [Server thread/TRACE] [FML]:   Registry: 132 minecraft:enchant.thorns.hit net.minecraft.util.SoundEvent@1de9d54
[21:58:19] [Server thread/TRACE] [FML]:   Registry: 133 minecraft:entity.armorstand.break net.minecraft.util.SoundEvent@77a2aa4a
[21:58:19] [Server thread/TRACE] [FML]:   Registry: 134 minecraft:entity.armorstand.fall net.minecraft.util.SoundEvent@47ad69f7
[21:58:19] [Server thread/TRACE] [FML]:   Registry: 135 minecraft:entity.armorstand.hit net.minecraft.util.SoundEvent@2b917fb0
[21:58:19] [Server thread/TRACE] [FML]:   Registry: 136 minecraft:entity.armorstand.place net.minecraft.util.SoundEvent@5e5073ab
[21:58:19] [Server thread/TRACE] [FML]:   Registry: 137 minecraft:entity.arrow.hit net.minecraft.util.SoundEvent@3c4262d1
[21:58:19] [Server thread/TRACE] [FML]:   Registry: 138 minecraft:entity.arrow.hit_player net.minecraft.util.SoundEvent@100c567f
[21:58:19] [Server thread/TRACE] [FML]:   Registry: 139 minecraft:entity.arrow.shoot net.minecraft.util.SoundEvent@30c0d731
[21:58:19] [Server thread/TRACE] [FML]:   Registry: 140 minecraft:entity.bat.ambient net.minecraft.util.SoundEvent@6d5037a9
[21:58:19] [Server thread/TRACE] [FML]:   Registry: 141 minecraft:entity.bat.death net.minecraft.util.SoundEvent@422b8438
[21:58:19] [Server thread/TRACE] [FML]:   Registry: 142 minecraft:entity.bat.hurt net.minecraft.util.SoundEvent@30669dac
[21:58:19] [Server thread/TRACE] [FML]:   Registry: 143 minecraft:entity.bat.loop net.minecraft.util.SoundEvent@629adce
[21:58:19] [Server thread/TRACE] [FML]:   Registry: 144 minecraft:entity.bat.takeoff net.minecraft.util.SoundEvent@6a282fdd
[21:58:19] [Server thread/TRACE] [FML]:   Registry: 145 minecraft:entity.blaze.ambient net.minecraft.util.SoundEvent@743c6ce4
[21:58:19] [Server thread/TRACE] [FML]:   Registry: 146 minecraft:entity.blaze.burn net.minecraft.util.SoundEvent@70331432
[21:58:19] [Server thread/TRACE] [FML]:   Registry: 147 minecraft:entity.blaze.death net.minecraft.util.SoundEvent@3bbf9027
[21:58:19] [Server thread/TRACE] [FML]:   Registry: 148 minecraft:entity.blaze.hurt net.minecraft.util.SoundEvent@10c2064a
[21:58:19] [Server thread/TRACE] [FML]:   Registry: 149 minecraft:entity.blaze.shoot net.minecraft.util.SoundEvent@70e13fa
[21:58:19] [Server thread/TRACE] [FML]:   Registry: 150 minecraft:entity.boat.paddle_land net.minecraft.util.SoundEvent@6ff415ad
[21:58:19] [Server thread/TRACE] [FML]:   Registry: 151 minecraft:entity.boat.paddle_water net.minecraft.util.SoundEvent@280d9edc
[21:58:19] [Server thread/TRACE] [FML]:   Registry: 152 minecraft:entity.bobber.retrieve net.minecraft.util.SoundEvent@28fd3dc1
[21:58:19] [Server thread/TRACE] [FML]:   Registry: 153 minecraft:entity.bobber.splash net.minecraft.util.SoundEvent@5f9b6ae7
[21:58:19] [Server thread/TRACE] [FML]:   Registry: 154 minecraft:entity.bobber.throw net.minecraft.util.SoundEvent@108d55c4
[21:58:19] [Server thread/TRACE] [FML]:   Registry: 155 minecraft:entity.cat.ambient net.minecraft.util.SoundEvent@5432c277
[21:58:19] [Server thread/TRACE] [FML]:   Registry: 156 minecraft:entity.cat.death net.minecraft.util.SoundEvent@15e0fe05
[21:58:19] [Server thread/TRACE] [FML]:   Registry: 157 minecraft:entity.cat.hiss net.minecraft.util.SoundEvent@1128620c
[21:58:19] [Server thread/TRACE] [FML]:   Registry: 158 minecraft:entity.cat.hurt net.minecraft.util.SoundEvent@6bf13698
[21:58:19] [Server thread/TRACE] [FML]:   Registry: 159 minecraft:entity.cat.purr net.minecraft.util.SoundEvent@299270eb
[21:58:19] [Server thread/TRACE] [FML]:   Registry: 160 minecraft:entity.cat.purreow net.minecraft.util.SoundEvent@3b90a30a
[21:58:19] [Server thread/TRACE] [FML]:   Registry: 161 minecraft:entity.chicken.ambient net.minecraft.util.SoundEvent@69fa8e76
[21:58:19] [Server thread/TRACE] [FML]:   Registry: 162 minecraft:entity.chicken.death net.minecraft.util.SoundEvent@bdd2027
[21:58:19] [Server thread/TRACE] [FML]:   Registry: 163 minecraft:entity.chicken.egg net.minecraft.util.SoundEvent@31f20c9f
[21:58:19] [Server thread/TRACE] [FML]:   Registry: 164 minecraft:entity.chicken.hurt net.minecraft.util.SoundEvent@f446158
[21:58:19] [Server thread/TRACE] [FML]:   Registry: 165 minecraft:entity.chicken.step net.minecraft.util.SoundEvent@32f0c7f8
[21:58:19] [Server thread/TRACE] [FML]:   Registry: 166 minecraft:entity.cow.ambient net.minecraft.util.SoundEvent@504e1599
[21:58:19] [Server thread/TRACE] [FML]:   Registry: 167 minecraft:entity.cow.death net.minecraft.util.SoundEvent@71f96dfb
[21:58:19] [Server thread/TRACE] [FML]:   Registry: 168 minecraft:entity.cow.hurt net.minecraft.util.SoundEvent@5d1b9c3d
[21:58:19] [Server thread/TRACE] [FML]:   Registry: 169 minecraft:entity.cow.milk net.minecraft.util.SoundEvent@69e05f61
[21:58:19] [Server thread/TRACE] [FML]:   Registry: 170 minecraft:entity.cow.step net.minecraft.util.SoundEvent@49a26d19
[21:58:19] [Server thread/TRACE] [FML]:   Registry: 171 minecraft:entity.creeper.death net.minecraft.util.SoundEvent@730e5763
[21:58:19] [Server thread/TRACE] [FML]:   Registry: 172 minecraft:entity.creeper.hurt net.minecraft.util.SoundEvent@7275c74b
[21:58:19] [Server thread/TRACE] [FML]:   Registry: 173 minecraft:entity.creeper.primed net.minecraft.util.SoundEvent@19058533
[21:58:19] [Server thread/TRACE] [FML]:   Registry: 174 minecraft:entity.donkey.ambient net.minecraft.util.SoundEvent@4315e9af
[21:58:19] [Server thread/TRACE] [FML]:   Registry: 175 minecraft:entity.donkey.angry net.minecraft.util.SoundEvent@42210be1
[21:58:19] [Server thread/TRACE] [FML]:   Registry: 176 minecraft:entity.donkey.chest net.minecraft.util.SoundEvent@1eb2d371
[21:58:19] [Server thread/TRACE] [FML]:   Registry: 177 minecraft:entity.donkey.death net.minecraft.util.SoundEvent@2babf189
[21:58:19] [Server thread/TRACE] [FML]:   Registry: 178 minecraft:entity.donkey.hurt net.minecraft.util.SoundEvent@479f2dc2
[21:58:19] [Server thread/TRACE] [FML]:   Registry: 179 minecraft:entity.egg.throw net.minecraft.util.SoundEvent@dab48d3
[21:58:19] [Server thread/TRACE] [FML]:   Registry: 180 minecraft:entity.elder_guardian.ambient net.minecraft.util.SoundEvent@58a2b4c
[21:58:19] [Server thread/TRACE] [FML]:   Registry: 181 minecraft:entity.elder_guardian.ambient_land net.minecraft.util.SoundEvent@7159a5cd
[21:58:19] [Server thread/TRACE] [FML]:   Registry: 182 minecraft:entity.elder_guardian.curse net.minecraft.util.SoundEvent@4f966719
[21:58:19] [Server thread/TRACE] [FML]:   Registry: 183 minecraft:entity.elder_guardian.death net.minecraft.util.SoundEvent@18ac53e8
[21:58:19] [Server thread/TRACE] [FML]:   Registry: 184 minecraft:entity.elder_guardian.death_land net.minecraft.util.SoundEvent@4ca8dbfa
[21:58:19] [Server thread/TRACE] [FML]:   Registry: 185 minecraft:entity.elder_guardian.flop net.minecraft.util.SoundEvent@7063686f
[21:58:19] [Server thread/TRACE] [FML]:   Registry: 186 minecraft:entity.elder_guardian.hurt net.minecraft.util.SoundEvent@c3177d5
[21:58:19] [Server thread/TRACE] [FML]:   Registry: 187 minecraft:entity.elder_guardian.hurt_land net.minecraft.util.SoundEvent@76f856a8
[21:58:19] [Server thread/TRACE] [FML]:   Registry: 188 minecraft:entity.enderdragon.ambient net.minecraft.util.SoundEvent@7c853486
[21:58:19] [Server thread/TRACE] [FML]:   Registry: 189 minecraft:entity.enderdragon.death net.minecraft.util.SoundEvent@174e1b69
[21:58:19] [Server thread/TRACE] [FML]:   Registry: 190 minecraft:entity.enderdragon.flap net.minecraft.util.SoundEvent@1046498a
[21:58:19] [Server thread/TRACE] [FML]:   Registry: 191 minecraft:entity.enderdragon.growl net.minecraft.util.SoundEvent@243f003c
[21:58:19] [Server thread/TRACE] [FML]:   Registry: 192 minecraft:entity.enderdragon.hurt net.minecraft.util.SoundEvent@71cb3139
[21:58:19] [Server thread/TRACE] [FML]:   Registry: 193 minecraft:entity.enderdragon.shoot net.minecraft.util.SoundEvent@1639f93a
[21:58:19] [Server thread/TRACE] [FML]:   Registry: 194 minecraft:entity.enderdragon_fireball.explode net.minecraft.util.SoundEvent@3491e86e
[21:58:19] [Server thread/TRACE] [FML]:   Registry: 195 minecraft:entity.endereye.death net.minecraft.util.SoundEvent@68f32020
[21:58:19] [Server thread/TRACE] [FML]:   Registry: 196 minecraft:entity.endereye.launch net.minecraft.util.SoundEvent@409986fe
[21:58:19] [Server thread/TRACE] [FML]:   Registry: 197 minecraft:entity.endermen.ambient net.minecraft.util.SoundEvent@19b047fe
[21:58:19] [Server thread/TRACE] [FML]:   Registry: 198 minecraft:entity.endermen.death net.minecraft.util.SoundEvent@22590e3e
[21:58:19] [Server thread/TRACE] [FML]:   Registry: 199 minecraft:entity.endermen.hurt net.minecraft.util.SoundEvent@53dad875
[21:58:19] [Server thread/TRACE] [FML]:   Registry: 200 minecraft:entity.endermen.scream net.minecraft.util.SoundEvent@5f780a86
[21:58:19] [Server thread/TRACE] [FML]:   Registry: 201 minecraft:entity.endermen.stare net.minecraft.util.SoundEvent@446c3920
[21:58:19] [Server thread/TRACE] [FML]:   Registry: 202 minecraft:entity.endermen.teleport net.minecraft.util.SoundEvent@2eaef76d
[21:58:19] [Server thread/TRACE] [FML]:   Registry: 203 minecraft:entity.endermite.ambient net.minecraft.util.SoundEvent@2b329bbd
[21:58:19] [Server thread/TRACE] [FML]:   Registry: 204 minecraft:entity.endermite.death net.minecraft.util.SoundEvent@34819867
[21:58:19] [Server thread/TRACE] [FML]:   Registry: 205 minecraft:entity.endermite.hurt net.minecraft.util.SoundEvent@118102ee
[21:58:19] [Server thread/TRACE] [FML]:   Registry: 206 minecraft:entity.endermite.step net.minecraft.util.SoundEvent@48cd9a2c
[21:58:19] [Server thread/TRACE] [FML]:   Registry: 207 minecraft:entity.enderpearl.throw net.minecraft.util.SoundEvent@771d1ffb
[21:58:19] [Server thread/TRACE] [FML]:   Registry: 208 minecraft:entity.evocation_fangs.attack net.minecraft.util.SoundEvent@4f67e3df
[21:58:19] [Server thread/TRACE] [FML]:   Registry: 209 minecraft:entity.evocation_illager.ambient net.minecraft.util.SoundEvent@56681eaf
[21:58:19] [Server thread/TRACE] [FML]:   Registry: 210 minecraft:entity.evocation_illager.cast_spell net.minecraft.util.SoundEvent@72d0f2b4
[21:58:19] [Server thread/TRACE] [FML]:   Registry: 211 minecraft:entity.evocation_illager.death net.minecraft.util.SoundEvent@6d2dc9d2
[21:58:19] [Server thread/TRACE] [FML]:   Registry: 212 minecraft:entity.evocation_illager.hurt net.minecraft.util.SoundEvent@1da4b6b3
[21:58:19] [Server thread/TRACE] [FML]:   Registry: 213 minecraft:entity.evocation_illager.prepare_attack net.minecraft.util.SoundEvent@b2f4ece
[21:58:19] [Server thread/TRACE] [FML]:   Registry: 214 minecraft:entity.evocation_illager.prepare_summon net.minecraft.util.SoundEvent@7e1f584d
[21:58:19] [Server thread/TRACE] [FML]:   Registry: 215 minecraft:entity.evocation_illager.prepare_wololo net.minecraft.util.SoundEvent@7dff6d05
[21:58:19] [Server thread/TRACE] [FML]:   Registry: 216 minecraft:entity.experience_bottle.throw net.minecraft.util.SoundEvent@45d64d27
[21:58:19] [Server thread/TRACE] [FML]:   Registry: 217 minecraft:entity.experience_orb.pickup net.minecraft.util.SoundEvent@34fe326d
[21:58:19] [Server thread/TRACE] [FML]:   Registry: 218 minecraft:entity.firework.blast net.minecraft.util.SoundEvent@30a7c98f
[21:58:19] [Server thread/TRACE] [FML]:   Registry: 219 minecraft:entity.firework.blast_far net.minecraft.util.SoundEvent@36361ddb
[21:58:19] [Server thread/TRACE] [FML]:   Registry: 220 minecraft:entity.firework.large_blast net.minecraft.util.SoundEvent@41fed14f
[21:58:19] [Server thread/TRACE] [FML]:   Registry: 221 minecraft:entity.firework.large_blast_far net.minecraft.util.SoundEvent@4d6ee47
[21:58:19] [Server thread/TRACE] [FML]:   Registry: 222 minecraft:entity.firework.launch net.minecraft.util.SoundEvent@a33b4e3
[21:58:19] [Server thread/TRACE] [FML]:   Registry: 223 minecraft:entity.firework.shoot net.minecraft.util.SoundEvent@c6da8bb
[21:58:19] [Server thread/TRACE] [FML]:   Registry: 224 minecraft:entity.firework.twinkle net.minecraft.util.SoundEvent@3bae64d0
[21:58:19] [Server thread/TRACE] [FML]:   Registry: 225 minecraft:entity.firework.twinkle_far net.minecraft.util.SoundEvent@8b91134
[21:58:19] [Server thread/TRACE] [FML]:   Registry: 226 minecraft:entity.generic.big_fall net.minecraft.util.SoundEvent@1fba386c
[21:58:19] [Server thread/TRACE] [FML]:   Registry: 227 minecraft:entity.generic.burn net.minecraft.util.SoundEvent@7e736350
[21:58:19] [Server thread/TRACE] [FML]:   Registry: 228 minecraft:entity.generic.death net.minecraft.util.SoundEvent@36b310aa
[21:58:19] [Server thread/TRACE] [FML]:   Registry: 229 minecraft:entity.generic.drink net.minecraft.util.SoundEvent@76c387f9
[21:58:19] [Server thread/TRACE] [FML]:   Registry: 230 minecraft:entity.generic.eat net.minecraft.util.SoundEvent@3874b815
[21:58:19] [Server thread/TRACE] [FML]:   Registry: 231 minecraft:entity.generic.explode net.minecraft.util.SoundEvent@5d7835a8
[21:58:19] [Server thread/TRACE] [FML]:   Registry: 232 minecraft:entity.generic.extinguish_fire net.minecraft.util.SoundEvent@736048ed
[21:58:19] [Server thread/TRACE] [FML]:   Registry: 233 minecraft:entity.generic.hurt net.minecraft.util.SoundEvent@1976f537
[21:58:19] [Server thread/TRACE] [FML]:   Registry: 234 minecraft:entity.generic.small_fall net.minecraft.util.SoundEvent@45f421c
[21:58:19] [Server thread/TRACE] [FML]:   Registry: 235 minecraft:entity.generic.splash net.minecraft.util.SoundEvent@1816e24a
[21:58:19] [Server thread/TRACE] [FML]:   Registry: 236 minecraft:entity.generic.swim net.minecraft.util.SoundEvent@6940f685
[21:58:19] [Server thread/TRACE] [FML]:   Registry: 237 minecraft:entity.ghast.ambient net.minecraft.util.SoundEvent@47b179d7
[21:58:19] [Server thread/TRACE] [FML]:   Registry: 238 minecraft:entity.ghast.death net.minecraft.util.SoundEvent@39008c9f
[21:58:19] [Server thread/TRACE] [FML]:   Registry: 239 minecraft:entity.ghast.hurt net.minecraft.util.SoundEvent@162b3d47
[21:58:19] [Server thread/TRACE] [FML]:   Registry: 240 minecraft:entity.ghast.scream net.minecraft.util.SoundEvent@783115d9
[21:58:19] [Server thread/TRACE] [FML]:   Registry: 241 minecraft:entity.ghast.shoot net.minecraft.util.SoundEvent@3402b4c9
[21:58:19] [Server thread/TRACE] [FML]:   Registry: 242 minecraft:entity.ghast.warn net.minecraft.util.SoundEvent@95bb2a2
[21:58:19] [Server thread/TRACE] [FML]:   Registry: 243 minecraft:entity.guardian.ambient net.minecraft.util.SoundEvent@46d567cb
[21:58:19] [Server thread/TRACE] [FML]:   Registry: 244 minecraft:entity.guardian.ambient_land net.minecraft.util.SoundEvent@363a3d15
[21:58:19] [Server thread/TRACE] [FML]:   Registry: 245 minecraft:entity.guardian.attack net.minecraft.util.SoundEvent@173f73e7
[21:58:19] [Server thread/TRACE] [FML]:   Registry: 246 minecraft:entity.guardian.death net.minecraft.util.SoundEvent@43a51d00
[21:58:19] [Server thread/TRACE] [FML]:   Registry: 247 minecraft:entity.guardian.death_land net.minecraft.util.SoundEvent@2e23c180
[21:58:19] [Server thread/TRACE] [FML]:   Registry: 248 minecraft:entity.guardian.flop net.minecraft.util.SoundEvent@499683c4
[21:58:19] [Server thread/TRACE] [FML]:   Registry: 249 minecraft:entity.guardian.hurt net.minecraft.util.SoundEvent@25da615a
[21:58:19] [Server thread/TRACE] [FML]:   Registry: 250 minecraft:entity.guardian.hurt_land net.minecraft.util.SoundEvent@4efc25fc
[21:58:19] [Server thread/TRACE] [FML]:   Registry: 251 minecraft:entity.horse.ambient net.minecraft.util.SoundEvent@7ee3d262
[21:58:19] [Server thread/TRACE] [FML]:   Registry: 252 minecraft:entity.horse.angry net.minecraft.util.SoundEvent@396e6d9
[21:58:19] [Server thread/TRACE] [FML]:   Registry: 253 minecraft:entity.horse.armor net.minecraft.util.SoundEvent@75308740
[21:58:19] [Server thread/TRACE] [FML]:   Registry: 254 minecraft:entity.horse.breathe net.minecraft.util.SoundEvent@5acc9fdf
[21:58:19] [Server thread/TRACE] [FML]:   Registry: 255 minecraft:entity.horse.death net.minecraft.util.SoundEvent@3a5c2626
[21:58:19] [Server thread/TRACE] [FML]:   Registry: 256 minecraft:entity.horse.eat net.minecraft.util.SoundEvent@e48bf9a
[21:58:19] [Server thread/TRACE] [FML]:   Registry: 257 minecraft:entity.horse.gallop net.minecraft.util.SoundEvent@7fb33394
[21:58:19] [Server thread/TRACE] [FML]:   Registry: 258 minecraft:entity.horse.hurt net.minecraft.util.SoundEvent@41bf79da
[21:58:19] [Server thread/TRACE] [FML]:   Registry: 259 minecraft:entity.horse.jump net.minecraft.util.SoundEvent@1a891add
[21:58:19] [Server thread/TRACE] [FML]:   Registry: 260 minecraft:entity.horse.land net.minecraft.util.SoundEvent@5176d279
[21:58:19] [Server thread/TRACE] [FML]:   Registry: 261 minecraft:entity.horse.saddle net.minecraft.util.SoundEvent@373f7450
[21:58:19] [Server thread/TRACE] [FML]:   Registry: 262 minecraft:entity.horse.step net.minecraft.util.SoundEvent@d74bac4
[21:58:19] [Server thread/TRACE] [FML]:   Registry: 263 minecraft:entity.horse.step_wood net.minecraft.util.SoundEvent@5ff90645
[21:58:19] [Server thread/TRACE] [FML]:   Registry: 264 minecraft:entity.hostile.big_fall net.minecraft.util.SoundEvent@387bf2d9
[21:58:19] [Server thread/TRACE] [FML]:   Registry: 265 minecraft:entity.hostile.death net.minecraft.util.SoundEvent@74aa9c72
[21:58:19] [Server thread/TRACE] [FML]:   Registry: 266 minecraft:entity.hostile.hurt net.minecraft.util.SoundEvent@5c20aab9
[21:58:19] [Server thread/TRACE] [FML]:   Registry: 267 minecraft:entity.hostile.small_fall net.minecraft.util.SoundEvent@4b7c4456
[21:58:19] [Server thread/TRACE] [FML]:   Registry: 268 minecraft:entity.hostile.splash net.minecraft.util.SoundEvent@2c768ada
[21:58:19] [Server thread/TRACE] [FML]:   Registry: 269 minecraft:entity.hostile.swim net.minecraft.util.SoundEvent@c1fca2a
[21:58:19] [Server thread/TRACE] [FML]:   Registry: 270 minecraft:entity.husk.ambient net.minecraft.util.SoundEvent@5533dc72
[21:58:19] [Server thread/TRACE] [FML]:   Registry: 271 minecraft:entity.husk.death net.minecraft.util.SoundEvent@7c447c76
[21:58:19] [Server thread/TRACE] [FML]:   Registry: 272 minecraft:entity.husk.hurt net.minecraft.util.SoundEvent@64fc097e
[21:58:19] [Server thread/TRACE] [FML]:   Registry: 273 minecraft:entity.husk.step net.minecraft.util.SoundEvent@1640c151
[21:58:19] [Server thread/TRACE] [FML]:   Registry: 274 minecraft:entity.illusion_illager.ambient net.minecraft.util.SoundEvent@5d5b5fa7
[21:58:19] [Server thread/TRACE] [FML]:   Registry: 275 minecraft:entity.illusion_illager.cast_spell net.minecraft.util.SoundEvent@2a32fb6
[21:58:19] [Server thread/TRACE] [FML]:   Registry: 276 minecraft:entity.illusion_illager.death net.minecraft.util.SoundEvent@6107165
[21:58:19] [Server thread/TRACE] [FML]:   Registry: 277 minecraft:entity.illusion_illager.hurt net.minecraft.util.SoundEvent@164a62bf
[21:58:19] [Server thread/TRACE] [FML]:   Registry: 278 minecraft:entity.illusion_illager.mirror_move net.minecraft.util.SoundEvent@11ebb1b6
[21:58:19] [Server thread/TRACE] [FML]:   Registry: 279 minecraft:entity.illusion_illager.prepare_blindness net.minecraft.util.SoundEvent@aaee2a2
[21:58:19] [Server thread/TRACE] [FML]:   Registry: 280 minecraft:entity.illusion_illager.prepare_mirror net.minecraft.util.SoundEvent@f3021cb
[21:58:19] [Server thread/TRACE] [FML]:   Registry: 281 minecraft:entity.irongolem.attack net.minecraft.util.SoundEvent@4aaae508
[21:58:19] [Server thread/TRACE] [FML]:   Registry: 282 minecraft:entity.irongolem.death net.minecraft.util.SoundEvent@6009bea
[21:58:19] [Server thread/TRACE] [FML]:   Registry: 283 minecraft:entity.irongolem.hurt net.minecraft.util.SoundEvent@7bc6d27a
[21:58:19] [Server thread/TRACE] [FML]:   Registry: 284 minecraft:entity.irongolem.step net.minecraft.util.SoundEvent@75769ab0
[21:58:19] [Server thread/TRACE] [FML]:   Registry: 285 minecraft:entity.item.break net.minecraft.util.SoundEvent@6869a3b3
[21:58:19] [Server thread/TRACE] [FML]:   Registry: 286 minecraft:entity.item.pickup net.minecraft.util.SoundEvent@6ab4ba9f
[21:58:19] [Server thread/TRACE] [FML]:   Registry: 287 minecraft:entity.itemframe.add_item net.minecraft.util.SoundEvent@27ace0b1
[21:58:19] [Server thread/TRACE] [FML]:   Registry: 288 minecraft:entity.itemframe.break net.minecraft.util.SoundEvent@664e5dee
[21:58:19] [Server thread/TRACE] [FML]:   Registry: 289 minecraft:entity.itemframe.place net.minecraft.util.SoundEvent@431f1eaf
[21:58:19] [Server thread/TRACE] [FML]:   Registry: 290 minecraft:entity.itemframe.remove_item net.minecraft.util.SoundEvent@cb03411
[21:58:19] [Server thread/TRACE] [FML]:   Registry: 291 minecraft:entity.itemframe.rotate_item net.minecraft.util.SoundEvent@4c59e45e
[21:58:19] [Server thread/TRACE] [FML]:   Registry: 292 minecraft:entity.leashknot.break net.minecraft.util.SoundEvent@58ec7116
[21:58:19] [Server thread/TRACE] [FML]:   Registry: 293 minecraft:entity.leashknot.place net.minecraft.util.SoundEvent@63bde6c2
[21:58:19] [Server thread/TRACE] [FML]:   Registry: 294 minecraft:entity.lightning.impact net.minecraft.util.SoundEvent@6ea04618
[21:58:19] [Server thread/TRACE] [FML]:   Registry: 295 minecraft:entity.lightning.thunder net.minecraft.util.SoundEvent@6dd82486
[21:58:19] [Server thread/TRACE] [FML]:   Registry: 296 minecraft:entity.lingeringpotion.throw net.minecraft.util.SoundEvent@56078cea
[21:58:19] [Server thread/TRACE] [FML]:   Registry: 297 minecraft:entity.llama.ambient net.minecraft.util.SoundEvent@5a00eb1e
[21:58:19] [Server thread/TRACE] [FML]:   Registry: 298 minecraft:entity.llama.angry net.minecraft.util.SoundEvent@36fcf6c0
[21:58:19] [Server thread/TRACE] [FML]:   Registry: 299 minecraft:entity.llama.chest net.minecraft.util.SoundEvent@1aac188d
[21:58:19] [Server thread/TRACE] [FML]:   Registry: 300 minecraft:entity.llama.death net.minecraft.util.SoundEvent@7026b7ee
[21:58:19] [Server thread/TRACE] [FML]:   Registry: 301 minecraft:entity.llama.eat net.minecraft.util.SoundEvent@2d23faef
[21:58:19] [Server thread/TRACE] [FML]:   Registry: 302 minecraft:entity.llama.hurt net.minecraft.util.SoundEvent@7cb8437d
[21:58:19] [Server thread/TRACE] [FML]:   Registry: 303 minecraft:entity.llama.spit net.minecraft.util.SoundEvent@62a4417
[21:58:19] [Server thread/TRACE] [FML]:   Registry: 304 minecraft:entity.llama.step net.minecraft.util.SoundEvent@43f61afb
[21:58:19] [Server thread/TRACE] [FML]:   Registry: 305 minecraft:entity.llama.swag net.minecraft.util.SoundEvent@713064e8
[21:58:19] [Server thread/TRACE] [FML]:   Registry: 306 minecraft:entity.magmacube.death net.minecraft.util.SoundEvent@4fad6218
[21:58:19] [Server thread/TRACE] [FML]:   Registry: 307 minecraft:entity.magmacube.hurt net.minecraft.util.SoundEvent@1bf39d06
[21:58:19] [Server thread/TRACE] [FML]:   Registry: 308 minecraft:entity.magmacube.jump net.minecraft.util.SoundEvent@68217d41
[21:58:19] [Server thread/TRACE] [FML]:   Registry: 309 minecraft:entity.magmacube.squish net.minecraft.util.SoundEvent@1ac45389
[21:58:19] [Server thread/TRACE] [FML]:   Registry: 310 minecraft:entity.minecart.inside net.minecraft.util.SoundEvent@3e5d4f6b
[21:58:19] [Server thread/TRACE] [FML]:   Registry: 311 minecraft:entity.minecart.riding net.minecraft.util.SoundEvent@39c1fe0b
[21:58:19] [Server thread/TRACE] [FML]:   Registry: 312 minecraft:entity.mooshroom.shear net.minecraft.util.SoundEvent@5ae95707
[21:58:19] [Server thread/TRACE] [FML]:   Registry: 313 minecraft:entity.mule.ambient net.minecraft.util.SoundEvent@62891fc8
[21:58:19] [Server thread/TRACE] [FML]:   Registry: 314 minecraft:entity.mule.chest net.minecraft.util.SoundEvent@367b22e5
[21:58:19] [Server thread/TRACE] [FML]:   Registry: 315 minecraft:entity.mule.death net.minecraft.util.SoundEvent@fca387
[21:58:19] [Server thread/TRACE] [FML]:   Registry: 316 minecraft:entity.mule.hurt net.minecraft.util.SoundEvent@10bd9df0
[21:58:19] [Server thread/TRACE] [FML]:   Registry: 317 minecraft:entity.painting.break net.minecraft.util.SoundEvent@3ae0b770
[21:58:19] [Server thread/TRACE] [FML]:   Registry: 318 minecraft:entity.painting.place net.minecraft.util.SoundEvent@55e3d6c3
[21:58:19] [Server thread/TRACE] [FML]:   Registry: 319 minecraft:entity.parrot.ambient net.minecraft.util.SoundEvent@30e6a763
[21:58:19] [Server thread/TRACE] [FML]:   Registry: 320 minecraft:entity.parrot.death net.minecraft.util.SoundEvent@4c48fe92
[21:58:19] [Server thread/TRACE] [FML]:   Registry: 321 minecraft:entity.parrot.eat net.minecraft.util.SoundEvent@732c9b5c
[21:58:19] [Server thread/TRACE] [FML]:   Registry: 322 minecraft:entity.parrot.fly net.minecraft.util.SoundEvent@38320e34
[21:58:19] [Server thread/TRACE] [FML]:   Registry: 323 minecraft:entity.parrot.hurt net.minecraft.util.SoundEvent@3d6a6bee
[21:58:19] [Server thread/TRACE] [FML]:   Registry: 324 minecraft:entity.parrot.imitate.blaze net.minecraft.util.SoundEvent@36ddaebf
[21:58:19] [Server thread/TRACE] [FML]:   Registry: 325 minecraft:entity.parrot.imitate.creeper net.minecraft.util.SoundEvent@213c3543
[21:58:19] [Server thread/TRACE] [FML]:   Registry: 326 minecraft:entity.parrot.imitate.elder_guardian net.minecraft.util.SoundEvent@9d7ccfe
[21:58:19] [Server thread/TRACE] [FML]:   Registry: 327 minecraft:entity.parrot.imitate.enderdragon net.minecraft.util.SoundEvent@670ce331
[21:58:19] [Server thread/TRACE] [FML]:   Registry: 328 minecraft:entity.parrot.imitate.enderman net.minecraft.util.SoundEvent@3cff0139
[21:58:19] [Server thread/TRACE] [FML]:   Registry: 329 minecraft:entity.parrot.imitate.endermite net.minecraft.util.SoundEvent@7c29adc8
[21:58:19] [Server thread/TRACE] [FML]:   Registry: 330 minecraft:entity.parrot.imitate.evocation_illager net.minecraft.util.SoundEvent@4b2e3e8f
[21:58:19] [Server thread/TRACE] [FML]:   Registry: 331 minecraft:entity.parrot.imitate.ghast net.minecraft.util.SoundEvent@4bbb49b0
[21:58:19] [Server thread/TRACE] [FML]:   Registry: 332 minecraft:entity.parrot.imitate.husk net.minecraft.util.SoundEvent@f096f37
[21:58:19] [Server thread/TRACE] [FML]:   Registry: 333 minecraft:entity.parrot.imitate.illusion_illager net.minecraft.util.SoundEvent@3effd4f3
[21:58:19] [Server thread/TRACE] [FML]:   Registry: 334 minecraft:entity.parrot.imitate.magmacube net.minecraft.util.SoundEvent@41f4fe5
[21:58:19] [Server thread/TRACE] [FML]:   Registry: 335 minecraft:entity.parrot.imitate.polar_bear net.minecraft.util.SoundEvent@15f8701f
[21:58:19] [Server thread/TRACE] [FML]:   Registry: 336 minecraft:entity.parrot.imitate.shulker net.minecraft.util.SoundEvent@514cd540
[21:58:19] [Server thread/TRACE] [FML]:   Registry: 337 minecraft:entity.parrot.imitate.silverfish net.minecraft.util.SoundEvent@11d4dbd6
[21:58:19] [Server thread/TRACE] [FML]:   Registry: 338 minecraft:entity.parrot.imitate.skeleton net.minecraft.util.SoundEvent@6f4ade6e
[21:58:19] [Server thread/TRACE] [FML]:   Registry: 339 minecraft:entity.parrot.imitate.slime net.minecraft.util.SoundEvent@39e43310
[21:58:19] [Server thread/TRACE] [FML]:   Registry: 340 minecraft:entity.parrot.imitate.spider net.minecraft.util.SoundEvent@eb507b9
[21:58:19] [Server thread/TRACE] [FML]:   Registry: 341 minecraft:entity.parrot.imitate.stray net.minecraft.util.SoundEvent@390877d2
[21:58:19] [Server thread/TRACE] [FML]:   Registry: 342 minecraft:entity.parrot.imitate.vex net.minecraft.util.SoundEvent@86733
[21:58:19] [Server thread/TRACE] [FML]:   Registry: 343 minecraft:entity.parrot.imitate.vindication_illager net.minecraft.util.SoundEvent@186cb891
[21:58:19] [Server thread/TRACE] [FML]:   Registry: 344 minecraft:entity.parrot.imitate.witch net.minecraft.util.SoundEvent@3ec2ecea
[21:58:19] [Server thread/TRACE] [FML]:   Registry: 345 minecraft:entity.parrot.imitate.wither net.minecraft.util.SoundEvent@440eaa07
[21:58:19] [Server thread/TRACE] [FML]:   Registry: 346 minecraft:entity.parrot.imitate.wither_skeleton net.minecraft.util.SoundEvent@7fc7c4a
[21:58:19] [Server thread/TRACE] [FML]:   Registry: 347 minecraft:entity.parrot.imitate.wolf net.minecraft.util.SoundEvent@7aa9e414
[21:58:19] [Server thread/TRACE] [FML]:   Registry: 348 minecraft:entity.parrot.imitate.zombie net.minecraft.util.SoundEvent@53a5e217
[21:58:19] [Server thread/TRACE] [FML]:   Registry: 349 minecraft:entity.parrot.imitate.zombie_pigman net.minecraft.util.SoundEvent@624a24f6
[21:58:19] [Server thread/TRACE] [FML]:   Registry: 350 minecraft:entity.parrot.imitate.zombie_villager net.minecraft.util.SoundEvent@6b00ad9
[21:58:19] [Server thread/TRACE] [FML]:   Registry: 351 minecraft:entity.parrot.step net.minecraft.util.SoundEvent@338cc75f
[21:58:19] [Server thread/TRACE] [FML]:   Registry: 352 minecraft:entity.pig.ambient net.minecraft.util.SoundEvent@4f453e63
[21:58:19] [Server thread/TRACE] [FML]:   Registry: 353 minecraft:entity.pig.death net.minecraft.util.SoundEvent@7c9bdee9
[21:58:19] [Server thread/TRACE] [FML]:   Registry: 354 minecraft:entity.pig.hurt net.minecraft.util.SoundEvent@7afbf561
[21:58:19] [Server thread/TRACE] [FML]:   Registry: 355 minecraft:entity.pig.saddle net.minecraft.util.SoundEvent@2f98635e
[21:58:19] [Server thread/TRACE] [FML]:   Registry: 356 minecraft:entity.pig.step net.minecraft.util.SoundEvent@49c8f6e8
[21:58:19] [Server thread/TRACE] [FML]:   Registry: 357 minecraft:entity.player.attack.crit net.minecraft.util.SoundEvent@6b0615ae
[21:58:19] [Server thread/TRACE] [FML]:   Registry: 358 minecraft:entity.player.attack.knockback net.minecraft.util.SoundEvent@4e73b552
[21:58:19] [Server thread/TRACE] [FML]:   Registry: 359 minecraft:entity.player.attack.nodamage net.minecraft.util.SoundEvent@221dad51
[21:58:19] [Server thread/TRACE] [FML]:   Registry: 360 minecraft:entity.player.attack.strong net.minecraft.util.SoundEvent@2cec704c
[21:58:19] [Server thread/TRACE] [FML]:   Registry: 361 minecraft:entity.player.attack.sweep net.minecraft.util.SoundEvent@771cbb1a
[21:58:19] [Server thread/TRACE] [FML]:   Registry: 362 minecraft:entity.player.attack.weak net.minecraft.util.SoundEvent@2416498e
[21:58:19] [Server thread/TRACE] [FML]:   Registry: 363 minecraft:entity.player.big_fall net.minecraft.util.SoundEvent@6b2e0f78
[21:58:19] [Server thread/TRACE] [FML]:   Registry: 364 minecraft:entity.player.breath net.minecraft.util.SoundEvent@240f6c41
[21:58:19] [Server thread/TRACE] [FML]:   Registry: 365 minecraft:entity.player.burp net.minecraft.util.SoundEvent@3659d7b1
[21:58:19] [Server thread/TRACE] [FML]:   Registry: 366 minecraft:entity.player.death net.minecraft.util.SoundEvent@2015b2cd
[21:58:19] [Server thread/TRACE] [FML]:   Registry: 367 minecraft:entity.player.hurt net.minecraft.util.SoundEvent@3bdb2c78
[21:58:19] [Server thread/TRACE] [FML]:   Registry: 368 minecraft:entity.player.hurt_drown net.minecraft.util.SoundEvent@64693226
[21:58:19] [Server thread/TRACE] [FML]:   Registry: 369 minecraft:entity.player.hurt_on_fire net.minecraft.util.SoundEvent@1c758545
[21:58:19] [Server thread/TRACE] [FML]:   Registry: 370 minecraft:entity.player.levelup net.minecraft.util.SoundEvent@117bcfdc
[21:58:19] [Server thread/TRACE] [FML]:   Registry: 371 minecraft:entity.player.small_fall net.minecraft.util.SoundEvent@73a19967
[21:58:19] [Server thread/TRACE] [FML]:   Registry: 372 minecraft:entity.player.splash net.minecraft.util.SoundEvent@5e746d37
[21:58:19] [Server thread/TRACE] [FML]:   Registry: 373 minecraft:entity.player.swim net.minecraft.util.SoundEvent@6e1b9411
[21:58:19] [Server thread/TRACE] [FML]:   Registry: 374 minecraft:entity.polar_bear.ambient net.minecraft.util.SoundEvent@21d1b321
[21:58:19] [Server thread/TRACE] [FML]:   Registry: 375 minecraft:entity.polar_bear.baby_ambient net.minecraft.util.SoundEvent@5ec46cdd
[21:58:19] [Server thread/TRACE] [FML]:   Registry: 376 minecraft:entity.polar_bear.death net.minecraft.util.SoundEvent@2324bfe7
[21:58:19] [Server thread/TRACE] [FML]:   Registry: 377 minecraft:entity.polar_bear.hurt net.minecraft.util.SoundEvent@112d1c8e
[21:58:19] [Server thread/TRACE] [FML]:   Registry: 378 minecraft:entity.polar_bear.step net.minecraft.util.SoundEvent@3d49fd31
[21:58:19] [Server thread/TRACE] [FML]:   Registry: 379 minecraft:entity.polar_bear.warning net.minecraft.util.SoundEvent@4016ccc1
[21:58:19] [Server thread/TRACE] [FML]:   Registry: 380 minecraft:entity.rabbit.ambient net.minecraft.util.SoundEvent@46cb98a3
[21:58:19] [Server thread/TRACE] [FML]:   Registry: 381 minecraft:entity.rabbit.attack net.minecraft.util.SoundEvent@3ffb3598
[21:58:19] [Server thread/TRACE] [FML]:   Registry: 382 minecraft:entity.rabbit.death net.minecraft.util.SoundEvent@4da9f723
[21:58:19] [Server thread/TRACE] [FML]:   Registry: 383 minecraft:entity.rabbit.hurt net.minecraft.util.SoundEvent@3b2f4a93
[21:58:19] [Server thread/TRACE] [FML]:   Registry: 384 minecraft:entity.rabbit.jump net.minecraft.util.SoundEvent@213bd3d5
[21:58:19] [Server thread/TRACE] [FML]:   Registry: 385 minecraft:entity.sheep.ambient net.minecraft.util.SoundEvent@470a659f
[21:58:19] [Server thread/TRACE] [FML]:   Registry: 386 minecraft:entity.sheep.death net.minecraft.util.SoundEvent@451882b2
[21:58:19] [Server thread/TRACE] [FML]:   Registry: 387 minecraft:entity.sheep.hurt net.minecraft.util.SoundEvent@4a23350
[21:58:19] [Server thread/TRACE] [FML]:   Registry: 388 minecraft:entity.sheep.shear net.minecraft.util.SoundEvent@7b78ed6a
[21:58:19] [Server thread/TRACE] [FML]:   Registry: 389 minecraft:entity.sheep.step net.minecraft.util.SoundEvent@6fca5907
[21:58:19] [Server thread/TRACE] [FML]:   Registry: 390 minecraft:entity.shulker.ambient net.minecraft.util.SoundEvent@6ec65b5e
[21:58:19] [Server thread/TRACE] [FML]:   Registry: 391 minecraft:entity.shulker.close net.minecraft.util.SoundEvent@7bebcd65
[21:58:19] [Server thread/TRACE] [FML]:   Registry: 392 minecraft:entity.shulker.death net.minecraft.util.SoundEvent@47447ccf
[21:58:19] [Server thread/TRACE] [FML]:   Registry: 393 minecraft:entity.shulker.hurt net.minecraft.util.SoundEvent@7afb1741
[21:58:19] [Server thread/TRACE] [FML]:   Registry: 394 minecraft:entity.shulker.hurt_closed net.minecraft.util.SoundEvent@263bbfeb
[21:58:19] [Server thread/TRACE] [FML]:   Registry: 395 minecraft:entity.shulker.open net.minecraft.util.SoundEvent@31edeac
[21:58:19] [Server thread/TRACE] [FML]:   Registry: 396 minecraft:entity.shulker.shoot net.minecraft.util.SoundEvent@67d86804
[21:58:19] [Server thread/TRACE] [FML]:   Registry: 397 minecraft:entity.shulker.teleport net.minecraft.util.SoundEvent@45bb2aa1
[21:58:19] [Server thread/TRACE] [FML]:   Registry: 398 minecraft:entity.shulker_bullet.hit net.minecraft.util.SoundEvent@3e84111a
[21:58:19] [Server thread/TRACE] [FML]:   Registry: 399 minecraft:entity.shulker_bullet.hurt net.minecraft.util.SoundEvent@4b1a43d8
[21:58:19] [Server thread/TRACE] [FML]:   Registry: 400 minecraft:entity.silverfish.ambient net.minecraft.util.SoundEvent@6fa69af7
[21:58:19] [Server thread/TRACE] [FML]:   Registry: 401 minecraft:entity.silverfish.death net.minecraft.util.SoundEvent@73545b80
[21:58:19] [Server thread/TRACE] [FML]:   Registry: 402 minecraft:entity.silverfish.hurt net.minecraft.util.SoundEvent@6d469831
[21:58:19] [Server thread/TRACE] [FML]:   Registry: 403 minecraft:entity.silverfish.step net.minecraft.util.SoundEvent@74db12c2
[21:58:19] [Server thread/TRACE] [FML]:   Registry: 404 minecraft:entity.skeleton.ambient net.minecraft.util.SoundEvent@2ff15f8c
[21:58:19] [Server thread/TRACE] [FML]:   Registry: 405 minecraft:entity.skeleton.death net.minecraft.util.SoundEvent@7ea899a9
[21:58:19] [Server thread/TRACE] [FML]:   Registry: 406 minecraft:entity.skeleton.hurt net.minecraft.util.SoundEvent@2776015d
[21:58:19] [Server thread/TRACE] [FML]:   Registry: 407 minecraft:entity.skeleton.shoot net.minecraft.util.SoundEvent@b174a73
[21:58:19] [Server thread/TRACE] [FML]:   Registry: 408 minecraft:entity.skeleton.step net.minecraft.util.SoundEvent@2e3f79a2
[21:58:19] [Server thread/TRACE] [FML]:   Registry: 409 minecraft:entity.skeleton_horse.ambient net.minecraft.util.SoundEvent@1460c81d
[21:58:19] [Server thread/TRACE] [FML]:   Registry: 410 minecraft:entity.skeleton_horse.death net.minecraft.util.SoundEvent@38b5f25
[21:58:19] [Server thread/TRACE] [FML]:   Registry: 411 minecraft:entity.skeleton_horse.hurt net.minecraft.util.SoundEvent@327ed9f5
[21:58:19] [Server thread/TRACE] [FML]:   Registry: 412 minecraft:entity.slime.attack net.minecraft.util.SoundEvent@67594471
[21:58:19] [Server thread/TRACE] [FML]:   Registry: 413 minecraft:entity.slime.death net.minecraft.util.SoundEvent@756b58a7
[21:58:19] [Server thread/TRACE] [FML]:   Registry: 414 minecraft:entity.slime.hurt net.minecraft.util.SoundEvent@2cc04358
[21:58:19] [Server thread/TRACE] [FML]:   Registry: 415 minecraft:entity.slime.jump net.minecraft.util.SoundEvent@68b58644
[21:58:19] [Server thread/TRACE] [FML]:   Registry: 416 minecraft:entity.slime.squish net.minecraft.util.SoundEvent@45e22def
[21:58:19] [Server thread/TRACE] [FML]:   Registry: 417 minecraft:entity.small_magmacube.death net.minecraft.util.SoundEvent@6ae3fb94
[21:58:19] [Server thread/TRACE] [FML]:   Registry: 418 minecraft:entity.small_magmacube.hurt net.minecraft.util.SoundEvent@4417af13
[21:58:19] [Server thread/TRACE] [FML]:   Registry: 419 minecraft:entity.small_magmacube.squish net.minecraft.util.SoundEvent@d48673
[21:58:19] [Server thread/TRACE] [FML]:   Registry: 420 minecraft:entity.small_slime.death net.minecraft.util.SoundEvent@548d5ed3
[21:58:19] [Server thread/TRACE] [FML]:   Registry: 421 minecraft:entity.small_slime.hurt net.minecraft.util.SoundEvent@21c7208d
[21:58:19] [Server thread/TRACE] [FML]:   Registry: 422 minecraft:entity.small_slime.jump net.minecraft.util.SoundEvent@58516c91
[21:58:19] [Server thread/TRACE] [FML]:   Registry: 423 minecraft:entity.small_slime.squish net.minecraft.util.SoundEvent@7c129ef6
[21:58:19] [Server thread/TRACE] [FML]:   Registry: 424 minecraft:entity.snowball.throw net.minecraft.util.SoundEvent@42d73c61
[21:58:19] [Server thread/TRACE] [FML]:   Registry: 425 minecraft:entity.snowman.ambient net.minecraft.util.SoundEvent@5a8cbffe
[21:58:19] [Server thread/TRACE] [FML]:   Registry: 426 minecraft:entity.snowman.death net.minecraft.util.SoundEvent@96a75da
[21:58:19] [Server thread/TRACE] [FML]:   Registry: 427 minecraft:entity.snowman.hurt net.minecraft.util.SoundEvent@61e7bf2f
[21:58:19] [Server thread/TRACE] [FML]:   Registry: 428 minecraft:entity.snowman.shoot net.minecraft.util.SoundEvent@1a28b346
[21:58:19] [Server thread/TRACE] [FML]:   Registry: 429 minecraft:entity.spider.ambient net.minecraft.util.SoundEvent@25e49cb2
[21:58:19] [Server thread/TRACE] [FML]:   Registry: 430 minecraft:entity.spider.death net.minecraft.util.SoundEvent@7f7af971
[21:58:19] [Server thread/TRACE] [FML]:   Registry: 431 minecraft:entity.spider.hurt net.minecraft.util.SoundEvent@23382f76
[21:58:19] [Server thread/TRACE] [FML]:   Registry: 432 minecraft:entity.spider.step net.minecraft.util.SoundEvent@7c551ad4
[21:58:19] [Server thread/TRACE] [FML]:   Registry: 433 minecraft:entity.splash_potion.break net.minecraft.util.SoundEvent@7d5508e0
[21:58:19] [Server thread/TRACE] [FML]:   Registry: 434 minecraft:entity.splash_potion.throw net.minecraft.util.SoundEvent@554cd74a
[21:58:19] [Server thread/TRACE] [FML]:   Registry: 435 minecraft:entity.squid.ambient net.minecraft.util.SoundEvent@37ed010a
[21:58:19] [Server thread/TRACE] [FML]:   Registry: 436 minecraft:entity.squid.death net.minecraft.util.SoundEvent@633a2e99
[21:58:19] [Server thread/TRACE] [FML]:   Registry: 437 minecraft:entity.squid.hurt net.minecraft.util.SoundEvent@367d2816
[21:58:19] [Server thread/TRACE] [FML]:   Registry: 438 minecraft:entity.stray.ambient net.minecraft.util.SoundEvent@5b84f14
[21:58:19] [Server thread/TRACE] [FML]:   Registry: 439 minecraft:entity.stray.death net.minecraft.util.SoundEvent@5a82ebf8
[21:58:19] [Server thread/TRACE] [FML]:   Registry: 440 minecraft:entity.stray.hurt net.minecraft.util.SoundEvent@68fe48d7
[21:58:19] [Server thread/TRACE] [FML]:   Registry: 441 minecraft:entity.stray.step net.minecraft.util.SoundEvent@379ce046
[21:58:19] [Server thread/TRACE] [FML]:   Registry: 442 minecraft:entity.tnt.primed net.minecraft.util.SoundEvent@701bc94e
[21:58:19] [Server thread/TRACE] [FML]:   Registry: 443 minecraft:entity.vex.ambient net.minecraft.util.SoundEvent@3d8b319e
[21:58:19] [Server thread/TRACE] [FML]:   Registry: 444 minecraft:entity.vex.charge net.minecraft.util.SoundEvent@27a97e08
[21:58:19] [Server thread/TRACE] [FML]:   Registry: 445 minecraft:entity.vex.death net.minecraft.util.SoundEvent@77e7246b
[21:58:19] [Server thread/TRACE] [FML]:   Registry: 446 minecraft:entity.vex.hurt net.minecraft.util.SoundEvent@5918c260
[21:58:19] [Server thread/TRACE] [FML]:   Registry: 447 minecraft:entity.villager.ambient net.minecraft.util.SoundEvent@3d7b1f1c
[21:58:19] [Server thread/TRACE] [FML]:   Registry: 448 minecraft:entity.villager.death net.minecraft.util.SoundEvent@51ce6f85
[21:58:19] [Server thread/TRACE] [FML]:   Registry: 449 minecraft:entity.villager.hurt net.minecraft.util.SoundEvent@1f44ddab
[21:58:19] [Server thread/TRACE] [FML]:   Registry: 450 minecraft:entity.villager.no net.minecraft.util.SoundEvent@5017e1
[21:58:19] [Server thread/TRACE] [FML]:   Registry: 451 minecraft:entity.villager.trading net.minecraft.util.SoundEvent@65b66b08
[21:58:19] [Server thread/TRACE] [FML]:   Registry: 452 minecraft:entity.villager.yes net.minecraft.util.SoundEvent@4726927c
[21:58:19] [Server thread/TRACE] [FML]:   Registry: 453 minecraft:entity.vindication_illager.ambient net.minecraft.util.SoundEvent@7eb6b6b6
[21:58:19] [Server thread/TRACE] [FML]:   Registry: 454 minecraft:entity.vindication_illager.death net.minecraft.util.SoundEvent@7ed9499e
[21:58:19] [Server thread/TRACE] [FML]:   Registry: 455 minecraft:entity.vindication_illager.hurt net.minecraft.util.SoundEvent@28e19366
[21:58:19] [Server thread/TRACE] [FML]:   Registry: 456 minecraft:entity.witch.ambient net.minecraft.util.SoundEvent@5b275174
[21:58:19] [Server thread/TRACE] [FML]:   Registry: 457 minecraft:entity.witch.death net.minecraft.util.SoundEvent@10ef5fa0
[21:58:19] [Server thread/TRACE] [FML]:   Registry: 458 minecraft:entity.witch.drink net.minecraft.util.SoundEvent@244e619a
[21:58:19] [Server thread/TRACE] [FML]:   Registry: 459 minecraft:entity.witch.hurt net.minecraft.util.SoundEvent@10acd6
[21:58:19] [Server thread/TRACE] [FML]:   Registry: 460 minecraft:entity.witch.throw net.minecraft.util.SoundEvent@61dde151
[21:58:19] [Server thread/TRACE] [FML]:   Registry: 461 minecraft:entity.wither.ambient net.minecraft.util.SoundEvent@b25b095
[21:58:19] [Server thread/TRACE] [FML]:   Registry: 462 minecraft:entity.wither.break_block net.minecraft.util.SoundEvent@5cb042da
[21:58:19] [Server thread/TRACE] [FML]:   Registry: 463 minecraft:entity.wither.death net.minecraft.util.SoundEvent@59c33386
[21:58:19] [Server thread/TRACE] [FML]:   Registry: 464 minecraft:entity.wither.hurt net.minecraft.util.SoundEvent@571a9686
[21:58:19] [Server thread/TRACE] [FML]:   Registry: 465 minecraft:entity.wither.shoot net.minecraft.util.SoundEvent@719d35e8
[21:58:19] [Server thread/TRACE] [FML]:   Registry: 466 minecraft:entity.wither.spawn net.minecraft.util.SoundEvent@2f651f93
[21:58:19] [Server thread/TRACE] [FML]:   Registry: 467 minecraft:entity.wither_skeleton.ambient net.minecraft.util.SoundEvent@6ffa56fa
[21:58:19] [Server thread/TRACE] [FML]:   Registry: 468 minecraft:entity.wither_skeleton.death net.minecraft.util.SoundEvent@6c575325
[21:58:19] [Server thread/TRACE] [FML]:   Registry: 469 minecraft:entity.wither_skeleton.hurt net.minecraft.util.SoundEvent@747d1932
[21:58:19] [Server thread/TRACE] [FML]:   Registry: 470 minecraft:entity.wither_skeleton.step net.minecraft.util.SoundEvent@736309a9
[21:58:19] [Server thread/TRACE] [FML]:   Registry: 471 minecraft:entity.wolf.ambient net.minecraft.util.SoundEvent@4e93dcb9
[21:58:19] [Server thread/TRACE] [FML]:   Registry: 472 minecraft:entity.wolf.death net.minecraft.util.SoundEvent@188b6035
[21:58:19] [Server thread/TRACE] [FML]:   Registry: 473 minecraft:entity.wolf.growl net.minecraft.util.SoundEvent@4a34e9f
[21:58:19] [Server thread/TRACE] [FML]:   Registry: 474 minecraft:entity.wolf.howl net.minecraft.util.SoundEvent@6f6621e3
[21:58:19] [Server thread/TRACE] [FML]:   Registry: 475 minecraft:entity.wolf.hurt net.minecraft.util.SoundEvent@3fc05ea2
[21:58:19] [Server thread/TRACE] [FML]:   Registry: 476 minecraft:entity.wolf.pant net.minecraft.util.SoundEvent@7c891ba7
[21:58:19] [Server thread/TRACE] [FML]:   Registry: 477 minecraft:entity.wolf.shake net.minecraft.util.SoundEvent@6240651f
[21:58:19] [Server thread/TRACE] [FML]:   Registry: 478 minecraft:entity.wolf.step net.minecraft.util.SoundEvent@3cf7298d
[21:58:19] [Server thread/TRACE] [FML]:   Registry: 479 minecraft:entity.wolf.whine net.minecraft.util.SoundEvent@1ff55ff
[21:58:19] [Server thread/TRACE] [FML]:   Registry: 480 minecraft:entity.zombie.ambient net.minecraft.util.SoundEvent@351f2244
[21:58:19] [Server thread/TRACE] [FML]:   Registry: 481 minecraft:entity.zombie.attack_door_wood net.minecraft.util.SoundEvent@5496c165
[21:58:19] [Server thread/TRACE] [FML]:   Registry: 482 minecraft:entity.zombie.attack_iron_door net.minecraft.util.SoundEvent@51a8313b
[21:58:19] [Server thread/TRACE] [FML]:   Registry: 483 minecraft:entity.zombie.break_door_wood net.minecraft.util.SoundEvent@2a03d65c
[21:58:19] [Server thread/TRACE] [FML]:   Registry: 484 minecraft:entity.zombie.death net.minecraft.util.SoundEvent@6642dc5a
[21:58:19] [Server thread/TRACE] [FML]:   Registry: 485 minecraft:entity.zombie.hurt net.minecraft.util.SoundEvent@43da41e
[21:58:19] [Server thread/TRACE] [FML]:   Registry: 486 minecraft:entity.zombie.infect net.minecraft.util.SoundEvent@148c7c4b
[21:58:19] [Server thread/TRACE] [FML]:   Registry: 487 minecraft:entity.zombie.step net.minecraft.util.SoundEvent@2009f9b0
[21:58:19] [Server thread/TRACE] [FML]:   Registry: 488 minecraft:entity.zombie_horse.ambient net.minecraft.util.SoundEvent@50d951e7
[21:58:19] [Server thread/TRACE] [FML]:   Registry: 489 minecraft:entity.zombie_horse.death net.minecraft.util.SoundEvent@39ad12b6
[21:58:19] [Server thread/TRACE] [FML]:   Registry: 490 minecraft:entity.zombie_horse.hurt net.minecraft.util.SoundEvent@4eb45fec
[21:58:19] [Server thread/TRACE] [FML]:   Registry: 491 minecraft:entity.zombie_pig.ambient net.minecraft.util.SoundEvent@211febf3
[21:58:19] [Server thread/TRACE] [FML]:   Registry: 492 minecraft:entity.zombie_pig.angry net.minecraft.util.SoundEvent@3bd3d05e
[21:58:19] [Server thread/TRACE] [FML]:   Registry: 493 minecraft:entity.zombie_pig.death net.minecraft.util.SoundEvent@6aba5d30
[21:58:19] [Server thread/TRACE] [FML]:   Registry: 494 minecraft:entity.zombie_pig.hurt net.minecraft.util.SoundEvent@61d34b4
[21:58:19] [Server thread/TRACE] [FML]:   Registry: 495 minecraft:entity.zombie_villager.ambient net.minecraft.util.SoundEvent@588307f7
[21:58:19] [Server thread/TRACE] [FML]:   Registry: 496 minecraft:entity.zombie_villager.converted net.minecraft.util.SoundEvent@7df76d99
[21:58:19] [Server thread/TRACE] [FML]:   Registry: 497 minecraft:entity.zombie_villager.cure net.minecraft.util.SoundEvent@459cfcca
[21:58:19] [Server thread/TRACE] [FML]:   Registry: 498 minecraft:entity.zombie_villager.death net.minecraft.util.SoundEvent@2acbc859
[21:58:19] [Server thread/TRACE] [FML]:   Registry: 499 minecraft:entity.zombie_villager.hurt net.minecraft.util.SoundEvent@6ab7ce48
[21:58:19] [Server thread/TRACE] [FML]:   Registry: 500 minecraft:entity.zombie_villager.step net.minecraft.util.SoundEvent@2c6aed22
[21:58:19] [Server thread/TRACE] [FML]:   Registry: 501 minecraft:item.armor.equip_chain net.minecraft.util.SoundEvent@e322ec9
[21:58:19] [Server thread/TRACE] [FML]:   Registry: 502 minecraft:item.armor.equip_diamond net.minecraft.util.SoundEvent@7acfb656
[21:58:19] [Server thread/TRACE] [FML]:   Registry: 503 minecraft:item.armor.equip_elytra net.minecraft.util.SoundEvent@2e5ee2c9
[21:58:19] [Server thread/TRACE] [FML]:   Registry: 504 minecraft:item.armor.equip_generic net.minecraft.util.SoundEvent@55a609dd
[21:58:19] [Server thread/TRACE] [FML]:   Registry: 505 minecraft:item.armor.equip_gold net.minecraft.util.SoundEvent@4afd21c6
[21:58:19] [Server thread/TRACE] [FML]:   Registry: 506 minecraft:item.armor.equip_iron net.minecraft.util.SoundEvent@4d0753c9
[21:58:19] [Server thread/TRACE] [FML]:   Registry: 507 minecraft:item.armor.equip_leather net.minecraft.util.SoundEvent@1416a80a
[21:58:19] [Server thread/TRACE] [FML]:   Registry: 508 minecraft:item.bottle.empty net.minecraft.util.SoundEvent@719bb3b4
[21:58:19] [Server thread/TRACE] [FML]:   Registry: 509 minecraft:item.bottle.fill net.minecraft.util.SoundEvent@52cb4f50
[21:58:19] [Server thread/TRACE] [FML]:   Registry: 510 minecraft:item.bottle.fill_dragonbreath net.minecraft.util.SoundEvent@25a5c7db
[21:58:19] [Server thread/TRACE] [FML]:   Registry: 511 minecraft:item.bucket.empty net.minecraft.util.SoundEvent@4d27d9d
[21:58:19] [Server thread/TRACE] [FML]:   Registry: 512 minecraft:item.bucket.empty_lava net.minecraft.util.SoundEvent@28f878a0
[21:58:19] [Server thread/TRACE] [FML]:   Registry: 513 minecraft:item.bucket.fill net.minecraft.util.SoundEvent@20411320
[21:58:19] [Server thread/TRACE] [FML]:   Registry: 514 minecraft:item.bucket.fill_lava net.minecraft.util.SoundEvent@2b5183ec
[21:58:19] [Server thread/TRACE] [FML]:   Registry: 515 minecraft:item.chorus_fruit.teleport net.minecraft.util.SoundEvent@3c782d8e
[21:58:19] [Server thread/TRACE] [FML]:   Registry: 516 minecraft:item.elytra.flying net.minecraft.util.SoundEvent@572e6fd9
[21:58:19] [Server thread/TRACE] [FML]:   Registry: 517 minecraft:item.firecharge.use net.minecraft.util.SoundEvent@7f5eae0f
[21:58:19] [Server thread/TRACE] [FML]:   Registry: 518 minecraft:item.flintandsteel.use net.minecraft.util.SoundEvent@58b71ceb
[21:58:19] [Server thread/TRACE] [FML]:   Registry: 519 minecraft:item.hoe.till net.minecraft.util.SoundEvent@255e5e2e
[21:58:19] [Server thread/TRACE] [FML]:   Registry: 520 minecraft:item.shield.block net.minecraft.util.SoundEvent@12abdfb
[21:58:19] [Server thread/TRACE] [FML]:   Registry: 521 minecraft:item.shield.break net.minecraft.util.SoundEvent@b0e5507
[21:58:19] [Server thread/TRACE] [FML]:   Registry: 522 minecraft:item.shovel.flatten net.minecraft.util.SoundEvent@6bbe50c9
[21:58:19] [Server thread/TRACE] [FML]:   Registry: 523 minecraft:item.totem.use net.minecraft.util.SoundEvent@3c46dcbe
[21:58:19] [Server thread/TRACE] [FML]:   Registry: 524 minecraft:music.creative net.minecraft.util.SoundEvent@68577ba8
[21:58:19] [Server thread/TRACE] [FML]:   Registry: 525 minecraft:music.credits net.minecraft.util.SoundEvent@1108adc8
[21:58:19] [Server thread/TRACE] [FML]:   Registry: 526 minecraft:music.dragon net.minecraft.util.SoundEvent@8a98f38
[21:58:19] [Server thread/TRACE] [FML]:   Registry: 527 minecraft:music.end net.minecraft.util.SoundEvent@20011bf
[21:58:19] [Server thread/TRACE] [FML]:   Registry: 528 minecraft:music.game net.minecraft.util.SoundEvent@51d9b06c
[21:58:19] [Server thread/TRACE] [FML]:   Registry: 529 minecraft:music.menu net.minecraft.util.SoundEvent@5eb2172
[21:58:19] [Server thread/TRACE] [FML]:   Registry: 530 minecraft:music.nether net.minecraft.util.SoundEvent@41ffaeb8
[21:58:19] [Server thread/TRACE] [FML]:   Registry: 531 minecraft:record.11 net.minecraft.util.SoundEvent@43f0c2d1
[21:58:19] [Server thread/TRACE] [FML]:   Registry: 532 minecraft:record.13 net.minecraft.util.SoundEvent@5fb65013
[21:58:19] [Server thread/TRACE] [FML]:   Registry: 533 minecraft:record.blocks net.minecraft.util.SoundEvent@38a1a26
[21:58:19] [Server thread/TRACE] [FML]:   Registry: 534 minecraft:record.cat net.minecraft.util.SoundEvent@3fbcfe81
[21:58:19] [Server thread/TRACE] [FML]:   Registry: 535 minecraft:record.chirp net.minecraft.util.SoundEvent@7a1f45ed
[21:58:19] [Server thread/TRACE] [FML]:   Registry: 536 minecraft:record.far net.minecraft.util.SoundEvent@1744a475
[21:58:19] [Server thread/TRACE] [FML]:   Registry: 537 minecraft:record.mall net.minecraft.util.SoundEvent@444cc791
[21:58:19] [Server thread/TRACE] [FML]:   Registry: 538 minecraft:record.mellohi net.minecraft.util.SoundEvent@1c5c616f
[21:58:19] [Server thread/TRACE] [FML]:   Registry: 539 minecraft:record.stal net.minecraft.util.SoundEvent@1c6c6f24
[21:58:19] [Server thread/TRACE] [FML]:   Registry: 540 minecraft:record.strad net.minecraft.util.SoundEvent@2eb917d0
[21:58:19] [Server thread/TRACE] [FML]:   Registry: 541 minecraft:record.wait net.minecraft.util.SoundEvent@c6b2dd9
[21:58:19] [Server thread/TRACE] [FML]:   Registry: 542 minecraft:record.ward net.minecraft.util.SoundEvent@73437222
[21:58:19] [Server thread/TRACE] [FML]:   Registry: 543 minecraft:ui.button.click net.minecraft.util.SoundEvent@ca93621
[21:58:19] [Server thread/TRACE] [FML]:   Registry: 544 minecraft:ui.toast.in net.minecraft.util.SoundEvent@6a48a7f3
[21:58:19] [Server thread/TRACE] [FML]:   Registry: 545 minecraft:ui.toast.out net.minecraft.util.SoundEvent@3f985a86
[21:58:19] [Server thread/TRACE] [FML]:   Registry: 546 minecraft:ui.toast.challenge_complete net.minecraft.util.SoundEvent@57a2ed35
[21:58:19] [Server thread/TRACE] [FML]:   Registry: 547 minecraft:weather.rain net.minecraft.util.SoundEvent@12ffd1de
[21:58:19] [Server thread/TRACE] [FML]:   Registry: 548 minecraft:weather.rain.above net.minecraft.util.SoundEvent@3d278b4d
[21:58:19] [Server thread/TRACE] [FML]: Registry Name : minecraft:potiontypes
[21:58:19] [Server thread/TRACE] [FML]:   Registry: 0 minecraft:empty net.minecraft.potion.PotionType@34fcd292
[21:58:19] [Server thread/TRACE] [FML]:   Registry: 1 minecraft:water net.minecraft.potion.PotionType@63db743d
[21:58:19] [Server thread/TRACE] [FML]:   Registry: 2 minecraft:mundane net.minecraft.potion.PotionType@496cedbb
[21:58:19] [Server thread/TRACE] [FML]:   Registry: 3 minecraft:thick net.minecraft.potion.PotionType@6b6def36
[21:58:19] [Server thread/TRACE] [FML]:   Registry: 4 minecraft:awkward net.minecraft.potion.PotionType@3957d88b
[21:58:19] [Server thread/TRACE] [FML]:   Registry: 5 minecraft:night_vision net.minecraft.potion.PotionType@1152900
[21:58:19] [Server thread/TRACE] [FML]:   Registry: 6 minecraft:long_night_vision net.minecraft.potion.PotionType@2fba0dac
[21:58:19] [Server thread/TRACE] [FML]:   Registry: 7 minecraft:invisibility net.minecraft.potion.PotionType@2b2a4332
[21:58:19] [Server thread/TRACE] [FML]:   Registry: 8 minecraft:long_invisibility net.minecraft.potion.PotionType@2cbe455c
[21:58:19] [Server thread/TRACE] [FML]:   Registry: 9 minecraft:leaping net.minecraft.potion.PotionType@4cb24e2
[21:58:19] [Server thread/TRACE] [FML]:   Registry: 10 minecraft:long_leaping net.minecraft.potion.PotionType@7be38eba
[21:58:19] [Server thread/TRACE] [FML]:   Registry: 11 minecraft:strong_leaping net.minecraft.potion.PotionType@2296127
[21:58:19] [Server thread/TRACE] [FML]:   Registry: 12 minecraft:fire_resistance net.minecraft.potion.PotionType@5ce3409b
[21:58:19] [Server thread/TRACE] [FML]:   Registry: 13 minecraft:long_fire_resistance net.minecraft.potion.PotionType@1d283d1
[21:58:19] [Server thread/TRACE] [FML]:   Registry: 14 minecraft:swiftness net.minecraft.potion.PotionType@66234b0f
[21:58:19] [Server thread/TRACE] [FML]:   Registry: 15 minecraft:long_swiftness net.minecraft.potion.PotionType@2fca3eb5
[21:58:19] [Server thread/TRACE] [FML]:   Registry: 16 minecraft:strong_swiftness net.minecraft.potion.PotionType@69eb544f
[21:58:19] [Server thread/TRACE] [FML]:   Registry: 17 minecraft:slowness net.minecraft.potion.PotionType@7cb29ea8
[21:58:19] [Server thread/TRACE] [FML]:   Registry: 18 minecraft:long_slowness net.minecraft.potion.PotionType@b5c902
[21:58:19] [Server thread/TRACE] [FML]:   Registry: 19 minecraft:water_breathing net.minecraft.potion.PotionType@7e747037
[21:58:19] [Server thread/TRACE] [FML]:   Registry: 20 minecraft:long_water_breathing net.minecraft.potion.PotionType@4d0e1a9a
[21:58:19] [Server thread/TRACE] [FML]:   Registry: 21 minecraft:healing net.minecraft.potion.PotionType@25218a4d
[21:58:19] [Server thread/TRACE] [FML]:   Registry: 22 minecraft:strong_healing net.minecraft.potion.PotionType@bf2aa32
[21:58:19] [Server thread/TRACE] [FML]:   Registry: 23 minecraft:harming net.minecraft.potion.PotionType@56da96b3
[21:58:19] [Server thread/TRACE] [FML]:   Registry: 24 minecraft:strong_harming net.minecraft.potion.PotionType@6b3d9c38
[21:58:19] [Server thread/TRACE] [FML]:   Registry: 25 minecraft:poison net.minecraft.potion.PotionType@426710f0
[21:58:19] [Server thread/TRACE] [FML]:   Registry: 26 minecraft:long_poison net.minecraft.potion.PotionType@5c5a91b4
[21:58:19] [Server thread/TRACE] [FML]:   Registry: 27 minecraft:strong_poison net.minecraft.potion.PotionType@5e37fb82
[21:58:19] [Server thread/TRACE] [FML]:   Registry: 28 minecraft:regeneration net.minecraft.potion.PotionType@59ec7020
[21:58:19] [Server thread/TRACE] [FML]:   Registry: 29 minecraft:long_regeneration net.minecraft.potion.PotionType@23f60b7d
[21:58:19] [Server thread/TRACE] [FML]:   Registry: 30 minecraft:strong_regeneration net.minecraft.potion.PotionType@2ba9f986
[21:58:19] [Server thread/TRACE] [FML]:   Registry: 31 minecraft:strength net.minecraft.potion.PotionType@4aa3fc9a
[21:58:19] [Server thread/TRACE] [FML]:   Registry: 32 minecraft:long_strength net.minecraft.potion.PotionType@70f4f89e
[21:58:19] [Server thread/TRACE] [FML]:   Registry: 33 minecraft:strong_strength net.minecraft.potion.PotionType@634aa81e
[21:58:19] [Server thread/TRACE] [FML]:   Registry: 34 minecraft:weakness net.minecraft.potion.PotionType@74b1838
[21:58:19] [Server thread/TRACE] [FML]:   Registry: 35 minecraft:long_weakness net.minecraft.potion.PotionType@52d96367
[21:58:19] [Server thread/TRACE] [FML]:   Registry: 36 minecraft:luck net.minecraft.potion.PotionType@5be51aa
[21:58:19] [Server thread/TRACE] [FML]: Registry Name : minecraft:enchantments
[21:58:19] [Server thread/TRACE] [FML]:   Registry: 0 minecraft:protection net.minecraft.enchantment.EnchantmentProtection@5d7f8467
[21:58:19] [Server thread/TRACE] [FML]:   Registry: 1 minecraft:fire_protection net.minecraft.enchantment.EnchantmentProtection@29bd85db
[21:58:19] [Server thread/TRACE] [FML]:   Registry: 2 minecraft:feather_falling net.minecraft.enchantment.EnchantmentProtection@7caf1e5
[21:58:19] [Server thread/TRACE] [FML]:   Registry: 3 minecraft:blast_protection net.minecraft.enchantment.EnchantmentProtection@5c234920
[21:58:19] [Server thread/TRACE] [FML]:   Registry: 4 minecraft:projectile_protection net.minecraft.enchantment.EnchantmentProtection@7ddeb27f
[21:58:19] [Server thread/TRACE] [FML]:   Registry: 5 minecraft:respiration net.minecraft.enchantment.EnchantmentOxygen@2eb1c615
[21:58:19] [Server thread/TRACE] [FML]:   Registry: 6 minecraft:aqua_affinity net.minecraft.enchantment.EnchantmentWaterWorker@5a4464c5
[21:58:19] [Server thread/TRACE] [FML]:   Registry: 7 minecraft:thorns net.minecraft.enchantment.EnchantmentThorns@61b838f2
[21:58:19] [Server thread/TRACE] [FML]:   Registry: 8 minecraft:depth_strider net.minecraft.enchantment.EnchantmentWaterWalker@a056b26
[21:58:19] [Server thread/TRACE] [FML]:   Registry: 9 minecraft:frost_walker net.minecraft.enchantment.EnchantmentFrostWalker@25c1f5ee
[21:58:19] [Server thread/TRACE] [FML]:   Registry: 10 minecraft:binding_curse net.minecraft.enchantment.EnchantmentBindingCurse@15a8cebd
[21:58:19] [Server thread/TRACE] [FML]:   Registry: 16 minecraft:sharpness net.minecraft.enchantment.EnchantmentDamage@274fdea6
[21:58:19] [Server thread/TRACE] [FML]:   Registry: 17 minecraft:smite net.minecraft.enchantment.EnchantmentDamage@74c121d4
[21:58:19] [Server thread/TRACE] [FML]:   Registry: 18 minecraft:bane_of_arthropods net.minecraft.enchantment.EnchantmentDamage@2a484710
[21:58:19] [Server thread/TRACE] [FML]:   Registry: 19 minecraft:knockback net.minecraft.enchantment.EnchantmentKnockback@424f02b8
[21:58:19] [Server thread/TRACE] [FML]:   Registry: 20 minecraft:fire_aspect net.minecraft.enchantment.EnchantmentFireAspect@69b3886f
[21:58:19] [Server thread/TRACE] [FML]:   Registry: 21 minecraft:looting net.minecraft.enchantment.EnchantmentLootBonus@6793f752
[21:58:19] [Server thread/TRACE] [FML]:   Registry: 22 minecraft:sweeping net.minecraft.enchantment.EnchantmentSweepingEdge@482ba4b1
[21:58:19] [Server thread/TRACE] [FML]:   Registry: 32 minecraft:efficiency net.minecraft.enchantment.EnchantmentDigging@76a6f045
[21:58:19] [Server thread/TRACE] [FML]:   Registry: 33 minecraft:silk_touch net.minecraft.enchantment.EnchantmentUntouching@1471b98d
[21:58:19] [Server thread/TRACE] [FML]:   Registry: 34 minecraft:unbreaking net.minecraft.enchantment.EnchantmentDurability@3af236d0
[21:58:19] [Server thread/TRACE] [FML]:   Registry: 35 minecraft:fortune net.minecraft.enchantment.EnchantmentLootBonus@23564dd2
[21:58:19] [Server thread/TRACE] [FML]:   Registry: 48 minecraft:power net.minecraft.enchantment.EnchantmentArrowDamage@6bf570c
[21:58:19] [Server thread/TRACE] [FML]:   Registry: 49 minecraft:punch net.minecraft.enchantment.EnchantmentArrowKnockback@214b342f
[21:58:19] [Server thread/TRACE] [FML]:   Registry: 50 minecraft:flame net.minecraft.enchantment.EnchantmentArrowFire@589fb74d
[21:58:19] [Server thread/TRACE] [FML]:   Registry: 51 minecraft:infinity net.minecraft.enchantment.EnchantmentArrowInfinite@12567179
[21:58:19] [Server thread/TRACE] [FML]:   Registry: 61 minecraft:luck_of_the_sea net.minecraft.enchantment.EnchantmentLootBonus@37d699a1
[21:58:19] [Server thread/TRACE] [FML]:   Registry: 62 minecraft:lure net.minecraft.enchantment.EnchantmentFishingSpeed@29170a47
[21:58:19] [Server thread/TRACE] [FML]:   Registry: 70 minecraft:mending net.minecraft.enchantment.EnchantmentMending@13ef7fa1
[21:58:19] [Server thread/TRACE] [FML]:   Registry: 71 minecraft:vanishing_curse net.minecraft.enchantment.EnchantmentVanishingCurse@4e8598d9
[21:58:19] [Server thread/TRACE] [FML]: Registry Name : minecraft:recipes
[21:58:19] [Server thread/TRACE] [FML]:   Registry: 0 minecraft:armordye net.minecraft.item.crafting.RecipesArmorDyes@5a51336a
[21:58:19] [Server thread/TRACE] [FML]:   Registry: 1 minecraft:bookcloning net.minecraft.item.crafting.RecipeBookCloning@6233c6c2
[21:58:19] [Server thread/TRACE] [FML]:   Registry: 2 minecraft:mapcloning net.minecraft.item.crafting.RecipesMapCloning@34cb0e49
[21:58:19] [Server thread/TRACE] [FML]:   Registry: 3 minecraft:mapextending net.minecraft.item.crafting.RecipesMapExtending@2a631049
[21:58:19] [Server thread/TRACE] [FML]:   Registry: 4 minecraft:fireworks net.minecraft.item.crafting.RecipeFireworks@66e1b2a
[21:58:19] [Server thread/TRACE] [FML]:   Registry: 5 minecraft:repairitem net.minecraft.item.crafting.RecipeRepairItem@769b0752
[21:58:19] [Server thread/TRACE] [FML]:   Registry: 6 minecraft:tippedarrow net.minecraft.item.crafting.RecipeTippedArrow@7ff09659
[21:58:19] [Server thread/TRACE] [FML]:   Registry: 7 minecraft:bannerduplicate net.minecraft.item.crafting.RecipesBanners$RecipeDuplicatePattern@150f41b9
[21:58:19] [Server thread/TRACE] [FML]:   Registry: 8 minecraft:banneraddpattern net.minecraft.item.crafting.RecipesBanners$RecipeAddPattern@298263fa
[21:58:19] [Server thread/TRACE] [FML]:   Registry: 9 minecraft:shielddecoration net.minecraft.item.crafting.ShieldRecipes$Decoration@2b1a901d
[21:58:19] [Server thread/TRACE] [FML]:   Registry: 10 minecraft:shulkerboxcoloring net.minecraft.item.crafting.ShulkerBoxRecipes$ShulkerBoxColoring@5a6f6cac
[21:58:19] [Server thread/TRACE] [FML]:   Registry: 11 minecraft:yellow_wool net.minecraft.item.crafting.ShapelessRecipes@3c6bd624
[21:58:19] [Server thread/TRACE] [FML]:   Registry: 12 minecraft:yellow_stained_hardened_clay net.minecraft.item.crafting.ShapedRecipes@6a1d1467
[21:58:19] [Server thread/TRACE] [FML]:   Registry: 13 minecraft:yellow_stained_glass_pane net.minecraft.item.crafting.ShapedRecipes@72f3f14c
[21:58:19] [Server thread/TRACE] [FML]:   Registry: 14 minecraft:yellow_stained_glass net.minecraft.item.crafting.ShapedRecipes@46524ebe
[21:58:19] [Server thread/TRACE] [FML]:   Registry: 15 minecraft:yellow_dye_from_sunflower net.minecraft.item.crafting.ShapelessRecipes@3c27f72
[21:58:19] [Server thread/TRACE] [FML]:   Registry: 16 minecraft:yellow_dye_from_dandelion net.minecraft.item.crafting.ShapelessRecipes@4aab7195
[21:58:19] [Server thread/TRACE] [FML]:   Registry: 17 minecraft:yellow_concrete_powder net.minecraft.item.crafting.ShapelessRecipes@7d537616
[21:58:19] [Server thread/TRACE] [FML]:   Registry: 18 minecraft:yellow_carpet net.minecraft.item.crafting.ShapedRecipes@70485aa
[21:58:19] [Server thread/TRACE] [FML]:   Registry: 19 minecraft:yellow_bed_from_white_bed net.minecraft.item.crafting.ShapelessRecipes@399f5daf
[21:58:19] [Server thread/TRACE] [FML]:   Registry: 20 minecraft:yellow_bed net.minecraft.item.crafting.ShapedRecipes@118fbaf0
[21:58:19] [Server thread/TRACE] [FML]:   Registry: 21 minecraft:yellow_banner net.minecraft.item.crafting.ShapedRecipes@5e541ef9
[21:58:19] [Server thread/TRACE] [FML]:   Registry: 22 minecraft:writable_book net.minecraft.item.crafting.ShapelessRecipes@401926df
[21:58:19] [Server thread/TRACE] [FML]:   Registry: 23 minecraft:wooden_sword net.minecraft.item.crafting.ShapedRecipes@271e851e
[21:58:19] [Server thread/TRACE] [FML]:   Registry: 24 minecraft:wooden_shovel net.minecraft.item.crafting.ShapedRecipes@7d1cb59f
[21:58:19] [Server thread/TRACE] [FML]:   Registry: 25 minecraft:wooden_pressure_plate net.minecraft.item.crafting.ShapedRecipes@7752c0e7
[21:58:19] [Server thread/TRACE] [FML]:   Registry: 26 minecraft:wooden_pickaxe net.minecraft.item.crafting.ShapedRecipes@5368e981
[21:58:19] [Server thread/TRACE] [FML]:   Registry: 27 minecraft:wooden_hoe net.minecraft.item.crafting.ShapedRecipes@685e6a68
[21:58:19] [Server thread/TRACE] [FML]:   Registry: 28 minecraft:wooden_door net.minecraft.item.crafting.ShapedRecipes@2673487b
[21:58:19] [Server thread/TRACE] [FML]:   Registry: 29 minecraft:wooden_button net.minecraft.item.crafting.ShapedRecipes@254e9709
[21:58:19] [Server thread/TRACE] [FML]:   Registry: 30 minecraft:wooden_axe net.minecraft.item.crafting.ShapedRecipes@b0d3e7
[21:58:19] [Server thread/TRACE] [FML]:   Registry: 31 minecraft:white_stained_hardened_clay net.minecraft.item.crafting.ShapedRecipes@17f8db6
[21:58:19] [Server thread/TRACE] [FML]:   Registry: 32 minecraft:white_stained_glass_pane net.minecraft.item.crafting.ShapedRecipes@71fb8301
[21:58:19] [Server thread/TRACE] [FML]:   Registry: 33 minecraft:white_stained_glass net.minecraft.item.crafting.ShapedRecipes@1ddf42dd
[21:58:19] [Server thread/TRACE] [FML]:   Registry: 34 minecraft:white_concrete_powder net.minecraft.item.crafting.ShapelessRecipes@56b05bd7
[21:58:19] [Server thread/TRACE] [FML]:   Registry: 35 minecraft:white_carpet net.minecraft.item.crafting.ShapedRecipes@7440265c
[21:58:19] [Server thread/TRACE] [FML]:   Registry: 36 minecraft:white_bed net.minecraft.item.crafting.ShapedRecipes@aa0dbca
[21:58:19] [Server thread/TRACE] [FML]:   Registry: 37 minecraft:white_banner net.minecraft.item.crafting.ShapedRecipes@21abda60
[21:58:19] [Server thread/TRACE] [FML]:   Registry: 38 minecraft:wheat net.minecraft.item.crafting.ShapedRecipes@69a73867
[21:58:19] [Server thread/TRACE] [FML]:   Registry: 39 minecraft:tripwire_hook net.minecraft.item.crafting.ShapedRecipes@d76099a
[21:58:19] [Server thread/TRACE] [FML]:   Registry: 40 minecraft:trapped_chest net.minecraft.item.crafting.ShapelessRecipes@359e27d2
[21:58:19] [Server thread/TRACE] [FML]:   Registry: 41 minecraft:trapdoor net.minecraft.item.crafting.ShapedRecipes@61c87f1b
[21:58:19] [Server thread/TRACE] [FML]:   Registry: 42 minecraft:torch net.minecraft.item.crafting.ShapedRecipes@70a24f9
[21:58:19] [Server thread/TRACE] [FML]:   Registry: 43 minecraft:tnt_minecart net.minecraft.item.crafting.ShapedRecipes@36cfe107
[21:58:19] [Server thread/TRACE] [FML]:   Registry: 44 minecraft:tnt net.minecraft.item.crafting.ShapedRecipes@362a6aa5
[21:58:19] [Server thread/TRACE] [FML]:   Registry: 45 minecraft:sugar net.minecraft.item.crafting.ShapedRecipes@ff4b223
[21:58:19] [Server thread/TRACE] [FML]:   Registry: 46 minecraft:string_to_wool net.minecraft.item.crafting.ShapedRecipes@42b4df5a
[21:58:19] [Server thread/TRACE] [FML]:   Registry: 47 minecraft:stonebrick net.minecraft.item.crafting.ShapedRecipes@52f43225
[21:58:19] [Server thread/TRACE] [FML]:   Registry: 48 minecraft:stone_sword net.minecraft.item.crafting.ShapedRecipes@63326a3a
[21:58:19] [Server thread/TRACE] [FML]:   Registry: 49 minecraft:stone_stairs net.minecraft.item.crafting.ShapedRecipes@e72fb04
[21:58:19] [Server thread/TRACE] [FML]:   Registry: 50 minecraft:stone_slab net.minecraft.item.crafting.ShapedRecipes@2d5ae78e
[21:58:19] [Server thread/TRACE] [FML]:   Registry: 51 minecraft:stone_shovel net.minecraft.item.crafting.ShapedRecipes@269c7104
[21:58:19] [Server thread/TRACE] [FML]:   Registry: 52 minecraft:stone_pressure_plate net.minecraft.item.crafting.ShapedRecipes@350567f1
[21:58:19] [Server thread/TRACE] [FML]:   Registry: 53 minecraft:stone_pickaxe net.minecraft.item.crafting.ShapedRecipes@28b5662d
[21:58:19] [Server thread/TRACE] [FML]:   Registry: 54 minecraft:stone_hoe net.minecraft.item.crafting.ShapedRecipes@2d4e99de
[21:58:19] [Server thread/TRACE] [FML]:   Registry: 55 minecraft:stone_button net.minecraft.item.crafting.ShapedRecipes@63bca84d
[21:58:19] [Server thread/TRACE] [FML]:   Registry: 56 minecraft:stone_brick_stairs net.minecraft.item.crafting.ShapedRecipes@79d49790
[21:58:19] [Server thread/TRACE] [FML]:   Registry: 57 minecraft:stone_brick_slab net.minecraft.item.crafting.ShapedRecipes@5fe5c68b
[21:58:19] [Server thread/TRACE] [FML]:   Registry: 58 minecraft:stone_axe net.minecraft.item.crafting.ShapedRecipes@38dbeb39
[21:58:19] [Server thread/TRACE] [FML]:   Registry: 59 minecraft:sticky_piston net.minecraft.item.crafting.ShapedRecipes@419f0ea
[21:58:19] [Server thread/TRACE] [FML]:   Registry: 60 minecraft:stick net.minecraft.item.crafting.ShapedRecipes@3c544c9
[21:58:19] [Server thread/TRACE] [FML]:   Registry: 61 minecraft:spruce_wooden_slab net.minecraft.item.crafting.ShapedRecipes@213012a0
[21:58:19] [Server thread/TRACE] [FML]:   Registry: 62 minecraft:spruce_stairs net.minecraft.item.crafting.ShapedRecipes@126a9a3d
[21:58:19] [Server thread/TRACE] [FML]:   Registry: 63 minecraft:spruce_planks net.minecraft.item.crafting.ShapedRecipes@51a719e7
[21:58:19] [Server thread/TRACE] [FML]:   Registry: 64 minecraft:spruce_fence_gate net.minecraft.item.crafting.ShapedRecipes@152e7703
[21:58:19] [Server thread/TRACE] [FML]:   Registry: 65 minecraft:spruce_fence net.minecraft.item.crafting.ShapedRecipes@38929da
[21:58:19] [Server thread/TRACE] [FML]:   Registry: 66 minecraft:spruce_door net.minecraft.item.crafting.ShapedRecipes@42f9873e
[21:58:19] [Server thread/TRACE] [FML]:   Registry: 67 minecraft:spruce_boat net.minecraft.item.crafting.ShapedRecipes@7ab1ad9
[21:58:19] [Server thread/TRACE] [FML]:   Registry: 68 minecraft:spectral_arrow net.minecraft.item.crafting.ShapedRecipes@95cecc5
[21:58:19] [Server thread/TRACE] [FML]:   Registry: 69 minecraft:speckled_melon net.minecraft.item.crafting.ShapedRecipes@39a3984c
[21:58:19] [Server thread/TRACE] [FML]:   Registry: 70 minecraft:snow_layer net.minecraft.item.crafting.ShapedRecipes@686b1e2d
[21:58:19] [Server thread/TRACE] [FML]:   Registry: 71 minecraft:snow net.minecraft.item.crafting.ShapedRecipes@652b3733
[21:58:19] [Server thread/TRACE] [FML]:   Registry: 72 minecraft:smooth_sandstone net.minecraft.item.crafting.ShapedRecipes@b32e983
[21:58:19] [Server thread/TRACE] [FML]:   Registry: 73 minecraft:smooth_red_sandstone net.minecraft.item.crafting.ShapedRecipes@5be7b749
[21:58:19] [Server thread/TRACE] [FML]:   Registry: 74 minecraft:slime_ball net.minecraft.item.crafting.ShapedRecipes@269308cc
[21:58:19] [Server thread/TRACE] [FML]:   Registry: 75 minecraft:slime net.minecraft.item.crafting.ShapedRecipes@2c0dca15
[21:58:19] [Server thread/TRACE] [FML]:   Registry: 76 minecraft:sign net.minecraft.item.crafting.ShapedRecipes@312f3050
[21:58:19] [Server thread/TRACE] [FML]:   Registry: 77 minecraft:shield net.minecraft.item.crafting.ShapedRecipes@2ecdf528
[21:58:19] [Server thread/TRACE] [FML]:   Registry: 78 minecraft:shears net.minecraft.item.crafting.ShapedRecipes@76db9048
[21:58:19] [Server thread/TRACE] [FML]:   Registry: 79 minecraft:sea_lantern net.minecraft.item.crafting.ShapedRecipes@11228bee
[21:58:19] [Server thread/TRACE] [FML]:   Registry: 80 minecraft:sandstone_stairs net.minecraft.item.crafting.ShapedRecipes@349f3ff7
[21:58:19] [Server thread/TRACE] [FML]:   Registry: 81 minecraft:sandstone_slab net.minecraft.item.crafting.ShapedRecipes@7da77305
[21:58:19] [Server thread/TRACE] [FML]:   Registry: 82 minecraft:sandstone net.minecraft.item.crafting.ShapedRecipes@581918f6
[21:58:19] [Server thread/TRACE] [FML]:   Registry: 83 minecraft:repeater net.minecraft.item.crafting.ShapedRecipes@20a47036
[21:58:19] [Server thread/TRACE] [FML]:   Registry: 84 minecraft:redstone_torch net.minecraft.item.crafting.ShapedRecipes@46894dc5
[21:58:19] [Server thread/TRACE] [FML]:   Registry: 85 minecraft:redstone_lamp net.minecraft.item.crafting.ShapedRecipes@6f240187
[21:58:19] [Server thread/TRACE] [FML]:   Registry: 86 minecraft:redstone_block net.minecraft.item.crafting.ShapedRecipes@598778cc
[21:58:19] [Server thread/TRACE] [FML]:   Registry: 87 minecraft:redstone net.minecraft.item.crafting.ShapedRecipes@57f2e67
[21:58:19] [Server thread/TRACE] [FML]:   Registry: 88 minecraft:red_wool net.minecraft.item.crafting.ShapelessRecipes@26f5e45d
[21:58:19] [Server thread/TRACE] [FML]:   Registry: 89 minecraft:red_stained_hardened_clay net.minecraft.item.crafting.ShapedRecipes@14df5253
[21:58:19] [Server thread/TRACE] [FML]:   Registry: 90 minecraft:red_stained_glass_pane net.minecraft.item.crafting.ShapedRecipes@710afd47
[21:58:19] [Server thread/TRACE] [FML]:   Registry: 91 minecraft:red_stained_glass net.minecraft.item.crafting.ShapedRecipes@604f376a
[21:58:19] [Server thread/TRACE] [FML]:   Registry: 92 minecraft:red_sandstone_stairs net.minecraft.item.crafting.ShapedRecipes@5a90fcaa
[21:58:19] [Server thread/TRACE] [FML]:   Registry: 93 minecraft:red_sandstone_slab net.minecraft.item.crafting.ShapedRecipes@47797401
[21:58:19] [Server thread/TRACE] [FML]:   Registry: 94 minecraft:red_sandstone net.minecraft.item.crafting.ShapedRecipes@b77b0a0
[21:58:19] [Server thread/TRACE] [FML]:   Registry: 95 minecraft:red_nether_brick net.minecraft.item.crafting.ShapedRecipes@5d96d434
[21:58:19] [Server thread/TRACE] [FML]:   Registry: 96 minecraft:red_dye_from_tulip net.minecraft.item.crafting.ShapelessRecipes@780129bc
[21:58:19] [Server thread/TRACE] [FML]:   Registry: 97 minecraft:red_dye_from_rose_bush net.minecraft.item.crafting.ShapelessRecipes@4d825dbe
[21:58:19] [Server thread/TRACE] [FML]:   Registry: 98 minecraft:red_dye_from_poppy net.minecraft.item.crafting.ShapelessRecipes@3cb195dd
[21:58:19] [Server thread/TRACE] [FML]:   Registry: 99 minecraft:red_dye_from_beetroot net.minecraft.item.crafting.ShapelessRecipes@24615687
[21:58:19] [Server thread/TRACE] [FML]:   Registry: 100 minecraft:red_concrete_powder net.minecraft.item.crafting.ShapelessRecipes@7d90644f
[21:58:19] [Server thread/TRACE] [FML]:   Registry: 101 minecraft:red_carpet net.minecraft.item.crafting.ShapedRecipes@6cc8adff
[21:58:19] [Server thread/TRACE] [FML]:   Registry: 102 minecraft:red_bed_from_white_bed net.minecraft.item.crafting.ShapelessRecipes@2c668c2a
[21:58:19] [Server thread/TRACE] [FML]:   Registry: 103 minecraft:red_bed net.minecraft.item.crafting.ShapedRecipes@2e159116
[21:58:19] [Server thread/TRACE] [FML]:   Registry: 104 minecraft:red_banner net.minecraft.item.crafting.ShapedRecipes@1de08775
[21:58:19] [Server thread/TRACE] [FML]:   Registry: 105 minecraft:rail net.minecraft.item.crafting.ShapedRecipes@39e3ea78
[21:58:19] [Server thread/TRACE] [FML]:   Registry: 106 minecraft:rabbit_stew_from_red_mushroom net.minecraft.item.crafting.ShapedRecipes@7b3feb26
[21:58:19] [Server thread/TRACE] [FML]:   Registry: 107 minecraft:rabbit_stew_from_brown_mushroom net.minecraft.item.crafting.ShapedRecipes@273293c8
[21:58:19] [Server thread/TRACE] [FML]:   Registry: 108 minecraft:quartz_stairs net.minecraft.item.crafting.ShapedRecipes@333e5fb6
[21:58:19] [Server thread/TRACE] [FML]:   Registry: 109 minecraft:quartz_slab net.minecraft.item.crafting.ShapedRecipes@69069866
[21:58:19] [Server thread/TRACE] [FML]:   Registry: 110 minecraft:quartz_block net.minecraft.item.crafting.ShapedRecipes@3451fc88
[21:58:19] [Server thread/TRACE] [FML]:   Registry: 111 minecraft:purpur_stairs net.minecraft.item.crafting.ShapedRecipes@2e40fdbd
[21:58:19] [Server thread/TRACE] [FML]:   Registry: 112 minecraft:purpur_slab net.minecraft.item.crafting.ShapedRecipes@527d48db
[21:58:19] [Server thread/TRACE] [FML]:   Registry: 113 minecraft:purpur_pillar net.minecraft.item.crafting.ShapedRecipes@2f038d3c
[21:58:19] [Server thread/TRACE] [FML]:   Registry: 114 minecraft:purpur_block net.minecraft.item.crafting.ShapedRecipes@1c43df76
[21:58:19] [Server thread/TRACE] [FML]:   Registry: 115 minecraft:purple_wool net.minecraft.item.crafting.ShapelessRecipes@14dbfdb1
[21:58:19] [Server thread/TRACE] [FML]:   Registry: 116 minecraft:purple_stained_hardened_clay net.minecraft.item.crafting.ShapedRecipes@284c4f02
[21:58:19] [Server thread/TRACE] [FML]:   Registry: 117 minecraft:purple_stained_glass_pane net.minecraft.item.crafting.ShapedRecipes@1b8d20e6
[21:58:19] [Server thread/TRACE] [FML]:   Registry: 118 minecraft:purple_stained_glass net.minecraft.item.crafting.ShapedRecipes@1a4930cf
[21:58:19] [Server thread/TRACE] [FML]:   Registry: 119 minecraft:purple_shulker_box net.minecraft.item.crafting.ShapedRecipes@7c956dda
[21:58:19] [Server thread/TRACE] [FML]:   Registry: 120 minecraft:purple_dye net.minecraft.item.crafting.ShapelessRecipes@448086ab
[21:58:19] [Server thread/TRACE] [FML]:   Registry: 121 minecraft:purple_concrete_powder net.minecraft.item.crafting.ShapelessRecipes@238ad211
[21:58:19] [Server thread/TRACE] [FML]:   Registry: 122 minecraft:purple_carpet net.minecraft.item.crafting.ShapedRecipes@279c4e3b
[21:58:19] [Server thread/TRACE] [FML]:   Registry: 123 minecraft:purple_bed_from_white_bed net.minecraft.item.crafting.ShapelessRecipes@3caf5c96
[21:58:19] [Server thread/TRACE] [FML]:   Registry: 124 minecraft:purple_bed net.minecraft.item.crafting.ShapedRecipes@7aa3857b
[21:58:19] [Server thread/TRACE] [FML]:   Registry: 125 minecraft:purple_banner net.minecraft.item.crafting.ShapedRecipes@3b33fff9
[21:58:19] [Server thread/TRACE] [FML]:   Registry: 126 minecraft:pumpkin_seeds net.minecraft.item.crafting.ShapedRecipes@3b9c9b8b
[21:58:19] [Server thread/TRACE] [FML]:   Registry: 127 minecraft:pumpkin_pie net.minecraft.item.crafting.ShapelessRecipes@7e1a9173
[21:58:19] [Server thread/TRACE] [FML]:   Registry: 128 minecraft:prismarine_bricks net.minecraft.item.crafting.ShapedRecipes@315cf170
[21:58:19] [Server thread/TRACE] [FML]:   Registry: 129 minecraft:prismarine net.minecraft.item.crafting.ShapedRecipes@53e28097
[21:58:19] [Server thread/TRACE] [FML]:   Registry: 130 minecraft:polished_granite net.minecraft.item.crafting.ShapedRecipes@2e1ba142
[21:58:19] [Server thread/TRACE] [FML]:   Registry: 131 minecraft:polished_diorite net.minecraft.item.crafting.ShapedRecipes@102af1bb
[21:58:19] [Server thread/TRACE] [FML]:   Registry: 132 minecraft:polished_andesite net.minecraft.item.crafting.ShapedRecipes@302da330
[21:58:19] [Server thread/TRACE] [FML]:   Registry: 133 minecraft:piston net.minecraft.item.crafting.ShapedRecipes@6f68756d
[21:58:19] [Server thread/TRACE] [FML]:   Registry: 134 minecraft:pink_wool net.minecraft.item.crafting.ShapelessRecipes@7ffcb232
[21:58:19] [Server thread/TRACE] [FML]:   Registry: 135 minecraft:pink_stained_hardened_clay net.minecraft.item.crafting.ShapedRecipes@571d0925
[21:58:19] [Server thread/TRACE] [FML]:   Registry: 136 minecraft:pink_stained_glass_pane net.minecraft.item.crafting.ShapedRecipes@4b09d1c3
[21:58:19] [Server thread/TRACE] [FML]:   Registry: 137 minecraft:pink_stained_glass net.minecraft.item.crafting.ShapedRecipes@165aa43a
[21:58:19] [Server thread/TRACE] [FML]:   Registry: 138 minecraft:pink_dye_from_red_bonemeal net.minecraft.item.crafting.ShapelessRecipes@38667005
[21:58:19] [Server thread/TRACE] [FML]:   Registry: 139 minecraft:pink_dye_from_pink_tulip net.minecraft.item.crafting.ShapelessRecipes@76ffc17c
[21:58:19] [Server thread/TRACE] [FML]:   Registry: 140 minecraft:pink_dye_from_peony net.minecraft.item.crafting.ShapelessRecipes@40538370
[21:58:19] [Server thread/TRACE] [FML]:   Registry: 141 minecraft:pink_concrete_powder net.minecraft.item.crafting.ShapelessRecipes@dc8b2ff
[21:58:19] [Server thread/TRACE] [FML]:   Registry: 142 minecraft:pink_carpet net.minecraft.item.crafting.ShapedRecipes@5b1ff8cd
[21:58:19] [Server thread/TRACE] [FML]:   Registry: 143 minecraft:pink_bed_from_white_bed net.minecraft.item.crafting.ShapelessRecipes@10a0d93a
[21:58:19] [Server thread/TRACE] [FML]:   Registry: 144 minecraft:pink_bed net.minecraft.item.crafting.ShapedRecipes@3a4f8e8a
[21:58:19] [Server thread/TRACE] [FML]:   Registry: 145 minecraft:pink_banner net.minecraft.item.crafting.ShapedRecipes@6c519e47
[21:58:19] [Server thread/TRACE] [FML]:   Registry: 146 minecraft:pillar_quartz_block net.minecraft.item.crafting.ShapedRecipes@7573c7b5
[21:58:19] [Server thread/TRACE] [FML]:   Registry: 147 minecraft:paper net.minecraft.item.crafting.ShapedRecipes@97b5e6a
[21:58:19] [Server thread/TRACE] [FML]:   Registry: 148 minecraft:painting net.minecraft.item.crafting.ShapedRecipes@2df71be0
[21:58:19] [Server thread/TRACE] [FML]:   Registry: 149 minecraft:orange_wool net.minecraft.item.crafting.ShapelessRecipes@3a54638b
[21:58:19] [Server thread/TRACE] [FML]:   Registry: 150 minecraft:orange_stained_hardened_clay net.minecraft.item.crafting.ShapedRecipes@1c7843c3
[21:58:19] [Server thread/TRACE] [FML]:   Registry: 151 minecraft:orange_stained_glass_pane net.minecraft.item.crafting.ShapedRecipes@1dbff71c
[21:58:19] [Server thread/TRACE] [FML]:   Registry: 152 minecraft:orange_stained_glass net.minecraft.item.crafting.ShapedRecipes@7cdc4070
[21:58:19] [Server thread/TRACE] [FML]:   Registry: 153 minecraft:orange_dye_from_red_yellow net.minecraft.item.crafting.ShapelessRecipes@29c25bbc
[21:58:19] [Server thread/TRACE] [FML]:   Registry: 154 minecraft:orange_dye_from_orange_tulip net.minecraft.item.crafting.ShapelessRecipes@1de12397
[21:58:19] [Server thread/TRACE] [FML]:   Registry: 155 minecraft:orange_concrete_powder net.minecraft.item.crafting.ShapelessRecipes@655909e2
[21:58:19] [Server thread/TRACE] [FML]:   Registry: 156 minecraft:orange_carpet net.minecraft.item.crafting.ShapedRecipes@7b3c2ae0
[21:58:19] [Server thread/TRACE] [FML]:   Registry: 157 minecraft:orange_bed_from_white_bed net.minecraft.item.crafting.ShapelessRecipes@32f308c6
[21:58:19] [Server thread/TRACE] [FML]:   Registry: 158 minecraft:orange_bed net.minecraft.item.crafting.ShapedRecipes@6630dd28
[21:58:19] [Server thread/TRACE] [FML]:   Registry: 159 minecraft:orange_banner net.minecraft.item.crafting.ShapedRecipes@7b3085a3
[21:58:19] [Server thread/TRACE] [FML]:   Registry: 160 minecraft:observer net.minecraft.item.crafting.ShapedRecipes@5d5574c7
[21:58:19] [Server thread/TRACE] [FML]:   Registry: 161 minecraft:oak_wooden_slab net.minecraft.item.crafting.ShapedRecipes@6533629
[21:58:19] [Server thread/TRACE] [FML]:   Registry: 162 minecraft:oak_stairs net.minecraft.item.crafting.ShapedRecipes@5ae66c98
[21:58:19] [Server thread/TRACE] [FML]:   Registry: 163 minecraft:oak_planks net.minecraft.item.crafting.ShapedRecipes@4ab455e2
[21:58:19] [Server thread/TRACE] [FML]:   Registry: 164 minecraft:noteblock net.minecraft.item.crafting.ShapedRecipes@5ddb302
[21:58:19] [Server thread/TRACE] [FML]:   Registry: 165 minecraft:nether_wart_block net.minecraft.item.crafting.ShapedRecipes@51813065
[21:58:19] [Server thread/TRACE] [FML]:   Registry: 166 minecraft:nether_brick_stairs net.minecraft.item.crafting.ShapedRecipes@92e2c93
[21:58:19] [Server thread/TRACE] [FML]:   Registry: 167 minecraft:nether_brick_slab net.minecraft.item.crafting.ShapedRecipes@42401b81
[21:58:19] [Server thread/TRACE] [FML]:   Registry: 168 minecraft:nether_brick_fence net.minecraft.item.crafting.ShapedRecipes@28f90752
[21:58:19] [Server thread/TRACE] [FML]:   Registry: 169 minecraft:nether_brick net.minecraft.item.crafting.ShapedRecipes@44ddb518
[21:58:19] [Server thread/TRACE] [FML]:   Registry: 170 minecraft:mushroom_stew net.minecraft.item.crafting.ShapelessRecipes@67a6a2d0
[21:58:19] [Server thread/TRACE] [FML]:   Registry: 171 minecraft:mossy_stonebrick net.minecraft.item.crafting.ShapelessRecipes@793d09e
[21:58:19] [Server thread/TRACE] [FML]:   Registry: 172 minecraft:mossy_cobblestone_wall net.minecraft.item.crafting.ShapedRecipes@592cb470
[21:58:19] [Server thread/TRACE] [FML]:   Registry: 173 minecraft:mossy_cobblestone net.minecraft.item.crafting.ShapelessRecipes@15d79b70
[21:58:19] [Server thread/TRACE] [FML]:   Registry: 174 minecraft:minecart net.minecraft.item.crafting.ShapedRecipes@b8b2184
[21:58:19] [Server thread/TRACE] [FML]:   Registry: 175 minecraft:melon_seeds net.minecraft.item.crafting.ShapedRecipes@d7055be
[21:58:19] [Server thread/TRACE] [FML]:   Registry: 176 minecraft:melon_block net.minecraft.item.crafting.ShapedRecipes@6c66ddab
[21:58:19] [Server thread/TRACE] [FML]:   Registry: 177 minecraft:map net.minecraft.item.crafting.ShapedRecipes@43423d40
[21:58:19] [Server thread/TRACE] [FML]:   Registry: 178 minecraft:magma_cream net.minecraft.item.crafting.ShapelessRecipes@7a117dc2
[21:58:19] [Server thread/TRACE] [FML]:   Registry: 179 minecraft:magma net.minecraft.item.crafting.ShapedRecipes@6a902015
[21:58:19] [Server thread/TRACE] [FML]:   Registry: 180 minecraft:magenta_wool net.minecraft.item.crafting.ShapelessRecipes@4eb1943b
[21:58:19] [Server thread/TRACE] [FML]:   Registry: 181 minecraft:magenta_stained_hardened_clay net.minecraft.item.crafting.ShapedRecipes@30c8c6ab
[21:58:19] [Server thread/TRACE] [FML]:   Registry: 182 minecraft:magenta_stained_glass_pane net.minecraft.item.crafting.ShapedRecipes@2dd8a273
[21:58:19] [Server thread/TRACE] [FML]:   Registry: 183 minecraft:magenta_stained_glass net.minecraft.item.crafting.ShapedRecipes@19ec5357
[21:58:19] [Server thread/TRACE] [FML]:   Registry: 184 minecraft:magenta_dye_from_purple_and_pink net.minecraft.item.crafting.ShapelessRecipes@60844992
[21:58:19] [Server thread/TRACE] [FML]:   Registry: 185 minecraft:magenta_dye_from_lilac net.minecraft.item.crafting.ShapelessRecipes@7bdb4f17
[21:58:19] [Server thread/TRACE] [FML]:   Registry: 186 minecraft:magenta_dye_from_lapis_red_pink net.minecraft.item.crafting.ShapelessRecipes@106459d9
[21:58:19] [Server thread/TRACE] [FML]:   Registry: 187 minecraft:magenta_dye_from_lapis_ink_bonemeal net.minecraft.item.crafting.ShapelessRecipes@2b4829aa
[21:58:19] [Server thread/TRACE] [FML]:   Registry: 188 minecraft:magenta_dye_from_allium net.minecraft.item.crafting.ShapelessRecipes@1a01ffff
[21:58:19] [Server thread/TRACE] [FML]:   Registry: 189 minecraft:magenta_concrete_powder net.minecraft.item.crafting.ShapelessRecipes@2bb3f39e
[21:58:19] [Server thread/TRACE] [FML]:   Registry: 190 minecraft:magenta_carpet net.minecraft.item.crafting.ShapedRecipes@11c3ce6a
[21:58:19] [Server thread/TRACE] [FML]:   Registry: 191 minecraft:magenta_bed_from_white_bed net.minecraft.item.crafting.ShapelessRecipes@dbc7e0a
[21:58:19] [Server thread/TRACE] [FML]:   Registry: 192 minecraft:magenta_bed net.minecraft.item.crafting.ShapedRecipes@66a472b9
[21:58:19] [Server thread/TRACE] [FML]:   Registry: 193 minecraft:magenta_banner net.minecraft.item.crafting.ShapedRecipes@4d065e1a
[21:58:19] [Server thread/TRACE] [FML]:   Registry: 194 minecraft:lit_pumpkin net.minecraft.item.crafting.ShapedRecipes@7ba1cdbe
[21:58:19] [Server thread/TRACE] [FML]:   Registry: 195 minecraft:lime_wool net.minecraft.item.crafting.ShapelessRecipes@6febec41
[21:58:19] [Server thread/TRACE] [FML]:   Registry: 196 minecraft:lime_stained_hardened_clay net.minecraft.item.crafting.ShapedRecipes@4ec8d9b2
[21:58:19] [Server thread/TRACE] [FML]:   Registry: 197 minecraft:lime_stained_glass_pane net.minecraft.item.crafting.ShapedRecipes@2493eec6
[21:58:19] [Server thread/TRACE] [FML]:   Registry: 198 minecraft:lime_stained_glass net.minecraft.item.crafting.ShapedRecipes@65d90b7f
[21:58:19] [Server thread/TRACE] [FML]:   Registry: 199 minecraft:lime_dye net.minecraft.item.crafting.ShapelessRecipes@7742a276
[21:58:19] [Server thread/TRACE] [FML]:   Registry: 200 minecraft:lime_concrete_powder net.minecraft.item.crafting.ShapelessRecipes@3cb04dd
[21:58:19] [Server thread/TRACE] [FML]:   Registry: 201 minecraft:lime_carpet net.minecraft.item.crafting.ShapedRecipes@342723a3
[21:58:19] [Server thread/TRACE] [FML]:   Registry: 202 minecraft:lime_bed_from_white_bed net.minecraft.item.crafting.ShapelessRecipes@4c8d45cf
[21:58:19] [Server thread/TRACE] [FML]:   Registry: 203 minecraft:lime_bed net.minecraft.item.crafting.ShapedRecipes@61b8c9de
[21:58:19] [Server thread/TRACE] [FML]:   Registry: 204 minecraft:lime_banner net.minecraft.item.crafting.ShapedRecipes@b808af5
[21:58:19] [Server thread/TRACE] [FML]:   Registry: 205 minecraft:light_weighted_pressure_plate net.minecraft.item.crafting.ShapedRecipes@3eee08f5
[21:58:19] [Server thread/TRACE] [FML]:   Registry: 206 minecraft:light_gray_wool net.minecraft.item.crafting.ShapelessRecipes@290c266c
[21:58:19] [Server thread/TRACE] [FML]:   Registry: 207 minecraft:light_gray_stained_hardened_clay net.minecraft.item.crafting.ShapedRecipes@2570b316
[21:58:19] [Server thread/TRACE] [FML]:   Registry: 208 minecraft:light_gray_stained_glass_pane net.minecraft.item.crafting.ShapedRecipes@58ebee9
[21:58:19] [Server thread/TRACE] [FML]:   Registry: 209 minecraft:light_gray_stained_glass net.minecraft.item.crafting.ShapedRecipes@6be50b35
[21:58:19] [Server thread/TRACE] [FML]:   Registry: 210 minecraft:light_gray_dye_from_white_tulip net.minecraft.item.crafting.ShapelessRecipes@73385d3f
[21:58:19] [Server thread/TRACE] [FML]:   Registry: 211 minecraft:light_gray_dye_from_oxeye_daisy net.minecraft.item.crafting.ShapelessRecipes@4449a60b
[21:58:19] [Server thread/TRACE] [FML]:   Registry: 212 minecraft:light_gray_dye_from_ink_bonemeal net.minecraft.item.crafting.ShapelessRecipes@7df3da0b
[21:58:19] [Server thread/TRACE] [FML]:   Registry: 213 minecraft:light_gray_dye_from_gray_bonemeal net.minecraft.item.crafting.ShapelessRecipes@6480a063
[21:58:19] [Server thread/TRACE] [FML]:   Registry: 214 minecraft:light_gray_dye_from_azure_bluet net.minecraft.item.crafting.ShapelessRecipes@288409f0
[21:58:19] [Server thread/TRACE] [FML]:   Registry: 215 minecraft:light_gray_concrete_powder net.minecraft.item.crafting.ShapelessRecipes@1d806de6
[21:58:19] [Server thread/TRACE] [FML]:   Registry: 216 minecraft:light_gray_carpet net.minecraft.item.crafting.ShapedRecipes@3514ac7d
[21:58:19] [Server thread/TRACE] [FML]:   Registry: 217 minecraft:light_gray_bed_from_white_bed net.minecraft.item.crafting.ShapelessRecipes@5b5b53c6
[21:58:19] [Server thread/TRACE] [FML]:   Registry: 218 minecraft:light_gray_bed net.minecraft.item.crafting.ShapedRecipes@2e7a9db7
[21:58:19] [Server thread/TRACE] [FML]:   Registry: 219 minecraft:light_gray_banner net.minecraft.item.crafting.ShapedRecipes@54234569
[21:58:19] [Server thread/TRACE] [FML]:   Registry: 220 minecraft:light_blue_wool net.minecraft.item.crafting.ShapelessRecipes@9147ba2
[21:58:19] [Server thread/TRACE] [FML]:   Registry: 221 minecraft:light_blue_stained_hardened_clay net.minecraft.item.crafting.ShapedRecipes@53525379
[21:58:19] [Server thread/TRACE] [FML]:   Registry: 222 minecraft:light_blue_stained_glass_pane net.minecraft.item.crafting.ShapedRecipes@6de33fde
[21:58:19] [Server thread/TRACE] [FML]:   Registry: 223 minecraft:light_blue_stained_glass net.minecraft.item.crafting.ShapedRecipes@2a16d4dc
[21:58:19] [Server thread/TRACE] [FML]:   Registry: 224 minecraft:light_blue_dye_from_lapis_bonemeal net.minecraft.item.crafting.ShapelessRecipes@241d1052
[21:58:19] [Server thread/TRACE] [FML]:   Registry: 225 minecraft:light_blue_dye_from_blue_orchid net.minecraft.item.crafting.ShapelessRecipes@4fd37449
[21:58:19] [Server thread/TRACE] [FML]:   Registry: 226 minecraft:light_blue_concrete_powder net.minecraft.item.crafting.ShapelessRecipes@5950054d
[21:58:19] [Server thread/TRACE] [FML]:   Registry: 227 minecraft:light_blue_carpet net.minecraft.item.crafting.ShapedRecipes@64665781
[21:58:19] [Server thread/TRACE] [FML]:   Registry: 228 minecraft:light_blue_bed_from_white_bed net.minecraft.item.crafting.ShapelessRecipes@430d3021
[21:58:19] [Server thread/TRACE] [FML]:   Registry: 229 minecraft:light_blue_bed net.minecraft.item.crafting.ShapedRecipes@cf984d9
[21:58:19] [Server thread/TRACE] [FML]:   Registry: 230 minecraft:light_blue_banner net.minecraft.item.crafting.ShapedRecipes@13ee97af
[21:58:19] [Server thread/TRACE] [FML]:   Registry: 231 minecraft:lever net.minecraft.item.crafting.ShapedRecipes@53ba25ff
[21:58:19] [Server thread/TRACE] [FML]:   Registry: 232 minecraft:leather_leggings net.minecraft.item.crafting.ShapedRecipes@4152bd0f
[21:58:19] [Server thread/TRACE] [FML]:   Registry: 233 minecraft:leather_helmet net.minecraft.item.crafting.ShapedRecipes@36665c11
[21:58:19] [Server thread/TRACE] [FML]:   Registry: 234 minecraft:leather_chestplate net.minecraft.item.crafting.ShapedRecipes@1da5c19d
[21:58:19] [Server thread/TRACE] [FML]:   Registry: 235 minecraft:leather_boots net.minecraft.item.crafting.ShapedRecipes@16fc5622
[21:58:19] [Server thread/TRACE] [FML]:   Registry: 236 minecraft:leather net.minecraft.item.crafting.ShapedRecipes@edbc2bf
[21:58:19] [Server thread/TRACE] [FML]:   Registry: 237 minecraft:lead net.minecraft.item.crafting.ShapedRecipes@6bf0f70a
[21:58:19] [Server thread/TRACE] [FML]:   Registry: 238 minecraft:lapis_lazuli net.minecraft.item.crafting.ShapedRecipes@1827fc4e
[21:58:19] [Server thread/TRACE] [FML]:   Registry: 239 minecraft:lapis_block net.minecraft.item.crafting.ShapedRecipes@644947ee
[21:58:19] [Server thread/TRACE] [FML]:   Registry: 240 minecraft:ladder net.minecraft.item.crafting.ShapedRecipes@4491eaeb
[21:58:19] [Server thread/TRACE] [FML]:   Registry: 241 minecraft:jungle_wooden_slab net.minecraft.item.crafting.ShapedRecipes@336d28a1
[21:58:19] [Server thread/TRACE] [FML]:   Registry: 242 minecraft:jungle_stairs net.minecraft.item.crafting.ShapedRecipes@62158991
[21:58:19] [Server thread/TRACE] [FML]:   Registry: 243 minecraft:jungle_planks net.minecraft.item.crafting.ShapedRecipes@5891b7c5
[21:58:19] [Server thread/TRACE] [FML]:   Registry: 244 minecraft:jungle_fence_gate net.minecraft.item.crafting.ShapedRecipes@2965dd88
[21:58:19] [Server thread/TRACE] [FML]:   Registry: 245 minecraft:jungle_fence net.minecraft.item.crafting.ShapedRecipes@d13379e
[21:58:19] [Server thread/TRACE] [FML]:   Registry: 246 minecraft:jungle_door net.minecraft.item.crafting.ShapedRecipes@1f5d7fd5
[21:58:19] [Server thread/TRACE] [FML]:   Registry: 247 minecraft:jungle_boat net.minecraft.item.crafting.ShapedRecipes@78f5cbc5
[21:58:19] [Server thread/TRACE] [FML]:   Registry: 248 minecraft:jukebox net.minecraft.item.crafting.ShapedRecipes@70ee1963
[21:58:19] [Server thread/TRACE] [FML]:   Registry: 249 minecraft:item_frame net.minecraft.item.crafting.ShapedRecipes@eb1d475
[21:58:19] [Server thread/TRACE] [FML]:   Registry: 250 minecraft:iron_trapdoor net.minecraft.item.crafting.ShapedRecipes@11bfd751
[21:58:19] [Server thread/TRACE] [FML]:   Registry: 251 minecraft:iron_sword net.minecraft.item.crafting.ShapedRecipes@17df689e
[21:58:19] [Server thread/TRACE] [FML]:   Registry: 252 minecraft:iron_shovel net.minecraft.item.crafting.ShapedRecipes@713e7d9a
[21:58:19] [Server thread/TRACE] [FML]:   Registry: 253 minecraft:iron_pickaxe net.minecraft.item.crafting.ShapedRecipes@3d764641
[21:58:19] [Server thread/TRACE] [FML]:   Registry: 254 minecraft:iron_nugget net.minecraft.item.crafting.ShapedRecipes@10d4b573
[21:58:19] [Server thread/TRACE] [FML]:   Registry: 255 minecraft:iron_leggings net.minecraft.item.crafting.ShapedRecipes@2b6fcca1
[21:58:19] [Server thread/TRACE] [FML]:   Registry: 256 minecraft:iron_ingot_from_nuggets net.minecraft.item.crafting.ShapedRecipes@4392362c
[21:58:19] [Server thread/TRACE] [FML]:   Registry: 257 minecraft:iron_ingot_from_block net.minecraft.item.crafting.ShapedRecipes@2328ec73
[21:58:19] [Server thread/TRACE] [FML]:   Registry: 258 minecraft:iron_hoe net.minecraft.item.crafting.ShapedRecipes@18cbc3c2
[21:58:19] [Server thread/TRACE] [FML]:   Registry: 259 minecraft:iron_helmet net.minecraft.item.crafting.ShapedRecipes@404009df
[21:58:19] [Server thread/TRACE] [FML]:   Registry: 260 minecraft:iron_door net.minecraft.item.crafting.ShapedRecipes@25216999
[21:58:19] [Server thread/TRACE] [FML]:   Registry: 261 minecraft:iron_chestplate net.minecraft.item.crafting.ShapedRecipes@6b7c4734
[21:58:19] [Server thread/TRACE] [FML]:   Registry: 262 minecraft:iron_boots net.minecraft.item.crafting.ShapedRecipes@8d810f2
[21:58:19] [Server thread/TRACE] [FML]:   Registry: 263 minecraft:iron_block net.minecraft.item.crafting.ShapedRecipes@79e2606f
[21:58:19] [Server thread/TRACE] [FML]:   Registry: 264 minecraft:iron_bars net.minecraft.item.crafting.ShapedRecipes@3ca278bc
[21:58:19] [Server thread/TRACE] [FML]:   Registry: 265 minecraft:iron_axe net.minecraft.item.crafting.ShapedRecipes@47b4ac83
[21:58:19] [Server thread/TRACE] [FML]:   Registry: 266 minecraft:hopper_minecart net.minecraft.item.crafting.ShapedRecipes@7c69e1e1
[21:58:19] [Server thread/TRACE] [FML]:   Registry: 267 minecraft:hopper net.minecraft.item.crafting.ShapedRecipes@5788722f
[21:58:19] [Server thread/TRACE] [FML]:   Registry: 268 minecraft:heavy_weighted_pressure_plate net.minecraft.item.crafting.ShapedRecipes@71468613
[21:58:19] [Server thread/TRACE] [FML]:   Registry: 269 minecraft:hay_block net.minecraft.item.crafting.ShapedRecipes@287ad0da
[21:58:19] [Server thread/TRACE] [FML]:   Registry: 270 minecraft:green_wool net.minecraft.item.crafting.ShapelessRecipes@7fcc3745
[21:58:19] [Server thread/TRACE] [FML]:   Registry: 271 minecraft:green_stained_hardened_clay net.minecraft.item.crafting.ShapedRecipes@588d630d
[21:58:19] [Server thread/TRACE] [FML]:   Registry: 272 minecraft:green_stained_glass_pane net.minecraft.item.crafting.ShapedRecipes@60e47aab
[21:58:19] [Server thread/TRACE] [FML]:   Registry: 273 minecraft:green_stained_glass net.minecraft.item.crafting.ShapedRecipes@7884f722
[21:58:19] [Server thread/TRACE] [FML]:   Registry: 274 minecraft:green_concrete_powder net.minecraft.item.crafting.ShapelessRecipes@149b53fa
[21:58:19] [Server thread/TRACE] [FML]:   Registry: 275 minecraft:green_carpet net.minecraft.item.crafting.ShapedRecipes@2dc3ece8
[21:58:19] [Server thread/TRACE] [FML]:   Registry: 276 minecraft:green_bed_from_white_bed net.minecraft.item.crafting.ShapelessRecipes@fbbd90c
[21:58:19] [Server thread/TRACE] [FML]:   Registry: 277 minecraft:green_bed net.minecraft.item.crafting.ShapedRecipes@49d543a9
[21:58:19] [Server thread/TRACE] [FML]:   Registry: 278 minecraft:green_banner net.minecraft.item.crafting.ShapedRecipes@533e2f4
[21:58:19] [Server thread/TRACE] [FML]:   Registry: 279 minecraft:gray_wool net.minecraft.item.crafting.ShapelessRecipes@75bf9e67
[21:58:19] [Server thread/TRACE] [FML]:   Registry: 280 minecraft:gray_stained_hardened_clay net.minecraft.item.crafting.ShapedRecipes@51508029
[21:58:19] [Server thread/TRACE] [FML]:   Registry: 281 minecraft:gray_stained_glass_pane net.minecraft.item.crafting.ShapedRecipes@2cadcff6
[21:58:19] [Server thread/TRACE] [FML]:   Registry: 282 minecraft:gray_stained_glass net.minecraft.item.crafting.ShapedRecipes@e5c5e6
[21:58:19] [Server thread/TRACE] [FML]:   Registry: 283 minecraft:gray_dye net.minecraft.item.crafting.ShapelessRecipes@8cb7185
[21:58:19] [Server thread/TRACE] [FML]:   Registry: 284 minecraft:gray_concrete_powder net.minecraft.item.crafting.ShapelessRecipes@a6dffdb
[21:58:19] [Server thread/TRACE] [FML]:   Registry: 285 minecraft:gray_carpet net.minecraft.item.crafting.ShapedRecipes@bb50de6
[21:58:19] [Server thread/TRACE] [FML]:   Registry: 286 minecraft:gray_bed_from_white_bed net.minecraft.item.crafting.ShapelessRecipes@c4551c6
[21:58:19] [Server thread/TRACE] [FML]:   Registry: 287 minecraft:gray_bed net.minecraft.item.crafting.ShapedRecipes@528f5b7f
[21:58:19] [Server thread/TRACE] [FML]:   Registry: 288 minecraft:gray_banner net.minecraft.item.crafting.ShapedRecipes@1ef93e01
[21:58:19] [Server thread/TRACE] [FML]:   Registry: 289 minecraft:granite net.minecraft.item.crafting.ShapelessRecipes@66863941
[21:58:19] [Server thread/TRACE] [FML]:   Registry: 290 minecraft:golden_sword net.minecraft.item.crafting.ShapedRecipes@54387873
[21:58:19] [Server thread/TRACE] [FML]:   Registry: 291 minecraft:golden_shovel net.minecraft.item.crafting.ShapedRecipes@1d9af731
[21:58:19] [Server thread/TRACE] [FML]:   Registry: 292 minecraft:golden_rail net.minecraft.item.crafting.ShapedRecipes@4e96cb04
[21:58:19] [Server thread/TRACE] [FML]:   Registry: 293 minecraft:golden_pickaxe net.minecraft.item.crafting.ShapedRecipes@75d539b9
[21:58:19] [Server thread/TRACE] [FML]:   Registry: 294 minecraft:golden_leggings net.minecraft.item.crafting.ShapedRecipes@3578a45b
[21:58:19] [Server thread/TRACE] [FML]:   Registry: 295 minecraft:golden_hoe net.minecraft.item.crafting.ShapedRecipes@311d28f5
[21:58:19] [Server thread/TRACE] [FML]:   Registry: 296 minecraft:golden_helmet net.minecraft.item.crafting.ShapedRecipes@2fcc5f49
[21:58:19] [Server thread/TRACE] [FML]:   Registry: 297 minecraft:golden_chestplate net.minecraft.item.crafting.ShapedRecipes@22361e23
[21:58:19] [Server thread/TRACE] [FML]:   Registry: 298 minecraft:golden_carrot net.minecraft.item.crafting.ShapedRecipes@20184ade
[21:58:19] [Server thread/TRACE] [FML]:   Registry: 299 minecraft:golden_boots net.minecraft.item.crafting.ShapedRecipes@6b0325d0
[21:58:19] [Server thread/TRACE] [FML]:   Registry: 300 minecraft:golden_axe net.minecraft.item.crafting.ShapedRecipes@51cca357
[21:58:19] [Server thread/TRACE] [FML]:   Registry: 301 minecraft:golden_apple net.minecraft.item.crafting.ShapedRecipes@5a205ee5
[21:58:19] [Server thread/TRACE] [FML]:   Registry: 302 minecraft:gold_nugget net.minecraft.item.crafting.ShapedRecipes@5256fbc
[21:58:19] [Server thread/TRACE] [FML]:   Registry: 303 minecraft:gold_ingot_from_nuggets net.minecraft.item.crafting.ShapedRecipes@2619cb76
[21:58:19] [Server thread/TRACE] [FML]:   Registry: 304 minecraft:gold_ingot_from_block net.minecraft.item.crafting.ShapedRecipes@5d297d4d
[21:58:19] [Server thread/TRACE] [FML]:   Registry: 305 minecraft:gold_block net.minecraft.item.crafting.ShapedRecipes@552bee2f
[21:58:19] [Server thread/TRACE] [FML]:   Registry: 306 minecraft:glowstone net.minecraft.item.crafting.ShapedRecipes@15130002
[21:58:19] [Server thread/TRACE] [FML]:   Registry: 307 minecraft:glass_pane net.minecraft.item.crafting.ShapedRecipes@526893f
[21:58:19] [Server thread/TRACE] [FML]:   Registry: 308 minecraft:glass_bottle net.minecraft.item.crafting.ShapedRecipes@4ab9d160
[21:58:19] [Server thread/TRACE] [FML]:   Registry: 309 minecraft:furnace_minecart net.minecraft.item.crafting.ShapedRecipes@6fa2a006
[21:58:19] [Server thread/TRACE] [FML]:   Registry: 310 minecraft:furnace net.minecraft.item.crafting.ShapedRecipes@39695803
[21:58:19] [Server thread/TRACE] [FML]:   Registry: 311 minecraft:flower_pot net.minecraft.item.crafting.ShapedRecipes@6fe2a366
[21:58:19] [Server thread/TRACE] [FML]:   Registry: 312 minecraft:flint_and_steel net.minecraft.item.crafting.ShapelessRecipes@5c79c5ec
[21:58:19] [Server thread/TRACE] [FML]:   Registry: 313 minecraft:fishing_rod net.minecraft.item.crafting.ShapedRecipes@248b2b61
[21:58:19] [Server thread/TRACE] [FML]:   Registry: 314 minecraft:fire_charge net.minecraft.item.crafting.ShapelessRecipes@6282f1eb
[21:58:19] [Server thread/TRACE] [FML]:   Registry: 315 minecraft:fermented_spider_eye net.minecraft.item.crafting.ShapelessRecipes@590dea35
[21:58:19] [Server thread/TRACE] [FML]:   Registry: 316 minecraft:fence_gate net.minecraft.item.crafting.ShapedRecipes@46994f26
[21:58:19] [Server thread/TRACE] [FML]:   Registry: 317 minecraft:fence net.minecraft.item.crafting.ShapedRecipes@6106dfb6
[21:58:19] [Server thread/TRACE] [FML]:   Registry: 318 minecraft:ender_eye net.minecraft.item.crafting.ShapelessRecipes@2336cd91
[21:58:19] [Server thread/TRACE] [FML]:   Registry: 319 minecraft:ender_chest net.minecraft.item.crafting.ShapedRecipes@4b50c21
[21:58:19] [Server thread/TRACE] [FML]:   Registry: 320 minecraft:end_rod net.minecraft.item.crafting.ShapedRecipes@3fe98084
[21:58:19] [Server thread/TRACE] [FML]:   Registry: 321 minecraft:end_crystal net.minecraft.item.crafting.ShapedRecipes@46d148bd
[21:58:19] [Server thread/TRACE] [FML]:   Registry: 322 minecraft:end_bricks net.minecraft.item.crafting.ShapedRecipes@563ada5
[21:58:19] [Server thread/TRACE] [FML]:   Registry: 323 minecraft:enchanting_table net.minecraft.item.crafting.ShapedRecipes@4470106b
[21:58:19] [Server thread/TRACE] [FML]:   Registry: 324 minecraft:emerald_block net.minecraft.item.crafting.ShapedRecipes@68c4db77
[21:58:19] [Server thread/TRACE] [FML]:   Registry: 325 minecraft:emerald net.minecraft.item.crafting.ShapedRecipes@7e89eba7
[21:58:19] [Server thread/TRACE] [FML]:   Registry: 326 minecraft:dropper net.minecraft.item.crafting.ShapedRecipes@478089b6
[21:58:19] [Server thread/TRACE] [FML]:   Registry: 327 minecraft:dispenser net.minecraft.item.crafting.ShapedRecipes@77020328
[21:58:19] [Server thread/TRACE] [FML]:   Registry: 328 minecraft:diorite net.minecraft.item.crafting.ShapedRecipes@e6e5da4
[21:58:19] [Server thread/TRACE] [FML]:   Registry: 329 minecraft:diamond_sword net.minecraft.item.crafting.ShapedRecipes@1d556461
[21:58:19] [Server thread/TRACE] [FML]:   Registry: 330 minecraft:diamond_shovel net.minecraft.item.crafting.ShapedRecipes@749f61a3
[21:58:19] [Server thread/TRACE] [FML]:   Registry: 331 minecraft:diamond_pickaxe net.minecraft.item.crafting.ShapedRecipes@45dc7be
[21:58:19] [Server thread/TRACE] [FML]:   Registry: 332 minecraft:diamond_leggings net.minecraft.item.crafting.ShapedRecipes@27ec0d06
[21:58:19] [Server thread/TRACE] [FML]:   Registry: 333 minecraft:diamond_hoe net.minecraft.item.crafting.ShapedRecipes@3a48c398
[21:58:19] [Server thread/TRACE] [FML]:   Registry: 334 minecraft:diamond_helmet net.minecraft.item.crafting.ShapedRecipes@3dded90a
[21:58:19] [Server thread/TRACE] [FML]:   Registry: 335 minecraft:diamond_chestplate net.minecraft.item.crafting.ShapedRecipes@3c743d40
[21:58:19] [Server thread/TRACE] [FML]:   Registry: 336 minecraft:diamond_boots net.minecraft.item.crafting.ShapedRecipes@335b3d6
[21:58:19] [Server thread/TRACE] [FML]:   Registry: 337 minecraft:diamond_block net.minecraft.item.crafting.ShapedRecipes@38826984
[21:58:19] [Server thread/TRACE] [FML]:   Registry: 338 minecraft:diamond_axe net.minecraft.item.crafting.ShapedRecipes@2e1291a4
[21:58:19] [Server thread/TRACE] [FML]:   Registry: 339 minecraft:diamond net.minecraft.item.crafting.ShapedRecipes@1e95f584
[21:58:19] [Server thread/TRACE] [FML]:   Registry: 340 minecraft:detector_rail net.minecraft.item.crafting.ShapedRecipes@2b974137
[21:58:19] [Server thread/TRACE] [FML]:   Registry: 341 minecraft:daylight_detector net.minecraft.item.crafting.ShapedRecipes@3f1d6a13
[21:58:19] [Server thread/TRACE] [FML]:   Registry: 342 minecraft:dark_prismarine net.minecraft.item.crafting.ShapedRecipes@6ca33187
[21:58:19] [Server thread/TRACE] [FML]:   Registry: 343 minecraft:dark_oak_wooden_slab net.minecraft.item.crafting.ShapedRecipes@76fc5687
[21:58:19] [Server thread/TRACE] [FML]:   Registry: 344 minecraft:dark_oak_stairs net.minecraft.item.crafting.ShapedRecipes@50fd739d
[21:58:19] [Server thread/TRACE] [FML]:   Registry: 345 minecraft:dark_oak_planks net.minecraft.item.crafting.ShapedRecipes@78504ce9
[21:58:19] [Server thread/TRACE] [FML]:   Registry: 346 minecraft:dark_oak_fence_gate net.minecraft.item.crafting.ShapedRecipes@26d8908e
[21:58:19] [Server thread/TRACE] [FML]:   Registry: 347 minecraft:dark_oak_fence net.minecraft.item.crafting.ShapedRecipes@61d09475
[21:58:19] [Server thread/TRACE] [FML]:   Registry: 348 minecraft:dark_oak_door net.minecraft.item.crafting.ShapedRecipes@7f70e244
[21:58:19] [Server thread/TRACE] [FML]:   Registry: 349 minecraft:dark_oak_boat net.minecraft.item.crafting.ShapedRecipes@68454ed5
[21:58:19] [Server thread/TRACE] [FML]:   Registry: 350 minecraft:cyan_wool net.minecraft.item.crafting.ShapelessRecipes@591e5fd4
[21:58:19] [Server thread/TRACE] [FML]:   Registry: 351 minecraft:cyan_stained_hardened_clay net.minecraft.item.crafting.ShapedRecipes@ce19c86
[21:58:19] [Server thread/TRACE] [FML]:   Registry: 352 minecraft:cyan_stained_glass_pane net.minecraft.item.crafting.ShapedRecipes@1bb4c431
[21:58:19] [Server thread/TRACE] [FML]:   Registry: 353 minecraft:cyan_stained_glass net.minecraft.item.crafting.ShapedRecipes@56b66a26
[21:58:19] [Server thread/TRACE] [FML]:   Registry: 354 minecraft:cyan_dye net.minecraft.item.crafting.ShapelessRecipes@6dbb3d7d
[21:58:19] [Server thread/TRACE] [FML]:   Registry: 355 minecraft:cyan_concrete_powder net.minecraft.item.crafting.ShapelessRecipes@6e668322
[21:58:19] [Server thread/TRACE] [FML]:   Registry: 356 minecraft:cyan_carpet net.minecraft.item.crafting.ShapedRecipes@6f4adaab
[21:58:19] [Server thread/TRACE] [FML]:   Registry: 357 minecraft:cyan_bed_from_white_bed net.minecraft.item.crafting.ShapelessRecipes@4e1a3d5a
[21:58:19] [Server thread/TRACE] [FML]:   Registry: 358 minecraft:cyan_bed net.minecraft.item.crafting.ShapedRecipes@4cef0747
[21:58:19] [Server thread/TRACE] [FML]:   Registry: 359 minecraft:cyan_banner net.minecraft.item.crafting.ShapedRecipes@4e10a320
[21:58:19] [Server thread/TRACE] [FML]:   Registry: 360 minecraft:crafting_table net.minecraft.item.crafting.ShapedRecipes@7d17906
[21:58:19] [Server thread/TRACE] [FML]:   Registry: 361 minecraft:cookie net.minecraft.item.crafting.ShapedRecipes@5534e6f1
[21:58:19] [Server thread/TRACE] [FML]:   Registry: 362 minecraft:compass net.minecraft.item.crafting.ShapedRecipes@2ae2fa13
[21:58:19] [Server thread/TRACE] [FML]:   Registry: 363 minecraft:comparator net.minecraft.item.crafting.ShapedRecipes@6d4502ca
[21:58:19] [Server thread/TRACE] [FML]:   Registry: 364 minecraft:cobblestone_wall net.minecraft.item.crafting.ShapedRecipes@5b5b9521
[21:58:19] [Server thread/TRACE] [FML]:   Registry: 365 minecraft:cobblestone_slab net.minecraft.item.crafting.ShapedRecipes@13404f75
[21:58:19] [Server thread/TRACE] [FML]:   Registry: 366 minecraft:coarse_dirt net.minecraft.item.crafting.ShapedRecipes@8aa5ab4
[21:58:19] [Server thread/TRACE] [FML]:   Registry: 367 minecraft:coal_block net.minecraft.item.crafting.ShapedRecipes@4e756867
[21:58:19] [Server thread/TRACE] [FML]:   Registry: 368 minecraft:coal net.minecraft.item.crafting.ShapedRecipes@1c31de5d
[21:58:19] [Server thread/TRACE] [FML]:   Registry: 369 minecraft:clock net.minecraft.item.crafting.ShapedRecipes@f5ae29e
[21:58:19] [Server thread/TRACE] [FML]:   Registry: 370 minecraft:clay net.minecraft.item.crafting.ShapedRecipes@5a2f401a
[21:58:19] [Server thread/TRACE] [FML]:   Registry: 371 minecraft:chiseled_stonebrick net.minecraft.item.crafting.ShapedRecipes@2d230cff
[21:58:19] [Server thread/TRACE] [FML]:   Registry: 372 minecraft:chiseled_sandstone net.minecraft.item.crafting.ShapedRecipes@6124dda2
[21:58:19] [Server thread/TRACE] [FML]:   Registry: 373 minecraft:chiseled_red_sandstone net.minecraft.item.crafting.ShapedRecipes@3d59933
[21:58:19] [Server thread/TRACE] [FML]:   Registry: 374 minecraft:chiseled_quartz_block net.minecraft.item.crafting.ShapedRecipes@26a33cf
[21:58:19] [Server thread/TRACE] [FML]:   Registry: 375 minecraft:chest_minecart net.minecraft.item.crafting.ShapedRecipes@65259c53
[21:58:19] [Server thread/TRACE] [FML]:   Registry: 376 minecraft:chest net.minecraft.item.crafting.ShapedRecipes@6c1f15df
[21:58:19] [Server thread/TRACE] [FML]:   Registry: 377 minecraft:cauldron net.minecraft.item.crafting.ShapedRecipes@67f8f5a6
[21:58:19] [Server thread/TRACE] [FML]:   Registry: 378 minecraft:carrot_on_a_stick net.minecraft.item.crafting.ShapedRecipes@ba0018e
[21:58:19] [Server thread/TRACE] [FML]:   Registry: 379 minecraft:cake net.minecraft.item.crafting.ShapedRecipes@3ea2f72e
[21:58:19] [Server thread/TRACE] [FML]:   Registry: 380 minecraft:bucket net.minecraft.item.crafting.ShapedRecipes@3a8b9458
[21:58:19] [Server thread/TRACE] [FML]:   Registry: 381 minecraft:brown_wool net.minecraft.item.crafting.ShapelessRecipes@295f2d1b
[21:58:19] [Server thread/TRACE] [FML]:   Registry: 382 minecraft:brown_stained_hardened_clay net.minecraft.item.crafting.ShapedRecipes@47e60b71
[21:58:19] [Server thread/TRACE] [FML]:   Registry: 383 minecraft:brown_stained_glass_pane net.minecraft.item.crafting.ShapedRecipes@1eb9d69a
[21:58:19] [Server thread/TRACE] [FML]:   Registry: 384 minecraft:brown_stained_glass net.minecraft.item.crafting.ShapedRecipes@49a06087
[21:58:19] [Server thread/TRACE] [FML]:   Registry: 385 minecraft:brown_concrete_powder net.minecraft.item.crafting.ShapelessRecipes@5af40e45
[21:58:19] [Server thread/TRACE] [FML]:   Registry: 386 minecraft:brown_carpet net.minecraft.item.crafting.ShapedRecipes@2110684a
[21:58:19] [Server thread/TRACE] [FML]:   Registry: 387 minecraft:brown_bed_from_white_bed net.minecraft.item.crafting.ShapelessRecipes@62794582
[21:58:19] [Server thread/TRACE] [FML]:   Registry: 388 minecraft:brown_bed net.minecraft.item.crafting.ShapedRecipes@1cb44a2f
[21:58:19] [Server thread/TRACE] [FML]:   Registry: 389 minecraft:brown_banner net.minecraft.item.crafting.ShapedRecipes@638d2ce3
[21:58:19] [Server thread/TRACE] [FML]:   Registry: 390 minecraft:brick_stairs net.minecraft.item.crafting.ShapedRecipes@131d977f
[21:58:19] [Server thread/TRACE] [FML]:   Registry: 391 minecraft:brick_slab net.minecraft.item.crafting.ShapedRecipes@43d6262c
[21:58:19] [Server thread/TRACE] [FML]:   Registry: 392 minecraft:brick_block net.minecraft.item.crafting.ShapedRecipes@9d3a7a1
[21:58:19] [Server thread/TRACE] [FML]:   Registry: 393 minecraft:brewing_stand net.minecraft.item.crafting.ShapedRecipes@15a484a9
[21:58:19] [Server thread/TRACE] [FML]:   Registry: 394 minecraft:bread net.minecraft.item.crafting.ShapedRecipes@7c47e077
[21:58:19] [Server thread/TRACE] [FML]:   Registry: 395 minecraft:bowl net.minecraft.item.crafting.ShapedRecipes@294c44b7
[21:58:19] [Server thread/TRACE] [FML]:   Registry: 396 minecraft:bow net.minecraft.item.crafting.ShapedRecipes@72e75786
[21:58:19] [Server thread/TRACE] [FML]:   Registry: 397 minecraft:bookshelf net.minecraft.item.crafting.ShapedRecipes@688d619c
[21:58:19] [Server thread/TRACE] [FML]:   Registry: 398 minecraft:book net.minecraft.item.crafting.ShapelessRecipes@1b632442
[21:58:19] [Server thread/TRACE] [FML]:   Registry: 399 minecraft:bone_meal_from_bone net.minecraft.item.crafting.ShapelessRecipes@57a982f9
[21:58:19] [Server thread/TRACE] [FML]:   Registry: 400 minecraft:bone_meal_from_block net.minecraft.item.crafting.ShapelessRecipes@24de63b
[21:58:19] [Server thread/TRACE] [FML]:   Registry: 401 minecraft:bone_block net.minecraft.item.crafting.ShapedRecipes@645d4639
[21:58:19] [Server thread/TRACE] [FML]:   Registry: 402 minecraft:boat net.minecraft.item.crafting.ShapedRecipes@3d3b272a
[21:58:19] [Server thread/TRACE] [FML]:   Registry: 403 minecraft:blue_wool net.minecraft.item.crafting.ShapelessRecipes@707f4647
[21:58:19] [Server thread/TRACE] [FML]:   Registry: 404 minecraft:blue_stained_hardened_clay net.minecraft.item.crafting.ShapedRecipes@d6d683e
[21:58:19] [Server thread/TRACE] [FML]:   Registry: 405 minecraft:blue_stained_glass_pane net.minecraft.item.crafting.ShapedRecipes@17f41739
[21:58:19] [Server thread/TRACE] [FML]:   Registry: 406 minecraft:blue_stained_glass net.minecraft.item.crafting.ShapedRecipes@144440f5
[21:58:19] [Server thread/TRACE] [FML]:   Registry: 407 minecraft:blue_concrete_powder net.minecraft.item.crafting.ShapelessRecipes@4946485c
[21:58:19] [Server thread/TRACE] [FML]:   Registry: 408 minecraft:blue_carpet net.minecraft.item.crafting.ShapedRecipes@340fc1aa
[21:58:19] [Server thread/TRACE] [FML]:   Registry: 409 minecraft:blue_bed_from_white_bed net.minecraft.item.crafting.ShapelessRecipes@22429a11
[21:58:19] [Server thread/TRACE] [FML]:   Registry: 410 minecraft:blue_bed net.minecraft.item.crafting.ShapedRecipes@2a99fa07
[21:58:19] [Server thread/TRACE] [FML]:   Registry: 411 minecraft:blue_banner net.minecraft.item.crafting.ShapedRecipes@32dbca45
[21:58:19] [Server thread/TRACE] [FML]:   Registry: 412 minecraft:blaze_powder net.minecraft.item.crafting.ShapelessRecipes@4182a651
[21:58:19] [Server thread/TRACE] [FML]:   Registry: 413 minecraft:black_wool net.minecraft.item.crafting.ShapelessRecipes@799fb45e
[21:58:19] [Server thread/TRACE] [FML]:   Registry: 414 minecraft:black_stained_hardened_clay net.minecraft.item.crafting.ShapedRecipes@299cab08
[21:58:19] [Server thread/TRACE] [FML]:   Registry: 415 minecraft:black_stained_glass_pane net.minecraft.item.crafting.ShapedRecipes@6ffc6ea7
[21:58:19] [Server thread/TRACE] [FML]:   Registry: 416 minecraft:black_stained_glass net.minecraft.item.crafting.ShapedRecipes@5627b8eb
[21:58:19] [Server thread/TRACE] [FML]:   Registry: 417 minecraft:black_concrete_powder net.minecraft.item.crafting.ShapelessRecipes@35524549
[21:58:19] [Server thread/TRACE] [FML]:   Registry: 418 minecraft:black_carpet net.minecraft.item.crafting.ShapedRecipes@71285693
[21:58:19] [Server thread/TRACE] [FML]:   Registry: 419 minecraft:black_bed_from_white_bed net.minecraft.item.crafting.ShapelessRecipes@520c3dcb
[21:58:19] [Server thread/TRACE] [FML]:   Registry: 420 minecraft:black_bed net.minecraft.item.crafting.ShapedRecipes@5960f17
[21:58:19] [Server thread/TRACE] [FML]:   Registry: 421 minecraft:black_banner net.minecraft.item.crafting.ShapedRecipes@53a09566
[21:58:19] [Server thread/TRACE] [FML]:   Registry: 422 minecraft:birch_wooden_slab net.minecraft.item.crafting.ShapedRecipes@24068086
[21:58:19] [Server thread/TRACE] [FML]:   Registry: 423 minecraft:birch_stairs net.minecraft.item.crafting.ShapedRecipes@6f655dbd
[21:58:19] [Server thread/TRACE] [FML]:   Registry: 424 minecraft:birch_planks net.minecraft.item.crafting.ShapedRecipes@7fb82f73
[21:58:19] [Server thread/TRACE] [FML]:   Registry: 425 minecraft:birch_fence_gate net.minecraft.item.crafting.ShapedRecipes@68c4a860
[21:58:19] [Server thread/TRACE] [FML]:   Registry: 426 minecraft:birch_fence net.minecraft.item.crafting.ShapedRecipes@1fe05fff
[21:58:19] [Server thread/TRACE] [FML]:   Registry: 427 minecraft:birch_door net.minecraft.item.crafting.ShapedRecipes@6ffbf0ac
[21:58:19] [Server thread/TRACE] [FML]:   Registry: 428 minecraft:birch_boat net.minecraft.item.crafting.ShapedRecipes@2b400bd0
[21:58:19] [Server thread/TRACE] [FML]:   Registry: 429 minecraft:beetroot_soup net.minecraft.item.crafting.ShapedRecipes@4449b273
[21:58:19] [Server thread/TRACE] [FML]:   Registry: 430 minecraft:beacon net.minecraft.item.crafting.ShapedRecipes@41e7a544
[21:58:19] [Server thread/TRACE] [FML]:   Registry: 431 minecraft:arrow net.minecraft.item.crafting.ShapedRecipes@3d98729a
[21:58:19] [Server thread/TRACE] [FML]:   Registry: 432 minecraft:armor_stand net.minecraft.item.crafting.ShapedRecipes@506b083
[21:58:19] [Server thread/TRACE] [FML]:   Registry: 433 minecraft:anvil net.minecraft.item.crafting.ShapedRecipes@2a6dbb7c
[21:58:19] [Server thread/TRACE] [FML]:   Registry: 434 minecraft:andesite net.minecraft.item.crafting.ShapelessRecipes@27b490de
[21:58:19] [Server thread/TRACE] [FML]:   Registry: 435 minecraft:activator_rail net.minecraft.item.crafting.ShapedRecipes@34bf66af
[21:58:19] [Server thread/TRACE] [FML]:   Registry: 436 minecraft:acacia_wooden_slab net.minecraft.item.crafting.ShapedRecipes@14b26e90
[21:58:19] [Server thread/TRACE] [FML]:   Registry: 437 minecraft:acacia_stairs net.minecraft.item.crafting.ShapedRecipes@2c154508
[21:58:19] [Server thread/TRACE] [FML]:   Registry: 438 minecraft:acacia_planks net.minecraft.item.crafting.ShapedRecipes@103e7c7c
[21:58:19] [Server thread/TRACE] [FML]:   Registry: 439 minecraft:acacia_fence_gate net.minecraft.item.crafting.ShapedRecipes@3355b8ff
[21:58:19] [Server thread/TRACE] [FML]:   Registry: 440 minecraft:acacia_fence net.minecraft.item.crafting.ShapedRecipes@2cff5aa3
[21:58:19] [Server thread/TRACE] [FML]:   Registry: 441 minecraft:acacia_door net.minecraft.item.crafting.ShapedRecipes@25df2014
[21:58:19] [Server thread/TRACE] [FML]:   Registry: 442 minecraft:acacia_boat net.minecraft.item.crafting.ShapedRecipes@4e61a863
[21:58:19] [Server thread/TRACE] [FML]:   Registry: 443 lucky:lucky_block net.minecraft.item.crafting.ShapedRecipes@388ffca6
[21:58:19] [Server thread/TRACE] [FML]:   Registry: 444 lucky:lucky_block_luck mod.lucky.crafting.LuckyCrafting@2b11fa39
[21:58:19] [Server thread/TRACE] [FML]:   Registry: 445 lucky:lucky_sword_luck mod.lucky.crafting.LuckyCrafting@7a8a0837
[21:58:19] [Server thread/TRACE] [FML]:   Registry: 446 lucky:lucky_bow_luck mod.lucky.crafting.LuckyCrafting@d934cf4
[21:58:19] [Server thread/TRACE] [FML]:   Registry: 447 lucky:lucky_potion_luck mod.lucky.crafting.LuckyCrafting@4a3efb2c
[21:58:19] [Server thread/TRACE] [FML]: Registry Name : minecraft:villagerprofessions
[21:58:19] [Server thread/TRACE] [FML]:   Registry: 0 minecraft:farmer net.minecraftforge.fml.common.registry.VillagerRegistry$VillagerProfession@4bdb04c8
[21:58:19] [Server thread/TRACE] [FML]:   Registry: 1 minecraft:librarian net.minecraftforge.fml.common.registry.VillagerRegistry$VillagerProfession@11574592
[21:58:19] [Server thread/TRACE] [FML]:   Registry: 2 minecraft:priest net.minecraftforge.fml.common.registry.VillagerRegistry$VillagerProfession@352e5a82
[21:58:19] [Server thread/TRACE] [FML]:   Registry: 3 minecraft:smith net.minecraftforge.fml.common.registry.VillagerRegistry$VillagerProfession@315b5913
[21:58:19] [Server thread/TRACE] [FML]:   Registry: 4 minecraft:butcher net.minecraftforge.fml.common.registry.VillagerRegistry$VillagerProfession@2e929182
[21:58:19] [Server thread/TRACE] [FML]:   Registry: 5 minecraft:nitwit net.minecraftforge.fml.common.registry.VillagerRegistry$VillagerProfession@5423a17
[21:58:19] [Server thread/TRACE] [FML]: Registry Name : minecraft:dataserializers
[21:58:19] [Server thread/TRACE] [FML]: Registry Name : minecraft:entities
[21:58:19] [Server thread/TRACE] [FML]:   Registry: 0 lucky:luckyprojectile net.minecraftforge.fml.common.registry.EntityEntry@22f8a22e
[21:58:19] [Server thread/TRACE] [FML]:   Registry: 1 minecraft:item net.minecraftforge.fml.common.registry.EntityEntry@75e0a54c
[21:58:19] [Server thread/TRACE] [FML]:   Registry: 2 minecraft:xp_orb net.minecraftforge.fml.common.registry.EntityEntry@7893c715
[21:58:19] [Server thread/TRACE] [FML]:   Registry: 3 minecraft:area_effect_cloud net.minecraftforge.fml.common.registry.EntityEntry@7db791df
[21:58:19] [Server thread/TRACE] [FML]:   Registry: 4 minecraft:elder_guardian net.minecraftforge.fml.common.registry.EntityEntry@671d97bc
[21:58:19] [Server thread/TRACE] [FML]:   Registry: 5 minecraft:wither_skeleton net.minecraftforge.fml.common.registry.EntityEntry@2b9b17ce
[21:58:19] [Server thread/TRACE] [FML]:   Registry: 6 minecraft:stray net.minecraftforge.fml.common.registry.EntityEntry@6f986501
[21:58:19] [Server thread/TRACE] [FML]:   Registry: 7 minecraft:egg net.minecraftforge.fml.common.registry.EntityEntry@29c1249a
[21:58:19] [Server thread/TRACE] [FML]:   Registry: 8 minecraft:leash_knot net.minecraftforge.fml.common.registry.EntityEntry@2d6a0766
[21:58:19] [Server thread/TRACE] [FML]:   Registry: 9 minecraft:painting net.minecraftforge.fml.common.registry.EntityEntry@31c7c281
[21:58:19] [Server thread/TRACE] [FML]:   Registry: 10 minecraft:arrow net.minecraftforge.fml.common.registry.EntityEntry@4c5f7b4f
[21:58:19] [Server thread/TRACE] [FML]:   Registry: 11 minecraft:snowball net.minecraftforge.fml.common.registry.EntityEntry@44084713
[21:58:19] [Server thread/TRACE] [FML]:   Registry: 12 minecraft:fireball net.minecraftforge.fml.common.registry.EntityEntry@16c5b50a
[21:58:19] [Server thread/TRACE] [FML]:   Registry: 13 minecraft:small_fireball net.minecraftforge.fml.common.registry.EntityEntry@7d28cdcd
[21:58:19] [Server thread/TRACE] [FML]:   Registry: 14 minecraft:ender_pearl net.minecraftforge.fml.common.registry.EntityEntry@5486ee92
[21:58:19] [Server thread/TRACE] [FML]:   Registry: 15 minecraft:eye_of_ender_signal net.minecraftforge.fml.common.registry.EntityEntry@9e62fb
[21:58:19] [Server thread/TRACE] [FML]:   Registry: 16 minecraft:potion net.minecraftforge.fml.common.registry.EntityEntry@43c0c13a
[21:58:19] [Server thread/TRACE] [FML]:   Registry: 17 minecraft:xp_bottle net.minecraftforge.fml.common.registry.EntityEntry@67941d
[21:58:19] [Server thread/TRACE] [FML]:   Registry: 18 minecraft:item_frame net.minecraftforge.fml.common.registry.EntityEntry@6fde6f05
[21:58:19] [Server thread/TRACE] [FML]:   Registry: 19 minecraft:wither_skull net.minecraftforge.fml.common.registry.EntityEntry@72110818
[21:58:19] [Server thread/TRACE] [FML]:   Registry: 20 minecraft:tnt net.minecraftforge.fml.common.registry.EntityEntry@38d525aa
[21:58:19] [Server thread/TRACE] [FML]:   Registry: 21 minecraft:falling_block net.minecraftforge.fml.common.registry.EntityEntry@7530090a
[21:58:19] [Server thread/TRACE] [FML]:   Registry: 22 minecraft:fireworks_rocket net.minecraftforge.fml.common.registry.EntityEntry@55fb36de
[21:58:19] [Server thread/TRACE] [FML]:   Registry: 23 minecraft:husk net.minecraftforge.fml.common.registry.EntityEntry@4fe2dd02
[21:58:19] [Server thread/TRACE] [FML]:   Registry: 24 minecraft:spectral_arrow net.minecraftforge.fml.common.registry.EntityEntry@5817f1ca
[21:58:19] [Server thread/TRACE] [FML]:   Registry: 25 minecraft:shulker_bullet net.minecraftforge.fml.common.registry.EntityEntry@1a2724d3
[21:58:19] [Server thread/TRACE] [FML]:   Registry: 26 minecraft:dragon_fireball net.minecraftforge.fml.common.registry.EntityEntry@2c6927f0
[21:58:19] [Server thread/TRACE] [FML]:   Registry: 27 minecraft:zombie_villager net.minecraftforge.fml.common.registry.EntityEntry@266da047
[21:58:19] [Server thread/TRACE] [FML]:   Registry: 28 minecraft:skeleton_horse net.minecraftforge.fml.common.registry.EntityEntry@5fd18419
[21:58:19] [Server thread/TRACE] [FML]:   Registry: 29 minecraft:zombie_horse net.minecraftforge.fml.common.registry.EntityEntry@26a45089
[21:58:19] [Server thread/TRACE] [FML]:   Registry: 30 minecraft:armor_stand net.minecraftforge.fml.common.registry.EntityEntry@5ab5924c
[21:58:19] [Server thread/TRACE] [FML]:   Registry: 31 minecraft:donkey net.minecraftforge.fml.common.registry.EntityEntry@191f4d65
[21:58:19] [Server thread/TRACE] [FML]:   Registry: 32 minecraft:mule net.minecraftforge.fml.common.registry.EntityEntry@6326c5ec
[21:58:19] [Server thread/TRACE] [FML]:   Registry: 33 minecraft:evocation_fangs net.minecraftforge.fml.common.registry.EntityEntry@59baf2c7
[21:58:19] [Server thread/TRACE] [FML]:   Registry: 34 minecraft:evocation_illager net.minecraftforge.fml.common.registry.EntityEntry@7d61468c
[21:58:19] [Server thread/TRACE] [FML]:   Registry: 35 minecraft:vex net.minecraftforge.fml.common.registry.EntityEntry@241fc278
[21:58:19] [Server thread/TRACE] [FML]:   Registry: 36 minecraft:vindication_illager net.minecraftforge.fml.common.registry.EntityEntry@fcd0e8d
[21:58:19] [Server thread/TRACE] [FML]:   Registry: 37 minecraft:illusion_illager net.minecraftforge.fml.common.registry.EntityEntry@62108cd3
[21:58:19] [Server thread/TRACE] [FML]:   Registry: 38 lucky:luckypotion net.minecraftforge.fml.common.registry.EntityEntry@275d5016
[21:58:19] [Server thread/TRACE] [FML]:   Registry: 40 minecraft:commandblock_minecart net.minecraftforge.fml.common.registry.EntityEntry@6c27e700
[21:58:19] [Server thread/TRACE] [FML]:   Registry: 41 minecraft:boat net.minecraftforge.fml.common.registry.EntityEntry@2d913116
[21:58:19] [Server thread/TRACE] [FML]:   Registry: 42 minecraft:minecart net.minecraftforge.fml.common.registry.EntityEntry@41582899
[21:58:19] [Server thread/TRACE] [FML]:   Registry: 43 minecraft:chest_minecart net.minecraftforge.fml.common.registry.EntityEntry@4948daec
[21:58:19] [Server thread/TRACE] [FML]:   Registry: 44 minecraft:furnace_minecart net.minecraftforge.fml.common.registry.EntityEntry@1209a0f
[21:58:19] [Server thread/TRACE] [FML]:   Registry: 45 minecraft:tnt_minecart net.minecraftforge.fml.common.registry.EntityEntry@66715ca9
[21:58:19] [Server thread/TRACE] [FML]:   Registry: 46 minecraft:hopper_minecart net.minecraftforge.fml.common.registry.EntityEntry@30afb481
[21:58:19] [Server thread/TRACE] [FML]:   Registry: 47 minecraft:spawner_minecart net.minecraftforge.fml.common.registry.EntityEntry@3c09a350
[21:58:19] [Server thread/TRACE] [FML]:   Registry: 50 minecraft:creeper net.minecraftforge.fml.common.registry.EntityEntry@30c01c37
[21:58:19] [Server thread/TRACE] [FML]:   Registry: 51 minecraft:skeleton net.minecraftforge.fml.common.registry.EntityEntry@156cfa20
[21:58:19] [Server thread/TRACE] [FML]:   Registry: 52 minecraft:spider net.minecraftforge.fml.common.registry.EntityEntry@21f50d2c
[21:58:19] [Server thread/TRACE] [FML]:   Registry: 53 minecraft:giant net.minecraftforge.fml.common.registry.EntityEntry@467af68c
[21:58:19] [Server thread/TRACE] [FML]:   Registry: 54 minecraft:zombie net.minecraftforge.fml.common.registry.EntityEntry@1d6f77d7
[21:58:19] [Server thread/TRACE] [FML]:   Registry: 55 minecraft:slime net.minecraftforge.fml.common.registry.EntityEntry@2e3cd732
[21:58:19] [Server thread/TRACE] [FML]:   Registry: 56 minecraft:ghast net.minecraftforge.fml.common.registry.EntityEntry@7f6b57f2
[21:58:19] [Server thread/TRACE] [FML]:   Registry: 57 minecraft:zombie_pigman net.minecraftforge.fml.common.registry.EntityEntry@69ce14e6
[21:58:19] [Server thread/TRACE] [FML]:   Registry: 58 minecraft:enderman net.minecraftforge.fml.common.registry.EntityEntry@36e409e0
[21:58:19] [Server thread/TRACE] [FML]:   Registry: 59 minecraft:cave_spider net.minecraftforge.fml.common.registry.EntityEntry@d120d7c
[21:58:19] [Server thread/TRACE] [FML]:   Registry: 60 minecraft:silverfish net.minecraftforge.fml.common.registry.EntityEntry@38a96593
[21:58:19] [Server thread/TRACE] [FML]:   Registry: 61 minecraft:blaze net.minecraftforge.fml.common.registry.EntityEntry@43a7203e
[21:58:19] [Server thread/TRACE] [FML]:   Registry: 62 minecraft:magma_cube net.minecraftforge.fml.common.registry.EntityEntry@5a0f87e5
[21:58:19] [Server thread/TRACE] [FML]:   Registry: 63 minecraft:ender_dragon net.minecraftforge.fml.common.registry.EntityEntry@52cb52bd
[21:58:19] [Server thread/TRACE] [FML]:   Registry: 64 minecraft:wither net.minecraftforge.fml.common.registry.EntityEntry@295b07e0
[21:58:19] [Server thread/TRACE] [FML]:   Registry: 65 minecraft:bat net.minecraftforge.fml.common.registry.EntityEntry@3193e21d
[21:58:19] [Server thread/TRACE] [FML]:   Registry: 66 minecraft:witch net.minecraftforge.fml.common.registry.EntityEntry@2b6262bc
[21:58:19] [Server thread/TRACE] [FML]:   Registry: 67 minecraft:endermite net.minecraftforge.fml.common.registry.EntityEntry@7e81617a
[21:58:19] [Server thread/TRACE] [FML]:   Registry: 68 minecraft:guardian net.minecraftforge.fml.common.registry.EntityEntry@3e28dc96
[21:58:19] [Server thread/TRACE] [FML]:   Registry: 69 minecraft:shulker net.minecraftforge.fml.common.registry.EntityEntry@b1d19ff
[21:58:19] [Server thread/TRACE] [FML]:   Registry: 90 minecraft:pig net.minecraftforge.fml.common.registry.EntityEntry@6dcf7b6a
[21:58:19] [Server thread/TRACE] [FML]:   Registry: 91 minecraft:sheep net.minecraftforge.fml.common.registry.EntityEntry@402d6012
[21:58:19] [Server thread/TRACE] [FML]:   Registry: 92 minecraft:cow net.minecraftforge.fml.common.registry.EntityEntry@38022758
[21:58:19] [Server thread/TRACE] [FML]:   Registry: 93 minecraft:chicken net.minecraftforge.fml.common.registry.EntityEntry@7e8f23ad
[21:58:19] [Server thread/TRACE] [FML]:   Registry: 94 minecraft:squid net.minecraftforge.fml.common.registry.EntityEntry@78eafad
[21:58:19] [Server thread/TRACE] [FML]:   Registry: 95 minecraft:wolf net.minecraftforge.fml.common.registry.EntityEntry@20027c44
[21:58:19] [Server thread/TRACE] [FML]:   Registry: 96 minecraft:mooshroom net.minecraftforge.fml.common.registry.EntityEntry@785a4557
[21:58:19] [Server thread/TRACE] [FML]:   Registry: 97 minecraft:snowman net.minecraftforge.fml.common.registry.EntityEntry@3b5da0b0
[21:58:19] [Server thread/TRACE] [FML]:   Registry: 98 minecraft:ocelot net.minecraftforge.fml.common.registry.EntityEntry@559fd5ec
[21:58:19] [Server thread/TRACE] [FML]:   Registry: 99 minecraft:villager_golem net.minecraftforge.fml.common.registry.EntityEntry@285bf5ac
[21:58:19] [Server thread/TRACE] [FML]:   Registry: 100 minecraft:horse net.minecraftforge.fml.common.registry.EntityEntry@40fe8fd5
[21:58:19] [Server thread/TRACE] [FML]:   Registry: 101 minecraft:rabbit net.minecraftforge.fml.common.registry.EntityEntry@640a8f93
[21:58:19] [Server thread/TRACE] [FML]:   Registry: 102 minecraft:polar_bear net.minecraftforge.fml.common.registry.EntityEntry@4e6cbdf1
[21:58:19] [Server thread/TRACE] [FML]:   Registry: 103 minecraft:llama net.minecraftforge.fml.common.registry.EntityEntry@5ad6f98e
[21:58:19] [Server thread/TRACE] [FML]:   Registry: 104 minecraft:llama_spit net.minecraftforge.fml.common.registry.EntityEntry@3316527e
[21:58:19] [Server thread/TRACE] [FML]:   Registry: 105 minecraft:parrot net.minecraftforge.fml.common.registry.EntityEntry@4afdfc0f
[21:58:19] [Server thread/TRACE] [FML]:   Registry: 120 minecraft:villager net.minecraftforge.fml.common.registry.EntityEntry@121ddca4
[21:58:19] [Server thread/TRACE] [FML]:   Registry: 200 minecraft:ender_crystal net.minecraftforge.fml.common.registry.EntityEntry@118cbded
[21:58:19] [Server thread/TRACE] [FML]: Sending event FMLModIdMappingEvent to mod minecraft
[21:58:19] [Server thread/TRACE] [FML]: Sent event FMLModIdMappingEvent to mod minecraft
[21:58:19] [Server thread/DEBUG] [FML]: Bar Step: ModIdMapping - Minecraft took 0.000s
[21:58:19] [Server thread/TRACE] [FML]: Sending event FMLModIdMappingEvent to mod mcp
[21:58:19] [Server thread/TRACE] [FML]: Sent event FMLModIdMappingEvent to mod mcp
[21:58:19] [Server thread/DEBUG] [FML]: Bar Step: ModIdMapping - Minecraft Coder Pack took 0.000s
[21:58:19] [Server thread/TRACE] [FML]: Sending event FMLModIdMappingEvent to mod FML
[21:58:19] [Server thread/TRACE] [FML]: Sent event FMLModIdMappingEvent to mod FML
[21:58:19] [Server thread/DEBUG] [FML]: Bar Step: ModIdMapping - Forge Mod Loader took 0.000s
[21:58:19] [Server thread/TRACE] [FML]: Sending event FMLModIdMappingEvent to mod forge
[21:58:19] [Server thread/TRACE] [FML]: Sent event FMLModIdMappingEvent to mod forge
[21:58:19] [Server thread/DEBUG] [FML]: Bar Step: ModIdMapping - Minecraft Forge took 0.015s
[21:58:19] [Server thread/TRACE] [FML]: Sending event FMLModIdMappingEvent to mod jei
[21:58:19] [Server thread/TRACE] [FML]: Sent event FMLModIdMappingEvent to mod jei
[21:58:19] [Server thread/DEBUG] [FML]: Bar Step: ModIdMapping - Just Enough Items took 0.000s
[21:58:19] [Server thread/TRACE] [FML]: Sending event FMLModIdMappingEvent to mod lucky
[21:58:19] [Server thread/TRACE] [FML]: Sent event FMLModIdMappingEvent to mod lucky
[21:58:19] [Server thread/DEBUG] [FML]: Bar Step: ModIdMapping - Lucky Block took 0.000s
[21:58:19] [Server thread/DEBUG] [FML]: Bar Finished: ModIdMapping took 0.016s
[21:58:19] [Server thread/INFO] [FML]: Applying holder lookups
[21:58:19] [Server thread/INFO] [FML]: Holder lookups applied
[21:58:19] [Server thread/DEBUG] [FML]: Loading persistent fluid defaults from world
[21:58:19] [Server thread/DEBUG] [FML]: The fluid minecraft:lava has been selected as the default fluid for lava
[21:58:19] [Server thread/DEBUG] [FML]: The fluid minecraft:water has been selected as the default fluid for water
[21:58:19] [Server thread/INFO] [FML]: Loading dimension 0 (world) (net.minecraft.server.dedicated.DedicatedServer@233acd42)
[21:58:20] [Server thread/INFO] [net.minecraft.advancements.AdvancementList]: Loaded 488 advancements
[21:58:20] [Server thread/INFO] [FML]: Loading dimension -1 (world) (net.minecraft.server.dedicated.DedicatedServer@233acd42)
[21:58:20] [Server thread/INFO] [FML]: Loading dimension 1 (world) (net.minecraft.server.dedicated.DedicatedServer@233acd42)
[21:58:20] [Server thread/INFO] [net.minecraft.server.MinecraftServer]: Preparing start region for level 0
[21:58:20] [Server thread/INFO] [net.minecraft.server.dedicated.DedicatedServer]: Done (1.047s)! For help, type "help" or "?"
[21:58:20] [Server thread/INFO] [net.minecraft.server.dedicated.DedicatedServer]: Starting GS4 status listener
[21:58:20] [Query Listener #1/INFO] [net.minecraft.server.MinecraftServer]: Query running on 0.0.0.0:25565
[21:58:20] [Server thread/TRACE] [FML]: Sending event FMLServerStartingEvent to mod minecraft
[21:58:20] [Server thread/TRACE] [FML]: Sent event FMLServerStartingEvent to mod minecraft
[21:58:20] [Server thread/DEBUG] [FML]: Bar Step: ServerStarting - Minecraft took 0.000s
[21:58:20] [Server thread/TRACE] [FML]: Sending event FMLServerStartingEvent to mod mcp
[21:58:20] [Server thread/TRACE] [FML]: Sent event FMLServerStartingEvent to mod mcp
[21:58:20] [Server thread/DEBUG] [FML]: Bar Step: ServerStarting - Minecraft Coder Pack took 0.000s
[21:58:20] [Server thread/TRACE] [FML]: Sending event FMLServerStartingEvent to mod FML
[21:58:20] [Server thread/TRACE] [FML]: Sent event FMLServerStartingEvent to mod FML
[21:58:20] [Server thread/DEBUG] [FML]: Bar Step: ServerStarting - Forge Mod Loader took 0.000s
[21:58:20] [Server thread/TRACE] [FML]: Sending event FMLServerStartingEvent to mod forge
[21:58:20] [Server thread/TRACE] [FML]: Sent event FMLServerStartingEvent to mod forge
[21:58:20] [Server thread/DEBUG] [FML]: Bar Step: ServerStarting - Minecraft Forge took 0.027s
[21:58:20] [Server thread/TRACE] [FML]: Sending event FMLServerStartingEvent to mod jei
[21:58:20] [Server thread/TRACE] [FML]: Sent event FMLServerStartingEvent to mod jei
[21:58:20] [Server thread/DEBUG] [FML]: Bar Step: ServerStarting - Just Enough Items took 0.000s
[21:58:20] [Server thread/TRACE] [FML]: Sending event FMLServerStartingEvent to mod lucky
[21:58:20] [Server thread/TRACE] [FML]: Sent event FMLServerStartingEvent to mod lucky
[21:58:20] [Server thread/DEBUG] [FML]: Bar Step: ServerStarting - Lucky Block took 0.000s
[21:58:20] [Server thread/DEBUG] [FML]: Bar Finished: ServerStarting took 0.029s
[21:58:20] [Server thread/TRACE] [FML]: Sending event FMLServerStartedEvent to mod minecraft
[21:58:20] [Server thread/TRACE] [FML]: Sent event FMLServerStartedEvent to mod minecraft
[21:58:20] [Server thread/DEBUG] [FML]: Bar Step: ServerStarted - Minecraft took 0.000s
[21:58:20] [Server thread/TRACE] [FML]: Sending event FMLServerStartedEvent to mod mcp
[21:58:20] [Server thread/TRACE] [FML]: Sent event FMLServerStartedEvent to mod mcp
[21:58:20] [Server thread/DEBUG] [FML]: Bar Step: ServerStarted - Minecraft Coder Pack took 0.000s
[21:58:20] [Server thread/TRACE] [FML]: Sending event FMLServerStartedEvent to mod FML
[21:58:20] [Server thread/TRACE] [FML]: Sent event FMLServerStartedEvent to mod FML
[21:58:20] [Server thread/DEBUG] [FML]: Bar Step: ServerStarted - Forge Mod Loader took 0.000s
[21:58:20] [Server thread/TRACE] [FML]: Sending event FMLServerStartedEvent to mod forge
[21:58:20] [Server thread/TRACE] [FML]: Sent event FMLServerStartedEvent to mod forge
[21:58:20] [Server thread/DEBUG] [FML]: Bar Step: ServerStarted - Minecraft Forge took 0.000s
[21:58:20] [Server thread/TRACE] [FML]: Sending event FMLServerStartedEvent to mod jei
[21:58:20] [Server thread/TRACE] [FML]: Sent event FMLServerStartedEvent to mod jei
[21:58:20] [Server thread/DEBUG] [FML]: Bar Step: ServerStarted - Just Enough Items took 0.000s
[21:58:20] [Server thread/TRACE] [FML]: Sending event FMLServerStartedEvent to mod lucky
[21:58:20] [Server thread/TRACE] [FML]: Sent event FMLServerStartedEvent to mod lucky
[21:58:20] [Server thread/DEBUG] [FML]: Bar Step: ServerStarted - Lucky Block took 0.000s
[21:58:20] [Server thread/DEBUG] [FML]: Bar Finished: ServerStarted took 0.001s
[21:58:20] [Server thread/DEBUG] [FML]: Queueing dimension -1 to unload
[21:58:20] [Server thread/DEBUG] [FML]: Queueing dimension 1 to unload
[21:58:20] [Server thread/INFO] [FML]: Unloading dimension -1
[21:58:20] [Server thread/INFO] [FML]: Unloading dimension 1
[21:58:26] [Server thread/TRACE] [FML]: Handshake channel activating
[21:58:26] [Server thread/DEBUG] [FML]: FMLHandshakeServerState: null->FMLHandshakeServerState$1:START
[21:58:26] [Server thread/DEBUG] [FML]:   Next: HELLO
[21:58:27] [Netty Epoll Server IO #2/DEBUG] [FML]: FMLHandshakeServerState: $ClientHello->FMLHandshakeServerState$2:HELLO
[21:58:27] [Netty Epoll Server IO #2/INFO] [FML]: Client protocol version 2
[21:58:27] [Netty Epoll Server IO #2/DEBUG] [FML]: FMLHandshakeServerState: $ModList:5 mods->FMLHandshakeServerState$2:HELLO
[21:58:27] [Netty Epoll Server IO #2/INFO] [FML]: Client attempting to join with 5 mods : minecraft@1.12.2,lucky@7.6.0,FML@8.0.99.99,forge@14.23.5.2859,mcp@9.42
[21:58:27] [Netty Epoll Server IO #2/INFO] [FML]: Attempting connection with missing mods [jei] at CLIENT
[21:58:27] [Netty Epoll Server IO #2/DEBUG] [FML]:   Next: WAITINGCACK
[21:58:27] [Netty Epoll Server IO #2/DEBUG] [FML]: FMLHandshakeServerState: $HandshakeAck:{2}->FMLHandshakeServerState$3:WAITINGCACK
[21:58:27] [Netty Epoll Server IO #2/DEBUG] [FML]:   Next: COMPLETE
[21:58:27] [Netty Epoll Server IO #2/DEBUG] [FML]: FMLHandshakeServerState: $HandshakeAck:{3}->FMLHandshakeServerState$4:COMPLETE
[21:58:27] [Netty Epoll Server IO #2/DEBUG] [FML]:   Next: DONE
[21:58:27] [Netty Epoll Server IO #2/DEBUG] [FML]: FMLHandshakeServerState: $HandshakeAck:{4}->FMLHandshakeServerState$5:DONE
[21:58:27] [Server thread/INFO] [FML]: [Server thread] Server side modded connection established
[21:58:27] [Server thread/INFO] [net.minecraft.server.management.PlayerList]: Jer_efece[/127.59.58.120:55511] logged in with entity id 0 at (-417.5, 64.0, -73.5)
[21:58:27] [Server thread/INFO] [net.minecraft.server.dedicated.DedicatedServer]: Jer_efece joined the game
[21:58:27] [Netty Epoll Server IO #2/DEBUG] [FML]: FMLHandshakeServerState: $HandshakeAck:{5}->FMLHandshakeServerState$5:DONE
[21:58:41] [Server thread/TRACE] [FML]: Handshake channel activating
[21:58:41] [Server thread/DEBUG] [FML]: FMLHandshakeServerState: null->FMLHandshakeServerState$1:START
[21:58:41] [Server thread/DEBUG] [FML]:   Next: HELLO
[21:58:41] [Netty Epoll Server IO #3/DEBUG] [FML]: FMLHandshakeServerState: $ClientHello->FMLHandshakeServerState$2:HELLO
[21:58:41] [Netty Epoll Server IO #3/INFO] [FML]: Client protocol version 2
[21:58:41] [Netty Epoll Server IO #3/DEBUG] [FML]: FMLHandshakeServerState: $ModList:7 mods->FMLHandshakeServerState$2:HELLO
[21:58:41] [Netty Epoll Server IO #3/INFO] [FML]: Client attempting to join with 7 mods : minecraft@1.12.2,lucky@7.6.0,tlauncher_custom_cape_skin@1.4,FML@8.0.99.99,forge@14.23.5.2859,mcp@9.42,jei@4.16.1.1013
[21:58:41] [Netty Epoll Server IO #3/DEBUG] [FML]:   Next: WAITINGCACK
[21:58:42] [Netty Epoll Server IO #3/DEBUG] [FML]: FMLHandshakeServerState: $HandshakeAck:{2}->FMLHandshakeServerState$3:WAITINGCACK
[21:58:42] [Netty Epoll Server IO #3/DEBUG] [FML]:   Next: COMPLETE
[21:58:42] [Netty Epoll Server IO #3/DEBUG] [FML]: FMLHandshakeServerState: $HandshakeAck:{3}->FMLHandshakeServerState$4:COMPLETE
[21:58:42] [Netty Epoll Server IO #3/DEBUG] [FML]:   Next: DONE
[21:58:42] [Netty Epoll Server IO #3/DEBUG] [FML]: FMLHandshakeServerState: $HandshakeAck:{4}->FMLHandshakeServerState$5:DONE
[21:58:42] [Server thread/INFO] [FML]: [Server thread] Server side modded connection established
[21:58:42] [Server thread/INFO] [net.minecraft.server.management.PlayerList]: RompOrTos[/127.28.244.228:40849] logged in with entity id 713 at (-421.5, 64.0, -73.5)
[21:58:42] [Server thread/INFO] [net.minecraft.server.dedicated.DedicatedServer]: RompOrTos joined the game
[21:58:42] [Netty Epoll Server IO #3/DEBUG] [FML]: FMLHandshakeServerState: $HandshakeAck:{5}->FMLHandshakeServerState$5:DONE
[21:59:05] [Server thread/DEBUG] [FML]: Gathering id map for writing to world save world
[21:59:07] [Server thread/INFO] [net.minecraft.server.dedicated.DedicatedServer]: RompOrTos was slain by Jer_efece
[21:59:34] [Server thread/TRACE] [FML]: Handshake channel activating
[21:59:34] [Server thread/DEBUG] [FML]: FMLHandshakeServerState: null->FMLHandshakeServerState$1:START
[21:59:34] [Server thread/DEBUG] [FML]:   Next: HELLO
[21:59:34] [Netty Epoll Server IO #5/DEBUG] [FML]: FMLHandshakeServerState: $ClientHello->FMLHandshakeServerState$2:HELLO
[21:59:34] [Netty Epoll Server IO #5/INFO] [FML]: Client protocol version 2
[21:59:34] [Netty Epoll Server IO #5/DEBUG] [FML]: FMLHandshakeServerState: $ModList:6 mods->FMLHandshakeServerState$2:HELLO
[21:59:34] [Netty Epoll Server IO #5/INFO] [FML]: Client attempting to join with 6 mods : minecraft@1.12.2,lucky@7.6.0,FML@8.0.99.99,forge@14.23.5.2859,mcp@9.42,jei@4.16.1.1013
[21:59:34] [Netty Epoll Server IO #5/DEBUG] [FML]:   Next: WAITINGCACK
[21:59:34] [Netty Epoll Server IO #5/DEBUG] [FML]: FMLHandshakeServerState: $HandshakeAck:{2}->FMLHandshakeServerState$3:WAITINGCACK
[21:59:34] [Netty Epoll Server IO #5/DEBUG] [FML]:   Next: COMPLETE
[21:59:35] [Netty Epoll Server IO #5/DEBUG] [FML]: FMLHandshakeServerState: $HandshakeAck:{3}->FMLHandshakeServerState$4:COMPLETE
[21:59:35] [Netty Epoll Server IO #5/DEBUG] [FML]:   Next: DONE
[21:59:35] [Netty Epoll Server IO #5/DEBUG] [FML]: FMLHandshakeServerState: $HandshakeAck:{4}->FMLHandshakeServerState$5:DONE
[21:59:35] [Server thread/INFO] [FML]: [Server thread] Server side modded connection established
[21:59:35] [Server thread/INFO] [net.minecraft.server.management.PlayerList]: netz_zk[/127.204.234.187:52591] logged in with entity id 3479 at (-417.5, 64.0, -75.5)
[21:59:35] [Server thread/INFO] [net.minecraft.server.dedicated.DedicatedServer]: netz_zk joined the game
[21:59:35] [Netty Epoll Server IO #5/DEBUG] [FML]: FMLHandshakeServerState: $HandshakeAck:{5}->FMLHandshakeServerState$5:DONE
[21:59:35] [Server thread/INFO] [net.minecraft.server.dedicated.DedicatedServer]: <RompOrTos> xdd
[21:59:50] [Server thread/DEBUG] [FML]: Gathering id map for writing to world save world
[22:00:29] [Server thread/INFO] [net.minecraft.server.dedicated.DedicatedServer]: [@: Game rule keeInventory has been updated to true @a]
[22:00:30] [Server thread/INFO] [net.minecraft.server.dedicated.DedicatedServer]: [@: Set the time to 0]
[22:00:31] [Server thread/INFO] [net.minecraft.server.dedicated.DedicatedServer]: <netz_zk> oe
[22:00:33] [Server thread/INFO] [net.minecraft.server.dedicated.DedicatedServer]: <netz_zk> deja
[22:00:35] [Server thread/INFO] [net.minecraft.server.dedicated.DedicatedServer]: <netz_zk> entra
[22:00:35] [Server thread/DEBUG] [FML]: Gathering id map for writing to world save world
[22:00:37] [Server thread/INFO] [net.minecraft.server.dedicated.DedicatedServer]: <netz_zk> zapapollas
[22:00:40] [Server thread/INFO] [net.minecraft.server.dedicated.DedicatedServer]: <RompOrTos> xdd
[22:01:20] [Server thread/DEBUG] [FML]: Gathering id map for writing to world save world
[22:01:34] [Server thread/INFO] [net.minecraft.server.dedicated.DedicatedServer]: [@: Teleported Jer_efece to -431.5, 28.0625, -116.5]
[22:01:46] [Server thread/INFO] [net.minecraft.server.dedicated.DedicatedServer]: Jer_efece fell out of the world
[22:02:05] [Server thread/DEBUG] [FML]: Gathering id map for writing to world save world
[22:02:15] [Server thread/INFO] [net.minecraft.server.dedicated.DedicatedServer]: RompOrTos was slain by Jer_efece
[22:02:50] [Server thread/DEBUG] [FML]: Gathering id map for writing to world save world
[22:02:55] [Server thread/INFO] [net.minecraft.server.dedicated.DedicatedServer]: Jer_efece fell out of the world
[22:03:11] [Server thread/INFO] [net.minecraft.server.dedicated.DedicatedServer]: Jer_efece fell out of the world
[22:03:35] [Server thread/DEBUG] [FML]: Gathering id map for writing to world save world
[22:04:20] [Server thread/DEBUG] [FML]: Gathering id map for writing to world save world
[22:05:05] [Server thread/DEBUG] [FML]: Gathering id map for writing to world save world
[22:05:50] [Server thread/DEBUG] [FML]: Gathering id map for writing to world save world
[22:06:16] [Server thread/INFO] [net.minecraft.network.NetHandlerPlayServer]: RompOrTos lost connection: Disconnected
[22:06:16] [Server thread/INFO] [net.minecraft.server.dedicated.DedicatedServer]: RompOrTos left the game
[22:06:31] [Server thread/TRACE] [FML]: Handshake channel activating
[22:06:31] [Server thread/DEBUG] [FML]: FMLHandshakeServerState: null->FMLHandshakeServerState$1:START
[22:06:31] [Server thread/DEBUG] [FML]:   Next: HELLO
[22:06:31] [Netty Epoll Server IO #6/DEBUG] [FML]: FMLHandshakeServerState: $ClientHello->FMLHandshakeServerState$2:HELLO
[22:06:31] [Netty Epoll Server IO #6/INFO] [FML]: Client protocol version 2
[22:06:31] [Netty Epoll Server IO #6/DEBUG] [FML]: FMLHandshakeServerState: $ModList:7 mods->FMLHandshakeServerState$2:HELLO
[22:06:31] [Netty Epoll Server IO #6/INFO] [FML]: Client attempting to join with 7 mods : minecraft@1.12.2,lucky@7.6.0,tlauncher_custom_cape_skin@1.4,FML@8.0.99.99,forge@14.23.5.2859,mcp@9.42,jei@4.16.1.1013
[22:06:31] [Netty Epoll Server IO #6/DEBUG] [FML]:   Next: WAITINGCACK
[22:06:32] [Netty Epoll Server IO #6/DEBUG] [FML]: FMLHandshakeServerState: $HandshakeAck:{2}->FMLHandshakeServerState$3:WAITINGCACK
[22:06:32] [Netty Epoll Server IO #6/DEBUG] [FML]:   Next: COMPLETE
[22:06:32] [Netty Epoll Server IO #6/DEBUG] [FML]: FMLHandshakeServerState: $HandshakeAck:{3}->FMLHandshakeServerState$4:COMPLETE
[22:06:32] [Netty Epoll Server IO #6/DEBUG] [FML]:   Next: DONE
[22:06:32] [Netty Epoll Server IO #6/DEBUG] [FML]: FMLHandshakeServerState: $HandshakeAck:{4}->FMLHandshakeServerState$5:DONE
[22:06:32] [Server thread/INFO] [FML]: [Server thread] Server side modded connection established
[22:06:32] [Server thread/INFO] [net.minecraft.server.management.PlayerList]: RompOrTos[/127.28.244.228:33115] logged in with entity id 26441 at (-423.95207091561326, 64.0, -76.05400621797578)
[22:06:32] [Server thread/INFO] [net.minecraft.server.dedicated.DedicatedServer]: RompOrTos joined the game
[22:06:32] [Netty Epoll Server IO #6/DEBUG] [FML]: FMLHandshakeServerState: $HandshakeAck:{5}->FMLHandshakeServerState$5:DONE
[22:06:35] [Server thread/DEBUG] [FML]: Gathering id map for writing to world save world
[22:07:20] [Server thread/DEBUG] [FML]: Gathering id map for writing to world save world
[22:08:05] [Server thread/DEBUG] [FML]: Gathering id map for writing to world save world
[22:08:50] [Server thread/DEBUG] [FML]: Gathering id map for writing to world save world
[22:09:05] [Server thread/INFO] [net.minecraft.server.dedicated.DedicatedServer]: <netz_zk> ganpi
[22:09:11] [Server thread/TRACE] [FML]: Handshake channel activating
[22:09:11] [Server thread/DEBUG] [FML]: FMLHandshakeServerState: null->FMLHandshakeServerState$1:START
[22:09:11] [Server thread/DEBUG] [FML]:   Next: HELLO
[22:09:12] [Netty Epoll Server IO #1/DEBUG] [FML]: FMLHandshakeServerState: $ClientHello->FMLHandshakeServerState$2:HELLO
[22:09:12] [Netty Epoll Server IO #1/INFO] [FML]: Client protocol version 2
[22:09:12] [Netty Epoll Server IO #1/DEBUG] [FML]: FMLHandshakeServerState: $ModList:6 mods->FMLHandshakeServerState$2:HELLO
[22:09:12] [Netty Epoll Server IO #1/INFO] [FML]: Client attempting to join with 6 mods : minecraft@1.12.2,lucky@7.6.0,FML@8.0.99.99,forge@14.23.5.2859,mcp@9.42,jei@4.16.1.302
[22:09:12] [Netty Epoll Server IO #1/DEBUG] [FML]:   Next: WAITINGCACK
[22:09:12] [Netty Epoll Server IO #1/DEBUG] [FML]: FMLHandshakeServerState: $HandshakeAck:{2}->FMLHandshakeServerState$3:WAITINGCACK
[22:09:12] [Netty Epoll Server IO #1/DEBUG] [FML]:   Next: COMPLETE
[22:09:12] [Netty Epoll Server IO #1/DEBUG] [FML]: FMLHandshakeServerState: $HandshakeAck:{3}->FMLHandshakeServerState$4:COMPLETE
[22:09:12] [Netty Epoll Server IO #1/DEBUG] [FML]:   Next: DONE
[22:09:12] [Netty Epoll Server IO #1/DEBUG] [FML]: FMLHandshakeServerState: $HandshakeAck:{4}->FMLHandshakeServerState$5:DONE
[22:09:12] [Server thread/INFO] [FML]: [Server thread] Server side modded connection established
[22:09:12] [Server thread/INFO] [net.minecraft.server.management.PlayerList]: stph_xmx[/127.247.183.13:44535] logged in with entity id 34697 at (-413.5, 64.0, -72.5)
[22:09:12] [Server thread/INFO] [net.minecraft.server.dedicated.DedicatedServer]: stph_xmx joined the game
[22:09:12] [Netty Epoll Server IO #1/DEBUG] [FML]: FMLHandshakeServerState: $HandshakeAck:{5}->FMLHandshakeServerState$5:DONE
[22:09:29] [Server thread/INFO] [net.minecraft.server.dedicated.DedicatedServer]: <netz_zk> es zapata
[22:09:30] [Server thread/INFO] [net.minecraft.server.dedicated.DedicatedServer]: <netz_zk> go
[22:09:31] [Server thread/INFO] [net.minecraft.server.dedicated.DedicatedServer]: Jer_efece was slain by stph_xmx
[22:09:35] [Server thread/DEBUG] [FML]: Gathering id map for writing to world save world
[22:09:36] [Server thread/INFO] [net.minecraft.server.dedicated.DedicatedServer]: <Jer_efece> zapata rosca
[22:09:55] [Server thread/INFO] [net.minecraft.server.dedicated.DedicatedServer]: netz_zk was slain by stph_xmx
[22:10:04] [Server thread/INFO] [net.minecraft.server.dedicated.DedicatedServer]: stph_xmx was slain by Jer_efece
[22:10:08] [Server thread/INFO] [net.minecraft.server.dedicated.DedicatedServer]: <netz_zk> cualquiera
[22:10:20] [Server thread/DEBUG] [FML]: Gathering id map for writing to world save world
[22:10:22] [Server thread/INFO] [net.minecraft.server.dedicated.DedicatedServer]: <netz_zk> solo q el lag no ayuda los combos
[22:10:31] [Server thread/INFO] [net.minecraft.server.dedicated.DedicatedServer]: <netz_zk> pero igual ta chvr
[22:10:35] [Server thread/INFO] [net.minecraft.server.dedicated.DedicatedServer]: RompOrTos fell out of the world
[22:10:53] [Server thread/INFO] [net.minecraft.server.dedicated.DedicatedServer]: <RompOrTos> https://meet.google.com/ver-vswc-zhx
[22:11:05] [Server thread/DEBUG] [FML]: Gathering id map for writing to world save world
[22:11:43] [Server thread/INFO] [net.minecraft.server.dedicated.DedicatedServer]: Jer_efece was slain by stph_xmx
[22:11:50] [Server thread/DEBUG] [FML]: Gathering id map for writing to world save world
[22:12:01] [Server thread/INFO] [net.minecraft.server.dedicated.DedicatedServer]: <netz_zk> eres d 1.8.9 no jer?
[22:12:08] [Server thread/INFO] [net.minecraft.server.dedicated.DedicatedServer]: stph_xmx was slain by Jer_efece
[22:12:12] [Server thread/INFO] [net.minecraft.server.dedicated.DedicatedServer]: <Jer_efece> si p
[22:12:16] [Server thread/INFO] [net.minecraft.server.dedicated.DedicatedServer]: <netz_zk> eleganpi
[22:12:20] [Server thread/INFO] [net.minecraft.server.dedicated.DedicatedServer]: Jer_efece fell out of the world
[22:12:29] [Server thread/INFO] [net.minecraft.server.dedicated.DedicatedServer]: <netz_zk> cuanto cps/s
[22:12:33] [Server thread/INFO] [net.minecraft.server.dedicated.DedicatedServer]: <Jer_efece> tmb d las últimas
[22:12:35] [Server thread/DEBUG] [FML]: Gathering id map for writing to world save world
[22:12:40] [Server thread/INFO] [net.minecraft.server.dedicated.DedicatedServer]: <Jer_efece> pero ya no toy jugando mucho
[22:12:42] [Server thread/INFO] [net.minecraft.server.dedicated.DedicatedServer]: RompOrTos was slain by stph_xmx
[22:12:47] [Server thread/INFO] [net.minecraft.server.dedicated.DedicatedServer]: <netz_zk> go csgo
[22:12:48] [Server thread/INFO] [net.minecraft.server.dedicated.DedicatedServer]: [@: Set Jer_efece's spawn point to (-432, 64, -80)]
[22:12:49] [Server thread/INFO] [net.minecraft.server.dedicated.DedicatedServer]: <Jer_efece> 12 cps nrml
[22:12:58] [Server thread/INFO] [net.minecraft.server.dedicated.DedicatedServer]: <netz_zk> x2
[22:12:58] [Server thread/INFO] [net.minecraft.server.dedicated.DedicatedServer]: [@: Teleported stph_xmx to -431.5, 28.0625, -116.5]
[22:13:00] [Server thread/INFO] [net.minecraft.server.dedicated.DedicatedServer]: [@: Set stph_xmx's spawn point to (-432, 28, -120)]
[22:13:01] [Server thread/INFO] [net.minecraft.server.dedicated.DedicatedServer]: [@: Set stph_xmx's spawn point to (-431, 28, -118)]
[22:13:03] [Server thread/INFO] [net.minecraft.server.dedicated.DedicatedServer]: [@: Set stph_xmx's spawn point to (-432, 28, -119)]
[22:13:03] [Server thread/INFO] [net.minecraft.server.dedicated.DedicatedServer]: [@: Set stph_xmx's spawn point to (-432, 28, -119)]
[22:13:04] [Server thread/INFO] [net.minecraft.server.dedicated.DedicatedServer]: [@: Set stph_xmx's spawn point to (-432, 28, -119)]
[22:13:11] [Server thread/INFO] [net.minecraft.server.dedicated.DedicatedServer]: [Jer_efece: Teleported stph_xmx to Jer_efece]
[22:13:18] [Server thread/TRACE] [FML]: Handshake channel activating
[22:13:18] [Server thread/DEBUG] [FML]: FMLHandshakeServerState: null->FMLHandshakeServerState$1:START
[22:13:18] [Server thread/DEBUG] [FML]:   Next: HELLO
[22:13:18] [Netty Epoll Server IO #3/DEBUG] [FML]: FMLHandshakeServerState: $ClientHello->FMLHandshakeServerState$2:HELLO
[22:13:18] [Netty Epoll Server IO #3/INFO] [FML]: Client protocol version 2
[22:13:18] [Netty Epoll Server IO #3/DEBUG] [FML]: FMLHandshakeServerState: $ModList:7 mods->FMLHandshakeServerState$2:HELLO
[22:13:18] [Netty Epoll Server IO #3/INFO] [FML]: Client attempting to join with 7 mods : minecraft@1.12.2,lucky@7.6.0,tlauncher_custom_cape_skin@1.4,FML@8.0.99.99,forge@14.23.5.2859,mcp@9.42,jei@4.16.1.1013
[22:13:18] [Netty Epoll Server IO #3/DEBUG] [FML]:   Next: WAITINGCACK
[22:13:18] [Netty Epoll Server IO #3/DEBUG] [FML]: FMLHandshakeServerState: $HandshakeAck:{2}->FMLHandshakeServerState$3:WAITINGCACK
[22:13:18] [Netty Epoll Server IO #3/DEBUG] [FML]:   Next: COMPLETE
[22:13:19] [Netty Epoll Server IO #3/DEBUG] [FML]: FMLHandshakeServerState: $HandshakeAck:{3}->FMLHandshakeServerState$4:COMPLETE
[22:13:19] [Netty Epoll Server IO #3/DEBUG] [FML]:   Next: DONE
[22:13:19] [Netty Epoll Server IO #3/DEBUG] [FML]: FMLHandshakeServerState: $HandshakeAck:{4}->FMLHandshakeServerState$5:DONE
[22:13:19] [Server thread/INFO] [FML]: [Server thread] Server side modded connection established
[22:13:19] [Server thread/INFO] [net.minecraft.server.management.PlayerList]: TTottaly_RED[/127.254.8.138:48999] logged in with entity id 47523 at (-415.5, 64.0, -72.5)
[22:13:19] [Server thread/INFO] [net.minecraft.server.dedicated.DedicatedServer]: TTottaly_RED joined the game
[22:13:19] [Netty Epoll Server IO #3/DEBUG] [FML]: FMLHandshakeServerState: $HandshakeAck:{5}->FMLHandshakeServerState$5:DONE
[22:13:20] [Server thread/DEBUG] [FML]: Gathering id map for writing to world save world
[22:13:28] [Server thread/INFO] [net.minecraft.server.dedicated.DedicatedServer]: <TTottaly_RED> sin roap
[22:13:29] [Server thread/INFO] [net.minecraft.server.dedicated.DedicatedServer]: <netz_zk> habla p febres
[22:13:32] [Server thread/INFO] [net.minecraft.server.dedicated.DedicatedServer]: <netz_zk> hijo de puta
[22:13:32] [Server thread/WARN] [net.minecraft.network.NetHandlerPlayServer]: Jer_efece moved wrongly!
[22:13:33] [Server thread/INFO] [net.minecraft.server.dedicated.DedicatedServer]: TTottaly_RED was slain by Jer_efece
[22:13:37] [Server thread/INFO] [net.minecraft.server.dedicated.DedicatedServer]: <TTottaly_RED> perate
[22:13:40] [Server thread/INFO] [net.minecraft.server.dedicated.DedicatedServer]: <TTottaly_RED> configuro
[22:13:47] [Server thread/INFO] [net.minecraft.server.dedicated.DedicatedServer]: TTottaly_RED was slain by stph_xmx
[22:13:56] [Server thread/INFO] [net.minecraft.network.NetHandlerPlayServer]: stph_xmx lost connection: Disconnected
[22:13:56] [Server thread/INFO] [net.minecraft.server.dedicated.DedicatedServer]: stph_xmx left the game
[22:14:05] [Server thread/DEBUG] [FML]: Gathering id map for writing to world save world
[22:14:19] [Server thread/INFO] [net.minecraft.server.dedicated.DedicatedServer]: Jer_efece fell out of the world
[22:14:27] [Server thread/TRACE] [FML]: Handshake channel activating
[22:14:27] [Server thread/DEBUG] [FML]: FMLHandshakeServerState: null->FMLHandshakeServerState$1:START
[22:14:27] [Server thread/DEBUG] [FML]:   Next: HELLO
[22:14:28] [Netty Epoll Server IO #5/DEBUG] [FML]: FMLHandshakeServerState: $ClientHello->FMLHandshakeServerState$2:HELLO
[22:14:28] [Netty Epoll Server IO #5/INFO] [FML]: Client protocol version 2
[22:14:28] [Netty Epoll Server IO #5/DEBUG] [FML]: FMLHandshakeServerState: $ModList:6 mods->FMLHandshakeServerState$2:HELLO
[22:14:28] [Netty Epoll Server IO #5/INFO] [FML]: Client attempting to join with 6 mods : minecraft@1.12.2,lucky@7.6.0,FML@8.0.99.99,forge@14.23.5.2859,mcp@9.42,jei@4.16.1.302
[22:14:28] [Netty Epoll Server IO #5/DEBUG] [FML]:   Next: WAITINGCACK
[22:14:28] [Netty Epoll Server IO #5/DEBUG] [FML]: FMLHandshakeServerState: $HandshakeAck:{2}->FMLHandshakeServerState$3:WAITINGCACK
[22:14:28] [Netty Epoll Server IO #5/DEBUG] [FML]:   Next: COMPLETE
[22:14:28] [Netty Epoll Server IO #5/DEBUG] [FML]: FMLHandshakeServerState: $HandshakeAck:{3}->FMLHandshakeServerState$4:COMPLETE
[22:14:28] [Netty Epoll Server IO #5/DEBUG] [FML]:   Next: DONE
[22:14:28] [Netty Epoll Server IO #5/DEBUG] [FML]: FMLHandshakeServerState: $HandshakeAck:{4}->FMLHandshakeServerState$5:DONE
[22:14:28] [Server thread/INFO] [FML]: [Server thread] Server side modded connection established
[22:14:28] [Server thread/INFO] [net.minecraft.server.management.PlayerList]: stph_xmx[/127.247.183.13:34679] logged in with entity id 51224 at (-427.12349752060805, 64.0, -82.03875037024663)
[22:14:28] [Server thread/INFO] [net.minecraft.server.dedicated.DedicatedServer]: stph_xmx joined the game
[22:14:28] [Netty Epoll Server IO #5/DEBUG] [FML]: FMLHandshakeServerState: $HandshakeAck:{5}->FMLHandshakeServerState$5:DONE
[22:14:28] [Server thread/INFO] [net.minecraft.server.dedicated.DedicatedServer]: netz_zk was slain by TTottaly_RED
[22:14:35] [Server thread/INFO] [net.minecraft.server.dedicated.DedicatedServer]: [@: Teleported RompOrTos to -445.5, 28.0, -117.5]
[22:14:35] [Server thread/INFO] [net.minecraft.server.dedicated.DedicatedServer]: [@: Teleported TTottaly_RED to -437.5, 28.0625, -117.5]
[22:14:38] [Server thread/INFO] [net.minecraft.server.dedicated.DedicatedServer]: <TTottaly_RED> oe
[22:14:43] [Server thread/INFO] [net.minecraft.server.dedicated.DedicatedServer]: <TTottaly_RED> me hizo tp
[22:14:43] [Server thread/INFO] [net.minecraft.server.dedicated.DedicatedServer]: [@: Set TTottaly_RED's spawn point to (-438, 28, -119)]
[22:14:44] [Server thread/INFO] [net.minecraft.server.dedicated.DedicatedServer]: [Jer_efece: Teleported Jer_efece to Jer_efece]
[22:14:44] [Server thread/INFO] [net.minecraft.server.dedicated.DedicatedServer]: [Jer_efece: Teleported stph_xmx to Jer_efece]
[22:14:44] [Server thread/INFO] [net.minecraft.server.dedicated.DedicatedServer]: [Jer_efece: Teleported netz_zk to Jer_efece]
[22:14:44] [Server thread/INFO] [net.minecraft.server.dedicated.DedicatedServer]: [Jer_efece: Teleported TTottaly_RED to Jer_efece]
[22:14:44] [Server thread/INFO] [net.minecraft.server.dedicated.DedicatedServer]: [Jer_efece: Teleported RompOrTos to Jer_efece]
[22:14:50] [Server thread/DEBUG] [FML]: Gathering id map for writing to world save world
[22:14:50] [Server thread/INFO] [net.minecraft.server.dedicated.DedicatedServer]: [Jer_efece: Teleported Jer_efece to Jer_efece]
[22:14:50] [Server thread/INFO] [net.minecraft.server.dedicated.DedicatedServer]: [Jer_efece: Teleported RompOrTos to Jer_efece]
[22:14:50] [Server thread/INFO] [net.minecraft.server.dedicated.DedicatedServer]: [Jer_efece: Teleported netz_zk to Jer_efece]
[22:14:50] [Server thread/INFO] [net.minecraft.server.dedicated.DedicatedServer]: [Jer_efece: Teleported stph_xmx to Jer_efece]
[22:14:50] [Server thread/INFO] [net.minecraft.server.dedicated.DedicatedServer]: [Jer_efece: Teleported TTottaly_RED to Jer_efece]
[22:14:54] [Server thread/INFO] [net.minecraft.server.dedicated.DedicatedServer]: RompOrTos fell out of the world
[22:14:55] [Server thread/INFO] [net.minecraft.server.dedicated.DedicatedServer]: stph_xmx fell out of the world
[22:14:55] [Server thread/INFO] [net.minecraft.server.dedicated.DedicatedServer]: Jer_efece fell out of the world
[22:14:55] [Server thread/INFO] [net.minecraft.server.dedicated.DedicatedServer]: TTottaly_RED fell out of the world
[22:14:57] [Server thread/INFO] [net.minecraft.server.dedicated.DedicatedServer]: [Jer_efece: Teleported Jer_efece to Jer_efece]
[22:14:57] [Server thread/INFO] [net.minecraft.server.dedicated.DedicatedServer]: [Jer_efece: Teleported RompOrTos to Jer_efece]
[22:14:57] [Server thread/INFO] [net.minecraft.server.dedicated.DedicatedServer]: [Jer_efece: Teleported netz_zk to Jer_efece]
[22:14:57] [Server thread/INFO] [net.minecraft.server.dedicated.DedicatedServer]: [Jer_efece: Teleported stph_xmx to Jer_efece]
[22:14:57] [Server thread/INFO] [net.minecraft.server.dedicated.DedicatedServer]: [Jer_efece: Teleported TTottaly_RED to Jer_efece]
[22:14:59] [Server thread/INFO] [net.minecraft.server.dedicated.DedicatedServer]: [Jer_efece: Teleported Jer_efece to Jer_efece]
[22:14:59] [Server thread/INFO] [net.minecraft.server.dedicated.DedicatedServer]: [Jer_efece: Teleported RompOrTos to Jer_efece]
[22:14:59] [Server thread/INFO] [net.minecraft.server.dedicated.DedicatedServer]: [Jer_efece: Teleported netz_zk to Jer_efece]
[22:14:59] [Server thread/INFO] [net.minecraft.server.dedicated.DedicatedServer]: [Jer_efece: Teleported stph_xmx to Jer_efece]
[22:14:59] [Server thread/INFO] [net.minecraft.server.dedicated.DedicatedServer]: [Jer_efece: Teleported TTottaly_RED to Jer_efece]
[22:15:00] [Server thread/INFO] [net.minecraft.server.dedicated.DedicatedServer]: [Jer_efece: Teleported Jer_efece to Jer_efece]
[22:15:00] [Server thread/INFO] [net.minecraft.server.dedicated.DedicatedServer]: [Jer_efece: Teleported netz_zk to Jer_efece]
[22:15:00] [Server thread/INFO] [net.minecraft.server.dedicated.DedicatedServer]: [Jer_efece: Teleported stph_xmx to Jer_efece]
[22:15:00] [Server thread/INFO] [net.minecraft.server.dedicated.DedicatedServer]: [Jer_efece: Teleported TTottaly_RED to Jer_efece]
[22:15:00] [Server thread/INFO] [net.minecraft.server.dedicated.DedicatedServer]: [Jer_efece: Teleported RompOrTos to Jer_efece]
[22:15:05] [Server thread/INFO] [net.minecraft.server.dedicated.DedicatedServer]: [Jer_efece: Teleported Jer_efece to Jer_efece]
[22:15:05] [Server thread/INFO] [net.minecraft.server.dedicated.DedicatedServer]: [Jer_efece: Teleported RompOrTos to Jer_efece]
[22:15:05] [Server thread/INFO] [net.minecraft.server.dedicated.DedicatedServer]: [Jer_efece: Teleported TTottaly_RED to Jer_efece]
[22:15:05] [Server thread/INFO] [net.minecraft.server.dedicated.DedicatedServer]: [Jer_efece: Teleported netz_zk to Jer_efece]
[22:15:05] [Server thread/INFO] [net.minecraft.server.dedicated.DedicatedServer]: [Jer_efece: Teleported stph_xmx to Jer_efece]
[22:15:10] [Server thread/INFO] [net.minecraft.server.dedicated.DedicatedServer]: [@: Set stph_xmx's spawn point to (-432, 28, -119)]
[22:15:12] [Server thread/INFO] [net.minecraft.server.dedicated.DedicatedServer]: [Jer_efece: Teleported Jer_efece to Jer_efece]
[22:15:12] [Server thread/INFO] [net.minecraft.server.dedicated.DedicatedServer]: [Jer_efece: Teleported TTottaly_RED to Jer_efece]
[22:15:12] [Server thread/INFO] [net.minecraft.server.dedicated.DedicatedServer]: [Jer_efece: Teleported netz_zk to Jer_efece]
[22:15:12] [Server thread/INFO] [net.minecraft.server.dedicated.DedicatedServer]: [Jer_efece: Teleported RompOrTos to Jer_efece]
[22:15:12] [Server thread/INFO] [net.minecraft.server.dedicated.DedicatedServer]: [Jer_efece: Teleported stph_xmx to Jer_efece]
[22:15:29] [Server thread/INFO] [net.minecraft.server.dedicated.DedicatedServer]: [@: Teleported TTottaly_RED to -437.5, 28.0625, -117.5]
[22:15:31] [Server thread/INFO] [net.minecraft.server.dedicated.DedicatedServer]: [Jer_efece: Teleported Jer_efece to Jer_efece]
[22:15:31] [Server thread/INFO] [net.minecraft.server.dedicated.DedicatedServer]: [Jer_efece: Teleported stph_xmx to Jer_efece]
[22:15:31] [Server thread/INFO] [net.minecraft.server.dedicated.DedicatedServer]: [Jer_efece: Teleported RompOrTos to Jer_efece]
[22:15:31] [Server thread/INFO] [net.minecraft.server.dedicated.DedicatedServer]: [Jer_efece: Teleported netz_zk to Jer_efece]
[22:15:31] [Server thread/INFO] [net.minecraft.server.dedicated.DedicatedServer]: [Jer_efece: Teleported TTottaly_RED to Jer_efece]
[22:15:35] [Server thread/DEBUG] [FML]: Gathering id map for writing to world save world
[22:16:07] [Server thread/INFO] [net.minecraft.server.dedicated.DedicatedServer]: <netz_zk> fapcraft
[22:16:09] [Server thread/INFO] [net.minecraft.server.dedicated.DedicatedServer]: TTottaly_RED was slain by stph_xmx
[22:16:11] [Server thread/INFO] [net.minecraft.server.dedicated.DedicatedServer]: [RompOrTos: Set the time to 1000]
[22:16:15] [Server thread/INFO] [net.minecraft.server.dedicated.DedicatedServer]: [@: Teleported RompOrTos to -445.5, 28.0, -117.5]
[22:16:15] [Server thread/INFO] [net.minecraft.server.dedicated.DedicatedServer]: [@: Teleported stph_xmx to -431.5, 28.0625, -116.5]
[22:16:15] [Server thread/INFO] [net.minecraft.server.dedicated.DedicatedServer]: [@: Teleported netz_zk to -452.5, 28.0, -117.5]
[22:16:16] [Server thread/INFO] [net.minecraft.server.dedicated.DedicatedServer]: [@: Teleported Jer_efece to -416.5, 28.0625, -117.5]
[22:16:16] [Server thread/INFO] [net.minecraft.server.dedicated.DedicatedServer]: [@: Set TTottaly_RED's spawn point to (-438, 28, -120)]
[22:16:17] [Server thread/INFO] [net.minecraft.server.dedicated.DedicatedServer]: [@: Set stph_xmx's spawn point to (-432, 28, -119)]
[22:16:18] [Server thread/INFO] [net.minecraft.server.dedicated.DedicatedServer]: [@: Set netz_zk's spawn point to (-453, 28, -118)]
[22:16:18] [Server thread/INFO] [net.minecraft.server.dedicated.DedicatedServer]: [@: Set Jer_efece's spawn point to (-417, 28, -118)]
[22:16:19] [Server thread/INFO] [STDOUT]: [mod.lucky.drop.func.DropProcessor:processRandomDrop:122]: Chosen Lucky Block Drop: ID=bow,NBTTag=(ench=#luckyBowEnchantments,display=(Name="$9$lHero's Bow"))@luck=2
[22:16:20] [Server thread/DEBUG] [FML]: Gathering id map for writing to world save world
[22:16:20] [Server thread/INFO] [STDOUT]: [mod.lucky.drop.func.DropProcessor:processRandomDrop:122]: Chosen Lucky Block Drop: group:#rand(1,2):(ID=diamond_helmet,NBTTag=(ench=#luckyHelmetEnchantments,display=(Name="$9$lHero's Helmet"));ID=diamond_chestplate,NBTTag=(ench=#luckyChestplateEnchantments,display=(Name="$9$lHero's Chestplate"));ID=diamond_leggings,NBTTag=(ench=#luckyLeggingsEnchantments,display=(Name="$9$lHero's Leggings"));ID=diamond_boots,NBTTag=(ench=#luckyBootsEnchantments,display=(Name="$9$lHero's Boots")))@luck=2
[22:16:21] [Server thread/INFO] [net.minecraft.server.dedicated.DedicatedServer]: Jer_efece has made the advancement [Cover Me With Diamonds]
[22:16:21] [Server thread/INFO] [STDOUT]: [mod.lucky.drop.func.DropProcessor:processRandomDrop:122]: Chosen Lucky Block Drop: ID=end_portal_frame,amount=#rand(2,6)@luck=2
[22:16:22] [Server thread/INFO] [STDOUT]: [mod.lucky.drop.func.DropProcessor:processRandomDrop:122]: Chosen Lucky Block Drop: type=block,ID=chest,tileEntity=(Items=#customChestLootTable({"pools":[{"rolls":{"min":6,"max":12},"entries":[{"type":"item","name":"minecraft:iron_ingot","weight":1,"functions":[{"function":"set_count","count":{"min":1,"max":8}}]},{"type":"item","name":"minecraft:gold_ingot","weight":1,"functions":[{"function":"set_count","count":{"min":1,"max":4}}]},{"type":"item","name":"minecraft:diamond","weight":1,"functions":[{"function":"set_count","count":{"min":1,"max":4}}]},{"type":"item","name":"minecraft:emerald","weight":1,"functions":[{"function":"set_count","count":{"min":1,"max":4}}]},{"type":"item","name":"minecraft:dye","weight":1,"functions":[{"function":"set_data","data":4},{"function":"set_count","count":{"min":1,"max":4}}]},{"type":"item","name":"lucky:lucky_block","weight":1,"functions":[{"function":"set_data","data":0},{"function":"set_count","count":{"min":1,"max":2}}]},{"type":"item","name":"minecraft:golden_apple","weight":1,"functions":[{"function":"set_data","data":0},{"function":"set_count","count":{"min":1,"max":2}}]},{"type":"item","name":"minecraft:golden_apple","weight":1,"functions":[{"function":"set_data","data":1},{"function":"set_count","count":{"min":1,"max":2}}]}]}]}))@luck=2
[22:16:22] [Server thread/INFO] [STDOUT]: [mod.lucky.drop.func.DropProcessor:processRandomDrop:122]: Chosen Lucky Block Drop: type=entity,ID=llama,amount=8,posOffset=#circleOffset(4),NBTTag=(CustomName=#randList("$5$lLlaura","$5$lLlauretta","$5$lLlavender","$5$lLlinda","$5$lLlisa","$5$lLlouise","$5$lLlucy","$5$lLlydia"),Variant=#rand(0,3),CustomNameVisible=true)@luck=0
[22:16:22] [Server thread/INFO] [STDOUT]: [mod.lucky.drop.func.DropProcessor:processRandomDrop:122]: Chosen Lucky Block Drop: type=entity,ID=#randList(horse,skeleton_horse,zombie_horse),amount=12,posOffset=#circleOffset(4),NBTTag=(Tame=true,OwnerUUID=#pUUID)@luck=1
[22:16:23] [Server thread/INFO] [net.minecraft.server.dedicated.DedicatedServer]: [@: Set Jer_efece's spawn point to (-419, 29, -123)]
[22:16:23] [Server thread/INFO] [net.minecraft.server.dedicated.DedicatedServer]: [@: Set stph_xmx's spawn point to (-431, 28, -120)]
[22:16:24] [Server thread/INFO] [STDOUT]: [mod.lucky.drop.func.DropProcessor:processRandomDrop:122]: Chosen Lucky Block Drop: type=entity,ID=Sheep,NBTTag=(CustomName="$cM$6r. $eR$aa$2i$bn$3b$5o$dw",CustomNameVisible=true,Color=#rand(0,15)),posOffset=#circleOffset(4),amount=16@luck=1
[22:16:24] [Server thread/INFO] [STDOUT]: [mod.lucky.drop.func.DropProcessor:processRandomDrop:122]: Chosen Lucky Block Drop: type=item,ID=lucky:lucky_bow@chance=1.5@luck=2
[22:16:25] [Server thread/INFO] [STDOUT]: [mod.lucky.drop.func.DropProcessor:processRandomDrop:122]: Chosen Lucky Block Drop: ID=dropper,amount=8@luck=0
[22:16:25] [Server thread/INFO] [net.minecraft.server.dedicated.DedicatedServer]: [@: Set netz_zk's spawn point to (-453, 29, -139)]
[22:16:26] [Server thread/INFO] [STDOUT]: [mod.lucky.drop.func.DropProcessor:processRandomDrop:122]: Chosen Lucky Block Drop: group(type=difficulty,ID=hard;type=entity,ID=Creeper;type=entity,ID=LightningBolt)@luck=-2
[22:16:26] [Server thread/INFO] [STDOUT]: [mod.lucky.drop.func.DropProcessor:processRandomDrop:122]: Chosen Lucky Block Drop: ID=end_portal_frame,amount=#rand(2,6)@luck=2
[22:16:27] [Server thread/INFO] [STDOUT]: [mod.lucky.drop.func.DropProcessor:processRandomDrop:122]: Chosen Lucky Block Drop: type=entity,ID=xp_bottle,NBTTag=(Motion=#randLaunchMotion),amount=#rand(16,32)@luck=2
[22:16:29] [Server thread/INFO] [STDOUT]: [mod.lucky.drop.func.DropProcessor:processRandomDrop:122]: Chosen Lucky Block Drop: group(type=fill,ID=air,size=(1,51,1);group(NBTTag=(Block=stained_hardened_clay,Data=14),posY=#bPosY+5;NBTTag=(Block=stained_hardened_clay,Data=1),posY=#bPosY+10;NBTTag=(Block=stained_hardened_clay,Data=4),posY=#bPosY+15;NBTTag=(Block=stained_hardened_clay,Data=5),posY=#bPosY+20;NBTTag=(Block=stained_hardened_clay,Data=3),posY=#bPosY+25;NBTTag=(Block=stained_hardened_clay,Data=11),posY=#bPosY+30;NBTTag=(Block=stained_hardened_clay,Data=10),posY=#bPosY+35;NBTTag=(Block=stained_hardened_clay,Data=2),posY=#bPosY+40;NBTTag=(Block=stained_hardened_clay,Data=6),posY=#bPosY+45),type=entity,ID=falling_block;type=entity,ID=falling_block,NBTTag=(Block=diamond_block),posY=#bPosY+50;type=entity,ID=LightningBolt,posY=#bPosY+10,delay=5.3)@luck=2
[22:16:30] [Server thread/INFO] [net.minecraft.server.dedicated.DedicatedServer]: stph_xmx has made the advancement [Acquire Hardware]
[22:16:30] [Server thread/INFO] [net.minecraft.server.dedicated.DedicatedServer]: stph_xmx has made the advancement [Diamonds!]
[22:16:30] [Server thread/INFO] [STDOUT]: [mod.lucky.drop.func.DropProcessor:processRandomDrop:122]: Chosen Lucky Block Drop: group(type=structure,ID=wishing_well;type=message,ID="A wishing well? Maybe you should throw in a coin...";type=command,ID="/give #pName gold_nugget 1 0 {display:{Name:\"$6Coin\"}}";type=block,ID=lucky:lucky_block,posY=#bPosY-3,NBTTag=(Drops=["group(type=message,ID=\"$bYour wish came true!\";type=block,ID=air,posY='#'bPosY+3;type=block,ID=beacon,posY='#'bPosY+2;type=entity,ID=fireworks_rocket,NBTTag=(LifeTime=20,FireworksItem=(id=fireworks,Count=1,tag='#'randFireworksRocket)),amount=20,posY='#'bPosY+3,posOffset='#'circleOffset(2);ID=gold_ingot,amount=#rand(20,30),posY='#'bPosY+10,posOffset='#'circleOffset(2);ID=diamond,amount=#rand(20,30),posY='#'bPosY+10,posOffset='#'circleOffset(2);ID=emerald,amount=#rand(20,30),posY='#'bPosY+10,posOffset='#'circleOffset(2);ID=dye,damage=4,amount=#rand(20,30),posY='#'bPosY+10,posOffset='#'circleOffset(2))"]))@luck=2
[22:16:30] [Server thread/INFO] [net.minecraft.server.dedicated.DedicatedServer]: [@: Given [Coin] * 1 to RompOrTos]
[22:16:32] [Server thread/INFO] [net.minecraft.server.dedicated.DedicatedServer]: [@: Set stph_xmx's spawn point to (-431, 29, -121)]
[22:16:32] [Server thread/INFO] [net.minecraft.server.dedicated.DedicatedServer]: [@: Set stph_xmx's spawn point to (-432, 28, -119)]
[22:16:33] [Server thread/INFO] [net.minecraft.server.dedicated.DedicatedServer]: [@: Set netz_zk's spawn point to (-454, 29, -143)]
[22:16:34] [Server thread/INFO] [net.minecraft.server.dedicated.DedicatedServer]: [@: Set stph_xmx's spawn point to (-431, 28, -118)]
[22:16:34] [Server thread/INFO] [net.minecraft.server.dedicated.DedicatedServer]: [@: Set TTottaly_RED's spawn point to (-447, 29, -140)]
[22:16:34] [Server thread/INFO] [STDOUT]: [mod.lucky.drop.func.DropProcessor:processRandomDrop:135]: Chosen Lucky Block Drop: group(type=message,ID="Your wish came true!";type=block,ID=air,posY=#bPosY+3;type=block,ID=beacon,posY=#bPosY+2;type=entity,ID=fireworks_rocket,NBTTag=(LifeTime=20,FireworksItem=(id=fireworks,Count=1,tag=#randFireworksRocket)),amount=20,posY=#bPosY+3,posOffset=#circleOffset(2);ID=gold_ingot,amount=#rand(20,30),posY=#bPosY+10,posOffset=#circleOffset(2);ID=diamond,amount=#rand(20,30),posY=#bPosY+10,posOffset=#circleOffset(2);ID=emerald,amount=#rand(20,30),posY=#bPosY+10,posOffset=#circleOffset(2);ID=dye,damage=4,amount=#rand(20,30),posY=#bPosY+10,posOffset=#circleOffset(2))
[22:16:34] [Server thread/INFO] [net.minecraft.server.dedicated.DedicatedServer]: netz_zk has made the advancement [Bring Home the Beacon]
[22:16:34] [Server thread/INFO] [net.minecraft.server.dedicated.DedicatedServer]: RompOrTos has made the advancement [Bring Home the Beacon]
[22:16:34] [Server thread/INFO] [net.minecraft.server.dedicated.DedicatedServer]: TTottaly_RED has made the advancement [Bring Home the Beacon]
[22:16:35] [Server thread/INFO] [STDOUT]: [mod.lucky.drop.func.DropProcessor:processRandomDrop:122]: Chosen Lucky Block Drop: type=entity,ID=xp_bottle,NBTTag=(Motion=#randLaunchMotion),amount=#rand(16,32)@luck=2
[22:16:35] [Server thread/INFO] [net.minecraft.server.dedicated.DedicatedServer]: [@: Set stph_xmx's spawn point to (-432, 28, -120)]
[22:16:35] [Server thread/INFO] [net.minecraft.server.dedicated.DedicatedServer]: TTottaly_RED has made the advancement [Diamonds!]
[22:16:35] [Server thread/INFO] [net.minecraft.server.dedicated.DedicatedServer]: [@: Set stph_xmx's spawn point to (-432, 28, -119)]
[22:16:35] [Server thread/INFO] [net.minecraft.server.dedicated.DedicatedServer]: RompOrTos has made the advancement [Diamonds!]
[22:16:36] [Server thread/INFO] [STDOUT]: [mod.lucky.drop.func.DropProcessor:processRandomDrop:122]: Chosen Lucky Block Drop: group(ID=golden_helmet;ID=golden_chestplate;ID=golden_leggings;ID=golden_boots;ID=golden_horse_armor)@luck=1
[22:16:37] [Server thread/INFO] [net.minecraft.server.dedicated.DedicatedServer]: [@: Set stph_xmx's spawn point to (-431, 28, -118)]
[22:16:37] [Server thread/INFO] [net.minecraft.server.dedicated.DedicatedServer]: [@: Set netz_zk's spawn point to (-448, 30, -137)]
[22:16:37] [Server thread/INFO] [net.minecraft.server.dedicated.DedicatedServer]: netz_zk has made the advancement [Diamonds!]
[22:16:37] [Server thread/INFO] [net.minecraft.server.dedicated.DedicatedServer]: TTottaly_RED has made the advancement [Monster Hunter]
[22:16:38] [Server thread/INFO] [net.minecraft.server.dedicated.DedicatedServer]: [@: Set stph_xmx's spawn point to (-433, 28, -119)]
[22:16:40] [Server thread/INFO] [net.minecraft.server.dedicated.DedicatedServer]: [@: Set Jer_efece's spawn point to (-418, 29, -139)]
[22:16:40] [Server thread/INFO] [STDOUT]: [mod.lucky.drop.func.DropProcessor:processRandomDrop:122]: Chosen Lucky Block Drop: type=structure,ID=water_trap,pos=#pPos@luck=-2
[22:16:40] [Server thread/INFO] [STDOUT]: [mod.lucky.drop.func.DropProcessor:processRandomDrop:122]: Chosen Lucky Block Drop: group(type=difficulty,ID=hard;type=entity,ID=Giant)@luck=-2
[22:16:41] [Server thread/INFO] [STDOUT]: [mod.lucky.drop.func.DropProcessor:processRandomDrop:122]: Chosen Lucky Block Drop: ID=skull,damage=#rand(0,4),amount=#rand(1,3)@luck=0
[22:16:41] [Server thread/INFO] [net.minecraft.server.dedicated.DedicatedServer]: [@: Set Jer_efece's spawn point to (-418, 29, -141)]
[22:16:41] [Server thread/INFO] [net.minecraft.server.dedicated.DedicatedServer]: TTottaly_RED has made the advancement [Spooky Scary Skeleton]
[22:16:41] [Server thread/INFO] [STDOUT]: [mod.lucky.drop.func.DropProcessor:processRandomDrop:122]: Chosen Lucky Block Drop: group(ID=ender_pearl,amount=10;ID=ender_eye,amount=5)@luck=2
[22:16:43] [Server thread/INFO] [STDOUT]: [mod.lucky.drop.func.DropProcessor:processRandomDrop:122]: Chosen Lucky Block Drop: ID=bow,NBTTag=(ench=#luckyBowEnchantments,display=(Name="$9$lHero's Bow"))@luck=2
[22:16:44] [Server thread/INFO] [STDOUT]: [mod.lucky.drop.func.DropProcessor:processRandomDrop:122]: Chosen Lucky Block Drop: group(type=difficulty,ID=hard;type=entity,ID=Witch;type=entity,ID=Bat,posY=#bPosY+#rand(0,2),posOffset=#circleOffset(0,1),amount=64)@luck=-1
[22:16:45] [Server thread/INFO] [net.minecraft.server.dedicated.DedicatedServer]: [@: Set TTottaly_RED's spawn point to (-439, 29, -140)]
[22:16:46] [Server thread/INFO] [STDOUT]: [mod.lucky.drop.func.DropProcessor:processRandomDrop:122]: Chosen Lucky Block Drop: ID=diamond_sword,NBTTag=(ench=#luckySwordEnchantments,display=(Name="$9$lHero's Sword"))@luck=2
[22:16:47] [Server thread/INFO] [net.minecraft.server.dedicated.DedicatedServer]: [@: Set TTottaly_RED's spawn point to (-439, 29, -143)]
[22:16:51] [Server thread/INFO] [net.minecraft.server.dedicated.DedicatedServer]: netz_zk fell out of the world
[22:16:54] [Server thread/INFO] [STDOUT]: [mod.lucky.drop.func.DropProcessor:processRandomDrop:122]: Chosen Lucky Block Drop: group(ID=dispenser,amount=2;ID=noteblock,amount=1;ID=sticky_piston,amount=4;ID=piston,amount=4;ID=tnt,amount=6;ID=lever,amount=2;ID=stone_pressure_plate,amount=2;ID=wooden_pressure_plate,amount=2;ID=redstone_torch,amount=8;ID=stone_button,amount=2;ID=trapdoor,amount=2;ID=iron_trapdoor,amount=2;ID=fence_gate,amount=1;ID=redstone_lamp,amount=4;ID=tripwire_hook,amount=2;ID=wooden_button,amount=2;ID=light_weighted_pressure_plate,amount=1;ID=heavy_weighted_pressure_plate,amount=1;ID=daylight_detector,amount=1;ID=hopper,amount=4;ID=dropper,amount=#rand(2,4);ID=wooden_door,amount=1;ID=iron_door,amount=1;ID=redstone,amount=#rand(32,64);ID=repeater,amount=8;ID=comparator,amount=2;type=particle,ID=splashpotion,potion="healing")@luck=2
[22:16:54] [Server thread/INFO] [net.minecraft.server.dedicated.DedicatedServer]: Jer_efece fell out of the world
[22:16:54] [Server thread/INFO] [net.minecraft.server.dedicated.DedicatedServer]: [@: Set RompOrTos's spawn point to (-447, 29, -141)]
[22:16:56] [Server thread/INFO] [net.minecraft.server.dedicated.DedicatedServer]: [@: Set netz_zk's spawn point to (-453, 29, -141)]
[22:16:57] [Server thread/INFO] [STDOUT]: [mod.lucky.drop.func.DropProcessor:processRandomDrop:122]: Chosen Lucky Block Drop: ID=diamond_sword,NBTTag=(ench=#luckySwordEnchantments,display=(Name="$9$lHero's Sword"))@luck=2
[22:17:02] [Server thread/INFO] [net.minecraft.server.dedicated.DedicatedServer]: [@: Set stph_xmx's spawn point to (-432, 29, -137)]
[22:17:05] [Server thread/DEBUG] [FML]: Gathering id map for writing to world save world
[22:17:06] [Server thread/INFO] [STDOUT]: [mod.lucky.drop.func.DropProcessor:processRandomDrop:122]: Chosen Lucky Block Drop: group:#rand(2,3):(ID=iron_shovel;ID=iron_pickaxe;ID=iron_axe;ID=iron_sword;ID=iron_hoe)@luck=1
[22:17:06] [Server thread/INFO] [net.minecraft.server.dedicated.DedicatedServer]: netz_zk fell out of the world
[22:17:07] [Server thread/INFO] [net.minecraft.server.dedicated.DedicatedServer]: RompOrTos has made the advancement [Isn't It Iron Pick]
[22:17:07] [Server thread/INFO] [net.minecraft.server.dedicated.DedicatedServer]: RompOrTos drowned
[22:17:08] [Server thread/INFO] [net.minecraft.server.dedicated.DedicatedServer]: [@: Set netz_zk's spawn point to (-453, 29, -141)]
[22:17:10] [Server thread/INFO] [net.minecraft.server.dedicated.DedicatedServer]: [@: Set stph_xmx's spawn point to (-431, 29, -141)]
[22:17:12] [Server thread/INFO] [net.minecraft.server.dedicated.DedicatedServer]: [@: Set stph_xmx's spawn point to (-437, 30, -134)]
[22:17:12] [Server thread/INFO] [net.minecraft.server.dedicated.DedicatedServer]: [@: Teleported RompOrTos to -445.5, 28.0, -117.5]
[22:17:13] [Server thread/INFO] [STDOUT]: [mod.lucky.drop.func.DropProcessor:processRandomDrop:122]: Chosen Lucky Block Drop: group:1:(group(ID=porkchop,amount=#rand(8,16);ID=cooked_porkchop,amount=#rand(4,8));group(ID=fish,amount=#rand(8,16);ID=cooked_fish,amount=#rand(4,8));group(ID=beef,amount=#rand(8,16);ID=cooked_beef,amount=#rand(4,8));group(ID=chicken,amount=#rand(8,16);ID=cooked_chicken,amount=#rand(4,8));group(ID=mutton,amount=#rand(8,16);ID=cooked_mutton,amount=#rand(4,8));group(ID=rabbit,amount=#rand(8,16);ID=cooked_rabbit,amount=#rand(4,8)))@luck=1
[22:17:13] [Server thread/INFO] [net.minecraft.server.dedicated.DedicatedServer]: [@: Set Jer_efece's spawn point to (-418, 33, -174)]
[22:17:14] [Server thread/INFO] [net.minecraft.server.dedicated.DedicatedServer]: [@: Set RompOrTos's spawn point to (-447, 28, -119)]
[22:17:16] [Server thread/INFO] [STDOUT]: [mod.lucky.drop.func.DropProcessor:processRandomDrop:122]: Chosen Lucky Block Drop: type=structure,ID=lucky_temple,pos=#pPos@chance=0.4@luck=2
[22:17:17] [Server thread/INFO] [net.minecraft.server.dedicated.DedicatedServer]: [@: Set stph_xmx's spawn point to (-442, 31, -123)]
[22:17:17] [Server thread/INFO] [net.minecraft.server.dedicated.DedicatedServer]: [@: Set stph_xmx's spawn point to (-443, 30, -122)]
[22:17:18] [Server thread/INFO] [STDOUT]: [mod.lucky.drop.func.DropProcessor:processRandomDrop:122]: Chosen Lucky Block Drop: group:#rand(2,3):(ID=iron_helmet;ID=iron_chestplate;ID=iron_leggings;ID=iron_boots;ID=iron_horse_armor)@luck=1
[22:17:19] [Server thread/INFO] [net.minecraft.server.dedicated.DedicatedServer]: [@: Set stph_xmx's spawn point to (-443, 31, -123)]
[22:17:19] [Server thread/INFO] [net.minecraft.server.dedicated.DedicatedServer]: Jer_efece has made the advancement [Suit Up]
[22:17:20] [Server thread/INFO] [net.minecraft.server.dedicated.DedicatedServer]: [@: Set stph_xmx's spawn point to (-445, 30, -120)]
[22:17:20] [Server thread/INFO] [STDOUT]: [mod.lucky.drop.func.DropProcessor:processRandomDrop:122]: Chosen Lucky Block Drop: group(type=entity,ID=Rabbit,amount=#rand(5,10),posOffset=#circleOffset(3),NBTTag=(RabbitType=#rand(0,5),OwnerUUID=#pUUID,Sitting=1);type=particle,ID="heart",size=(2,0,2),particleAmount=20)@luck=1
[22:17:21] [Server thread/INFO] [net.minecraft.server.dedicated.DedicatedServer]: [@: Set stph_xmx's spawn point to (-446, 28, -119)]
[22:17:21] [Server thread/INFO] [STDOUT]: [mod.lucky.drop.func.DropProcessor:processRandomDrop:122]: Chosen Lucky Block Drop: ID=beacon@luck=2
[22:17:21] [Server thread/INFO] [net.minecraft.server.dedicated.DedicatedServer]: [@: Set RompOrTos's spawn point to (-446, 29, -149)]
[22:17:21] [Server thread/INFO] [STDOUT]: [mod.lucky.drop.func.DropProcessor:processRandomDrop:122]: Chosen Lucky Block Drop: type=structure,ID=giant_lucky_block_good,rotation=#pDirect@luck=2
[22:17:22] [Server thread/INFO] [net.minecraft.server.dedicated.DedicatedServer]: [@: Set stph_xmx's spawn point to (-446, 28, -120)]
[22:17:22] [Server thread/INFO] [net.minecraft.server.dedicated.DedicatedServer]: stph_xmx has made the advancement [Monster Hunter]
[22:17:22] [Server thread/INFO] [STDOUT]: [mod.lucky.drop.func.DropProcessor:processRandomDrop:122]: Chosen Lucky Block Drop: ID=end_portal_frame,amount=#rand(2,6)@luck=2
[22:17:24] [Server thread/INFO] [STDOUT]: [mod.lucky.drop.func.DropProcessor:processRandomDrop:122]: Chosen Lucky Block Drop: type=block,ID=chest,tileEntity=(Items=#chestLootTable("chests/simple_dungeon"))@luck=1
[22:17:24] [Server thread/INFO] [STDOUT]: [mod.lucky.drop.func.DropProcessor:processRandomDrop:122]: Chosen Lucky Block Drop: group:#rand(1,2):(ID=diamond_helmet,NBTTag=(ench=#luckyHelmetEnchantments,display=(Name="$9$lHero's Helmet"));ID=diamond_chestplate,NBTTag=(ench=#luckyChestplateEnchantments,display=(Name="$9$lHero's Chestplate"));ID=diamond_leggings,NBTTag=(ench=#luckyLeggingsEnchantments,display=(Name="$9$lHero's Leggings"));ID=diamond_boots,NBTTag=(ench=#luckyBootsEnchantments,display=(Name="$9$lHero's Boots")))@luck=2
[22:17:25] [Server thread/INFO] [STDOUT]: [mod.lucky.drop.func.DropProcessor:processRandomDrop:122]: Chosen Lucky Block Drop: ID=diamond_sword,NBTTag=(ench=#luckySwordEnchantments,display=(Name="$9$lHero's Sword"))@luck=2
[22:17:26] [Server thread/INFO] [STDOUT]: [mod.lucky.drop.func.DropProcessor:processRandomDrop:122]: Chosen Lucky Block Drop: group:#rand(1,2):(ID=diamond_shovel,NBTTag=(ench=#luckyToolEnchantments,display=(Name="$9$lHero's Shovel"));ID=diamond_pickaxe,NBTTag=(ench=#luckyToolEnchantments,display=(Name="$9$lHero's Pickaxe"));ID=diamond_axe,NBTTag=(ench=#luckyAxeEnchantments,display=(Name="$9$lHero's Axe"));ID=diamond_hoe,NBTTag=(ench=#luckyToolEnchantments,display=(Name="$9$lHero's Hoe")))@luck=2
[22:17:27] [Server thread/INFO] [net.minecraft.server.dedicated.DedicatedServer]: RompOrTos fell out of the world
[22:17:27] [Server thread/INFO] [net.minecraft.server.dedicated.DedicatedServer]: [@: Set netz_zk's spawn point to (-447, 33, -174)]
[22:17:27] [Server thread/INFO] [STDOUT]: [mod.lucky.drop.func.DropProcessor:processRandomDrop:122]: Chosen Lucky Block Drop: group(ID=golden_apple,amount=#rand(2,4);ID=golden_apple,amount=#rand(1,2),damage=1)@luck=2
[22:17:29] [Server thread/INFO] [STDOUT]: [mod.lucky.drop.func.DropProcessor:processRandomDrop:135]: Chosen Lucky Block Drop: group(group(ID=giant_block_break_stage_1;ID=giant_block_break_stage_2,delay=1;ID=giant_block_break_stage_3,delay=2;ID=giant_block_break_stage_4,delay=3;ID=giant_block_break_stage_5,delay=4),type=structure,pos=(-452.5,33.0,-171.5),rotation=0;type=fill,ID=air,pos=(-457,33,-179),pos2=(-450,40,-172),delay=5;type=entity,ID=fireworks_rocket,pos=(-453,37,-175),posOffset=(#rand(-4,4),#rand(-4,4),#rand(-4,4)),amount=50,NBTTag=(LifeTime=5,FireworksItem=(id=fireworks,Count=1,tag=#randFireworksRocket)),delay=5;group(ID=iron_ingot;ID=gold_ingot;ID=diamond;ID=emerald),pos=(-453,37,-175),amount=#rand(16,24),delay=5)
[22:17:31] [Server thread/INFO] [STDOUT]: [mod.lucky.drop.func.DropProcessor:processRandomDrop:122]: Chosen Lucky Block Drop: group:#rand(2,3):(ID=iron_shovel;ID=iron_pickaxe;ID=iron_axe;ID=iron_sword;ID=iron_hoe)@luck=1
[22:17:31] [Server thread/INFO] [net.minecraft.server.dedicated.DedicatedServer]: [@: Set TTottaly_RED's spawn point to (-438, 33, -175)]
[22:17:31] [Server thread/INFO] [net.minecraft.server.dedicated.DedicatedServer]: [@: Teleported RompOrTos to -445.5, 28.0, -117.5]
[22:17:32] [Server thread/INFO] [net.minecraft.server.dedicated.DedicatedServer]: [@: Set RompOrTos's spawn point to (-446, 28, -118)]
[22:17:35] [Server thread/INFO] [net.minecraft.server.dedicated.DedicatedServer]: netz_zk has made the advancement [Acquire Hardware]
[22:17:35] [Server thread/INFO] [net.minecraft.server.dedicated.DedicatedServer]: [@: Set TTottaly_RED's spawn point to (-431, 33, -175)]
[22:17:36] [Server thread/INFO] [STDOUT]: [mod.lucky.drop.func.DropProcessor:processRandomDrop:122]: Chosen Lucky Block Drop: group(ID=bookshelf,amount=#rand(6,12);ID=book,amount=#rand(8,16))@luck=0
[22:17:37] [Server thread/INFO] [STDOUT]: [mod.lucky.drop.func.DropProcessor:processRandomDrop:122]: Chosen Lucky Block Drop: group(type=fill,ID=air,size=(1,8,1);type=entity,ID=falling_block,posY=#bPosY+7,NBTTag=(Block=iron_block);type=particle,ID=largesmoke,size=(1,2,1),particleAmount=500;type=sound,ID=block.fire.extinguish)@luck=0
[22:17:38] [Server thread/INFO] [STDOUT]: [mod.lucky.drop.func.DropProcessor:processRandomDrop:122]: Chosen Lucky Block Drop: group(type=entity,ID=Rabbit,amount=#rand(5,10),posOffset=#circleOffset(3),NBTTag=(RabbitType=#rand(0,5),OwnerUUID=#pUUID,Sitting=1);type=particle,ID="heart",size=(2,0,2),particleAmount=20)@luck=1
[22:17:39] [Server thread/INFO] [STDOUT]: [mod.lucky.drop.func.DropProcessor:processRandomDrop:122]: Chosen Lucky Block Drop: group(type=entity,ID=Rabbit,amount=#rand(5,10),posOffset=#circleOffset(3),NBTTag=(RabbitType=#rand(0,5),OwnerUUID=#pUUID,Sitting=1);type=particle,ID="heart",size=(2,0,2),particleAmount=20)@luck=1
[22:17:40] [Server thread/INFO] [STDOUT]: [mod.lucky.drop.func.DropProcessor:processRandomDrop:122]: Chosen Lucky Block Drop: type=structure,ID=anvil_trap,pos=#pPos,rotation=#pDirect@luck=-2
[22:17:41] [Server thread/INFO] [net.minecraft.server.dedicated.DedicatedServer]: [@: Set RompOrTos's spawn point to (-446, 30, -149)]
[22:17:43] [Server thread/INFO] [net.minecraft.server.dedicated.DedicatedServer]: TTottaly_RED was squashed by a falling anvil
[22:17:43] [Server thread/INFO] [net.minecraft.server.dedicated.DedicatedServer]: stph_xmx fell out of the world
[22:17:45] [Server thread/INFO] [STDOUT]: [mod.lucky.drop.func.DropProcessor:processRandomDrop:122]: Chosen Lucky Block Drop: group(type=difficulty,ID=hard;type=entity,ID=Rabbit,NBTTag=(RabbitType=99))@luck=-1
[22:17:45] [Server thread/INFO] [net.minecraft.server.dedicated.DedicatedServer]: [@: Set RompOrTos's spawn point to (-447, 31, -150)]
[22:17:45] [Server thread/INFO] [net.minecraft.server.dedicated.DedicatedServer]: [@: Set stph_xmx's spawn point to (-446, 28, -120)]
[22:17:47] [Server thread/INFO] [STDOUT]: [mod.lucky.drop.func.DropProcessor:processRandomDrop:122]: Chosen Lucky Block Drop: ID=fishing_rod,NBTTag=(ench=#luckyFishingRodEnchantments,display=(Name="$9$lHero's Fishing Rod"))@luck=2
[22:17:49] [Server thread/INFO] [STDOUT]: [mod.lucky.drop.func.DropProcessor:processRandomDrop:122]: Chosen Lucky Block Drop: ID=painting,amount=4@luck=0
[22:17:49] [Server thread/INFO] [STDOUT]: [mod.lucky.drop.func.DropProcessor:processRandomDrop:122]: Chosen Lucky Block Drop: ID=dropper,amount=8@luck=0
[22:17:50] [Server thread/DEBUG] [FML]: Gathering id map for writing to world save world
[22:17:51] [Server thread/INFO] [STDOUT]: [mod.lucky.drop.func.DropProcessor:processRandomDrop:122]: Chosen Lucky Block Drop: group(type=difficulty,ID=hard;type=entity,ID=Giant)@luck=-2
[22:17:53] [Server thread/INFO] [STDOUT]: [mod.lucky.drop.func.DropProcessor:processRandomDrop:122]: Chosen Lucky Block Drop: ID=hay_block,amount=8@luck=0
[22:17:55] [Server thread/INFO] [net.minecraft.server.dedicated.DedicatedServer]: [@: Set TTottaly_RED's spawn point to (-440, 33, -175)]
[22:17:55] [Server thread/INFO] [STDOUT]: [mod.lucky.drop.func.DropProcessor:processRandomDrop:122]: Chosen Lucky Block Drop: group(type=difficulty,ID=hard;type=entity,ID=Rabbit,NBTTag=(RabbitType=99))@luck=-1
[22:17:56] [Server thread/INFO] [net.minecraft.server.dedicated.DedicatedServer]: RompOrTos fell out of the world
[22:17:58] [Server thread/INFO] [net.minecraft.server.dedicated.DedicatedServer]: netz_zk was slain by The Killer Bunny
[22:18:00] [Server thread/INFO] [STDOUT]: [mod.lucky.drop.func.DropProcessor:processRandomDrop:122]: Chosen Lucky Block Drop: group:#rand(1,2):(ID=diamond_sword;ID=diamond_shovel;ID=diamond_pickaxe;ID=diamond_axe;ID=diamond_hoe)@luck=2
[22:18:00] [Server thread/INFO] [net.minecraft.server.dedicated.DedicatedServer]: [@: Set stph_xmx's spawn point to (-438, 31, -149)]
[22:18:00] [Server thread/INFO] [net.minecraft.server.dedicated.DedicatedServer]: [@: Set TTottaly_RED's spawn point to (-438, 33, -176)]
[22:18:00] [Server thread/INFO] [net.minecraft.server.dedicated.DedicatedServer]: [@: Teleported RompOrTos to -445.5, 28.0, -117.5]
[22:18:02] [Server thread/INFO] [net.minecraft.server.dedicated.DedicatedServer]: [@: Set RompOrTos's spawn point to (-447, 28, -118)]
[22:18:02] [Server thread/INFO] [STDOUT]: [mod.lucky.drop.func.DropProcessor:processRandomDrop:122]: Chosen Lucky Block Drop: group(type=difficulty,ID=hard;type=entity,ID=Bat,NBTTag=(Silent=true,ActiveEffects=[(Id=14,Duration=100000,Amplifier=1,ShowParticles=false)],Passengers=[(id=skeleton_horse,Tame=true,Type=4,Passengers=[(id=Skeleton,HandItems=[(id=bow,Count=1,tag=(ench=#luckyBowEnchantments))],ArmorItems=[(id=chainmail_boots,Count=1,tag=(ench=#luckyBootsEnchantments)),(id=chainmail_leggings,Count=1,tag=(ench=#luckyLeggingsEnchantments)),(id=chainmail_chestplate,Count=1,tag=(ench=#luckyChestplateEnchantments)),(id=chainmail_helmet,Count=1,tag=(ench=#luckyHelmetEnchantments))],HandDropChances=[0.5f,0f],ArmorDropChances=[0.3f,0.3f,0.3f,0.3f],CustomName="$7$lGhostly Horseman",CustomNameVisible=true)])]))@luck=-2
[22:18:04] [Server thread/INFO] [STDOUT]: [mod.lucky.drop.func.DropProcessor:processRandomDrop:122]: Chosen Lucky Block Drop: type=structure,ID=anvil_trap,pos=#pPos,rotation=#pDirect@luck=-2
[22:18:05] [Server thread/INFO] [net.minecraft.server.dedicated.DedicatedServer]: stph_xmx fell out of the world
[22:18:07] [Server thread/INFO] [net.minecraft.server.dedicated.DedicatedServer]: [@: Set RompOrTos's spawn point to (-447, 30, -145)]
[22:18:07] [Server thread/INFO] [STDOUT]: [mod.lucky.drop.func.DropProcessor:processRandomDrop:122]: Chosen Lucky Block Drop: group(ID=stone_sword;ID=stone_shovel;ID=stone_pickaxe;ID=stone_axe;ID=stone_hoe)@luck=0
[22:18:07] [Server thread/INFO] [net.minecraft.server.dedicated.DedicatedServer]: Jer_efece was squashed by a falling anvil
[22:18:08] [Server thread/INFO] [net.minecraft.server.dedicated.DedicatedServer]: TTottaly_RED has made the advancement [Getting an Upgrade]
[22:18:10] [Server thread/INFO] [net.minecraft.server.dedicated.DedicatedServer]: netz_zk was slain by The Killer Bunny
[22:18:12] [Server thread/INFO] [net.minecraft.server.dedicated.DedicatedServer]: stph_xmx fell out of the world
[22:18:14] [Server thread/INFO] [STDOUT]: [mod.lucky.drop.func.DropProcessor:processRandomDrop:122]: Chosen Lucky Block Drop: group(ID=wooden_sword;type=difficulty,ID=hard;type=time,ID=18750;type=effect,ID=slowness,duration=30,amplifier=4;type=effect,ID=blindness,duration=30;group:1:(type=entity,ID=Zombie,amount=#rand(20,50);type=entity,ID=Creeper,amount=#rand(10,30);group(type=entity,ID=Spider,amount=#rand(15,45);type=entity,ID=CaveSpider,amount=#rand(5,10));group(type=entity,ID=Silverfish,amount=#rand(15,45);type=entity,ID=Endermite,amount=#rand(5,10));type=entity,ID=Guardian,amount=#rand(10,30);group(type=entity,ID=Zombie,amount=#rand(20,50);type=entity,ID=Creeper,amount=#rand(10,30);group(type=entity,ID=Spider,amount=#rand(15,45);type=entity,ID=CaveSpider,amount=#rand(5,10);type=entity,ID=Silverfish,amount=#rand(15,45);type=entity,ID=Endermite,amount=#rand(5,10);type=entity,ID=Guardian,amount=#rand(10,30)))),posOffset=#circleOffset(8,10))@luck=-2
[22:18:14] [Server thread/WARN] [net.minecraft.entity.EntityList]: Skipping Entity with id minecraft:cavespider
[22:18:14] [Server thread/WARN] [net.minecraft.entity.EntityList]: Skipping Entity with id minecraft:cavespider
[22:18:14] [Server thread/WARN] [net.minecraft.entity.EntityList]: Skipping Entity with id minecraft:cavespider
[22:18:14] [Server thread/WARN] [net.minecraft.entity.EntityList]: Skipping Entity with id minecraft:cavespider
[22:18:14] [Server thread/WARN] [net.minecraft.entity.EntityList]: Skipping Entity with id minecraft:cavespider
[22:18:14] [Server thread/WARN] [net.minecraft.entity.EntityList]: Skipping Entity with id minecraft:cavespider
[22:18:14] [Server thread/WARN] [net.minecraft.entity.EntityList]: Skipping Entity with id minecraft:cavespider
[22:18:14] [Server thread/WARN] [net.minecraft.entity.EntityList]: Skipping Entity with id minecraft:cavespider
[22:18:16] [Server thread/INFO] [STDOUT]: [mod.lucky.drop.func.DropProcessor:processRandomDrop:122]: Chosen Lucky Block Drop: ID=hay_block,amount=8@luck=0
[22:18:18] [Server thread/INFO] [STDOUT]: [mod.lucky.drop.func.DropProcessor:processRandomDrop:122]: Chosen Lucky Block Drop: ID=obsidian,amount=14@luck=1
[22:18:19] [Server thread/INFO] [net.minecraft.server.dedicated.DedicatedServer]: stph_xmx fell out of the world
[22:18:19] [Server thread/INFO] [net.minecraft.server.dedicated.DedicatedServer]: Jer_efece has made the advancement [Ice Bucket Challenge]
[22:18:20] [Server thread/INFO] [STDOUT]: [mod.lucky.drop.func.DropProcessor:processRandomDrop:122]: Chosen Lucky Block Drop: group(ID=red_flower,damage=#rand(0,8),amount=64)@luck=0
[22:18:20] [Server thread/INFO] [STDOUT]: [mod.lucky.drop.func.DropProcessor:processRandomDrop:122]: Chosen Lucky Block Drop: ID=red_flower,NBTTag=(display=(Name="$cRomantic Rose"))@luck=-1
[22:18:20] [Server thread/INFO] [net.minecraft.server.dedicated.DedicatedServer]: [@: Set Jer_efece's spawn point to (-418, 33, -223)]
[22:18:22] [Server thread/INFO] [STDOUT]: [mod.lucky.drop.func.DropProcessor:processRandomDrop:122]: Chosen Lucky Block Drop: group(type=entity,ID=Rabbit,amount=#rand(5,10),posOffset=#circleOffset(3),NBTTag=(RabbitType=#rand(0,5),OwnerUUID=#pUUID,Sitting=1);type=particle,ID="heart",size=(2,0,2),particleAmount=20)@luck=1
[22:18:22] [Server thread/INFO] [net.minecraft.server.dedicated.DedicatedServer]: [@: Set netz_zk's spawn point to (-453, 33, -219)]
[22:18:23] [Server thread/INFO] [STDOUT]: [mod.lucky.drop.func.DropProcessor:processRandomDrop:122]: Chosen Lucky Block Drop: group(ID=fishing_rod;ID=349,damage=#rand(0,3),amount=#rand(10,20))@luck=1
[22:18:24] [Server thread/INFO] [net.minecraft.server.dedicated.DedicatedServer]: TTottaly_RED was slain by Spider
[22:18:25] [Server thread/INFO] [net.minecraft.server.dedicated.DedicatedServer]: [@: Set RompOrTos's spawn point to (-447, 32, -150)]
[22:18:26] [Server thread/INFO] [net.minecraft.server.dedicated.DedicatedServer]: stph_xmx fell out of the world
[22:18:28] [Server thread/INFO] [net.minecraft.server.dedicated.DedicatedServer]: Jer_efece fell from a high place
[22:18:28] [Server thread/INFO] [net.minecraft.server.dedicated.DedicatedServer]: [@: Set netz_zk's spawn point to (-453, 33, -226)]
[22:18:29] [Server thread/INFO] [net.minecraft.server.dedicated.DedicatedServer]: [@: Set Jer_efece's spawn point to (-418, 33, -223)]
[22:18:31] [Server thread/INFO] [net.minecraft.server.dedicated.DedicatedServer]: [@: Set Jer_efece's spawn point to (-419, 33, -223)]
[22:18:31] [Server thread/INFO] [net.minecraft.server.dedicated.DedicatedServer]: [@: Set netz_zk's spawn point to (-452, 33, -229)]
[22:18:33] [Server thread/INFO] [net.minecraft.server.dedicated.DedicatedServer]: stph_xmx fell out of the world
[22:18:35] [Server thread/INFO] [STDOUT]: [mod.lucky.drop.func.DropProcessor:processRandomDrop:122]: Chosen Lucky Block Drop: ID=red_flower,NBTTag=(display=(Name="$cRomantic Rose"))@luck=-1
[22:18:35] [Server thread/DEBUG] [FML]: Gathering id map for writing to world save world
[22:18:36] [Server thread/INFO] [net.minecraft.server.dedicated.DedicatedServer]: RompOrTos fell out of the world
[22:18:36] [Server thread/INFO] [net.minecraft.server.dedicated.DedicatedServer]: [@: Set netz_zk's spawn point to (-453, 7, -240)]
[22:18:37] [Server thread/INFO] [STDOUT]: [mod.lucky.drop.func.DropProcessor:processRandomDrop:122]: Chosen Lucky Block Drop: ID=rotten_flesh@luck=-1
[22:18:38] [Server thread/INFO] [STDOUT]: [mod.lucky.drop.func.DropProcessor:processRandomDrop:122]: Chosen Lucky Block Drop: type=entity,ID=llama,amount=8,posOffset=#circleOffset(4),NBTTag=(CustomName=#randList("$5$lLlaura","$5$lLlauretta","$5$lLlavender","$5$lLlinda","$5$lLlisa","$5$lLlouise","$5$lLlucy","$5$lLlydia"),Variant=#rand(0,3),CustomNameVisible=true)@luck=0
[22:18:38] [Server thread/INFO] [net.minecraft.server.dedicated.DedicatedServer]: [@: Set RompOrTos's spawn point to (-447, 28, -150)]
[22:18:39] [Server thread/INFO] [STDOUT]: [mod.lucky.drop.func.DropProcessor:processRandomDrop:122]: Chosen Lucky Block Drop: group(type=item,ID=lucky:lucky_sword;type=item,ID=lucky:lucky_bow;type=item,ID=lucky:lucky_potion,NBTTag=(Luck=#randList(100,-100)),amount=#rand(10,15);type=entity,ID=fireworks_rocket,NBTTag=(LifeTime=20,FireworksItem=(id=fireworks,Count=1,tag=#randFireworksRocket)),amount=20,posOffset=#circleOffset(0,2))@luck=2
[22:18:39] [Server thread/INFO] [STDOUT]: [mod.lucky.drop.func.DropProcessor:processRandomDrop:122]: Chosen Lucky Block Drop: group(type=fill,ID=air,size=(1,8,1);type=entity,ID=falling_block,posY=#bPosY+7,NBTTag=(Block=gold_block);type=particle,ID=flame,size=(1,2,1),particleAmount=500;type=sound,ID=entity.ghast.shoot)@luck=0
[22:18:40] [Server thread/INFO] [net.minecraft.server.dedicated.DedicatedServer]: [@: Set TTottaly_RED's spawn point to (-431, 33, -184)]
[22:18:40] [Server thread/INFO] [net.minecraft.server.dedicated.DedicatedServer]: stph_xmx fell out of the world
[22:18:41] [Server thread/INFO] [STDOUT]: [mod.lucky.drop.func.DropProcessor:processRandomDrop:122]: Chosen Lucky Block Drop: group(ID=fishing_rod;ID=349,damage=#rand(0,3),amount=#rand(10,20))@luck=1
[22:18:41] [Server thread/INFO] [net.minecraft.server.dedicated.DedicatedServer]: [@: Set RompOrTos's spawn point to (-446, 9, -147)]
[22:18:43] [Server thread/INFO] [net.minecraft.server.dedicated.DedicatedServer]: TTottaly_RED was slain by Spider
[22:18:44] [Server thread/INFO] [STDOUT]: [mod.lucky.drop.func.DropProcessor:processRandomDrop:122]: Chosen Lucky Block Drop: group(type=effect,ID=1,range=4,amplifier=2,duration=600;type=particle,ID=splashpotion,potion="swiftness";type=item,ID=#randList(cookie,sugar),posOffset=#circleOffset(0.0,2.0),amount=30)@luck=2
[22:18:45] [Server thread/INFO] [STDOUT]: [mod.lucky.drop.func.DropProcessor:processRandomDrop:122]: Chosen Lucky Block Drop: group(type=item,ID=anvil;ID=enchanted_book,NBTTag=(StoredEnchantments=#randEnchantment),posOffset=#circleOffset(0.0,2.0),amount=#rand(7,10);type=particle,ID=splashpotion,potion="strength")@luck=2
[22:18:45] [Server thread/INFO] [STDOUT]: [mod.lucky.drop.func.DropProcessor:processRandomDrop:122]: Chosen Lucky Block Drop: group(type=effect,ID=21,range=4,amplifier=1,duration=600;type=effect,ID=6,range=4,amplifier=3;type=effect,ID=22,range=4,amplifier=1,duration=600;type=particle,ID=splashpotion,potion="healing";type=entity,ID=horse,NBTTag=(OwnerUUID=#pUUID,ArmorItem=(id=golden_horse_armor,Count=1),SaddleItem=(id=saddle,Count=1)))@luck=2
[22:18:45] [Server thread/INFO] [STDOUT]: [mod.lucky.drop.func.DropProcessor:processRandomDrop:122]: Chosen Lucky Block Drop: group(type=item,ID=anvil;ID=enchanted_book,NBTTag=(StoredEnchantments=#randEnchantment),posOffset=#circleOffset(0.0,2.0),amount=#rand(7,10);type=particle,ID=splashpotion,potion="strength")@luck=2
[22:18:45] [Server thread/INFO] [STDOUT]: [mod.lucky.drop.func.DropProcessor:processRandomDrop:122]: Chosen Lucky Block Drop: group(type=item,ID=anvil;ID=enchanted_book,NBTTag=(StoredEnchantments=#randEnchantment),posOffset=#circleOffset(0.0,2.0),amount=#rand(7,10);type=particle,ID=splashpotion,potion="strength")@luck=2
[22:18:46] [Server thread/INFO] [STDOUT]: [mod.lucky.drop.func.DropProcessor:processRandomDrop:122]: Chosen Lucky Block Drop: group(type=difficulty,ID=hard;type=entity,ID=Giant)@luck=-2
[22:18:49] [Server thread/INFO] [STDOUT]: [mod.lucky.drop.func.DropProcessor:processRandomDrop:122]: Chosen Lucky Block Drop: type=entity,ID=Villager,NBTTag=(Offers=(Recipes=[(buy=(id=diamond,Count=#rand(12,17)),sell=(id=diamond_helmet,Count=1,tag=(ench=#luckyHelmetEnchantments,display=(Name="$9$lHero's Helmet"))),maxUses=1),(buy=(id=diamond,Count=#rand(20,25)),sell=(id=diamond_chestplate,Count=1,tag=(ench=#luckyChestplateEnchantments,display=(Name="$9$lHero's Chestplate"))),maxUses=1),(buy=(id=diamond,Count=#rand(15,20)),sell=(id=diamond_leggings,Count=1,tag=(ench=#luckyLeggingsEnchantments,display=(Name="$9$lHero's Leggings"))),maxUses=1),(buy=(id=diamond,Count=#rand(12,17)),sell=(id=diamond_boots,Count=1,tag=(ench=#luckyBootsEnchantments,display=(Name="$9$lHero's Boots"))),maxUses=1)]),CustomName="$9$lHero Villager",CustomNameVisible=true)@luck=1
[22:18:50] [Server thread/INFO] [net.minecraft.server.dedicated.DedicatedServer]: stph_xmx fell out of the world
[22:18:51] [Server thread/INFO] [net.minecraft.server.dedicated.DedicatedServer]: [@: Set RompOrTos's spawn point to (-446, 26, -147)]
[22:18:51] [Server thread/INFO] [net.minecraft.server.dedicated.DedicatedServer]: [@: Set TTottaly_RED's spawn point to (-434, 33, -175)]
[22:18:52] [Server thread/INFO] [net.minecraft.server.dedicated.DedicatedServer]: [@: Set TTottaly_RED's spawn point to (-434, 34, -175)]
[22:18:53] [Server thread/INFO] [net.minecraft.server.dedicated.DedicatedServer]: [@: Set TTottaly_RED's spawn point to (-434, 34, -174)]
[22:18:55] [Server thread/INFO] [net.minecraft.server.dedicated.DedicatedServer]: [@: Set TTottaly_RED's spawn point to (-434, 34, -174)]
[22:18:55] [Server thread/INFO] [net.minecraft.server.dedicated.DedicatedServer]: [@: Set TTottaly_RED's spawn point to (-433, 33, -174)]
[22:18:57] [Server thread/INFO] [net.minecraft.server.dedicated.DedicatedServer]: [@: Set TTottaly_RED's spawn point to (-433, 33, -175)]
[22:18:58] [Server thread/INFO] [net.minecraft.server.dedicated.DedicatedServer]: stph_xmx fell out of the world
[22:19:05] [Server thread/INFO] [net.minecraft.server.dedicated.DedicatedServer]: stph_xmx fell out of the world
[22:19:08] [Server thread/INFO] [net.minecraft.server.dedicated.DedicatedServer]: [@: Set netz_zk's spawn point to (-444, 8, -272)]
[22:19:12] [Server thread/INFO] [net.minecraft.server.dedicated.DedicatedServer]: [@: Set TTottaly_RED's spawn point to (-433, 33, -174)]
[22:19:12] [Server thread/INFO] [net.minecraft.server.dedicated.DedicatedServer]: stph_xmx fell out of the world
[22:19:14] [Server thread/INFO] [STDOUT]: [mod.lucky.drop.func.DropProcessor:processRandomDrop:122]: Chosen Lucky Block Drop: ID=painting,amount=4@luck=0
[22:19:16] [Server thread/INFO] [STDOUT]: [mod.lucky.drop.func.DropProcessor:processRandomDrop:122]: Chosen Lucky Block Drop: type=entity,ID=Pig,NBTTag=(Passengers=[(id=Pig,Passengers=[(id=Pig,Passengers=[(id=Pig,Passengers=[(id=Pig,Passengers=[(id=Pig,Passengers=[(id=Pig,Passengers=[(id=Pig,Passengers=[(id=Villager)])])])])])])])])@luck=0
[22:19:16] [Server thread/INFO] [STDOUT]: [mod.lucky.drop.func.DropProcessor:processRandomDrop:122]: Chosen Lucky Block Drop: group(type=difficulty,ID=hard;type=entity,ID=Zombie,NBTTag=(HandItems=[(id=diamond_sword,Count=1,tag=(ench=#luckySwordEnchantments))],ArmorItems=[(id=diamond_boots,Count=1,tag=(ench=#luckyBootsEnchantments)),(id=diamond_leggings,Count=1,tag=(ench=#luckyLeggingsEnchantments)),(id=diamond_chestplate,Count=1,tag=(ench=#luckyChestplateEnchantments)),(id=diamond_helmet,Count=1,tag=(ench=#luckyHelmetEnchantments))],HandDropChances=[0.5f,0f],ArmorDropChances=[0.3f,0.3f,0.3f,0.3f],CustomName="$9$lBob",CustomNameVisible=true))@luck=-2
[22:19:17] [Server thread/INFO] [net.minecraft.server.dedicated.DedicatedServer]: [@: Set netz_zk's spawn point to (-453, 7, -287)]
[22:19:18] [Server thread/INFO] [net.minecraft.server.dedicated.DedicatedServer]: [@: Set netz_zk's spawn point to (-452, 7, -288)]
[22:19:18] [Server thread/INFO] [STDOUT]: [mod.lucky.drop.func.DropProcessor:processRandomDrop:122]: Chosen Lucky Block Drop: group(type=structure,ID=wishing_well;type=message,ID="A wishing well? Maybe you should throw in a coin...";type=command,ID="/give #pName gold_nugget 1 0 {display:{Name:\"$6Coin\"}}";type=block,ID=lucky:lucky_block,posY=#bPosY-3,NBTTag=(Drops=["group(type=message,ID=\"$bYour wish came true!\";type=block,ID=air,posY='#'bPosY+3;type=block,ID=beacon,posY='#'bPosY+2;type=entity,ID=fireworks_rocket,NBTTag=(LifeTime=20,FireworksItem=(id=fireworks,Count=1,tag='#'randFireworksRocket)),amount=20,posY='#'bPosY+3,posOffset='#'circleOffset(2);ID=gold_ingot,amount=#rand(20,30),posY='#'bPosY+10,posOffset='#'circleOffset(2);ID=diamond,amount=#rand(20,30),posY='#'bPosY+10,posOffset='#'circleOffset(2);ID=emerald,amount=#rand(20,30),posY='#'bPosY+10,posOffset='#'circleOffset(2);ID=dye,damage=4,amount=#rand(20,30),posY='#'bPosY+10,posOffset='#'circleOffset(2))"]))@luck=2
[22:19:18] [Server thread/INFO] [net.minecraft.server.dedicated.DedicatedServer]: [@: Given [Coin] * 1 to TTottaly_RED]
[22:19:19] [Server thread/INFO] [net.minecraft.server.dedicated.DedicatedServer]: [@: Set netz_zk's spawn point to (-453, 7, -286)]
[22:19:19] [Server thread/INFO] [net.minecraft.server.dedicated.DedicatedServer]: stph_xmx fell out of the world
[22:19:20] [Server thread/INFO] [net.minecraft.server.dedicated.DedicatedServer]: [@: Set Jer_efece's spawn point to (-418, 7, -240)]
[22:19:20] [Server thread/DEBUG] [FML]: Gathering id map for writing to world save world
[22:19:21] [Server thread/INFO] [net.minecraft.server.dedicated.DedicatedServer]: [@: Set netz_zk's spawn point to (-456, 9, -294)]
[22:19:21] [Server thread/INFO] [net.minecraft.server.dedicated.DedicatedServer]: netz_zk was shot by Skeleton
[22:19:23] [Server thread/INFO] [net.minecraft.server.dedicated.DedicatedServer]: [RompOrTos: Set the time to 1000]
[22:19:23] [Server thread/INFO] [net.minecraft.server.dedicated.DedicatedServer]: [@: Set Jer_efece's spawn point to (-419, 7, -240)]
[22:19:25] [Server thread/INFO] [net.minecraft.server.dedicated.DedicatedServer]: [@: Set netz_zk's spawn point to (-452, 7, -295)]
[22:19:27] [Server thread/INFO] [net.minecraft.server.dedicated.DedicatedServer]: TTottaly_RED was slain by Spider
[22:19:27] [Server thread/INFO] [net.minecraft.server.dedicated.DedicatedServer]: stph_xmx fell out of the world
[22:19:27] [Server thread/INFO] [net.minecraft.server.dedicated.DedicatedServer]: Jer_efece has made the advancement [Monster Hunter]
[22:19:29] [Server thread/INFO] [net.minecraft.server.dedicated.DedicatedServer]: [@: Set netz_zk's spawn point to (-436, 7, -297)]
[22:19:29] [Server thread/INFO] [net.minecraft.server.dedicated.DedicatedServer]: [@: Set Jer_efece's spawn point to (-420, 8, -237)]
[22:19:29] [Server thread/INFO] [net.minecraft.server.dedicated.DedicatedServer]: [@: Set netz_zk's spawn point to (-436, 7, -297)]
[22:19:33] [Server thread/INFO] [STDOUT]: [mod.lucky.drop.func.DropProcessor:processRandomDrop:122]: Chosen Lucky Block Drop: group(ID=red_flower,damage=#rand(0,8),amount=64)@luck=0
[22:19:34] [Server thread/INFO] [net.minecraft.server.dedicated.DedicatedServer]: [@: Set RompOrTos's spawn point to (-446, 33, -175)]
[22:19:34] [Server thread/INFO] [STDOUT]: [mod.lucky.drop.func.DropProcessor:processRandomDrop:122]: Chosen Lucky Block Drop: ID=saddle,amount=2@luck=0
[22:19:35] [Server thread/INFO] [STDOUT]: [mod.lucky.drop.func.DropProcessor:processRandomDrop:122]: Chosen Lucky Block Drop: type=entity,ID=#randList(horse,skeleton_horse,zombie_horse),amount=12,posOffset=#circleOffset(4),NBTTag=(Tame=true,OwnerUUID=#pUUID)@luck=1
[22:19:36] [Server thread/INFO] [STDOUT]: [mod.lucky.drop.func.DropProcessor:processRandomDrop:122]: Chosen Lucky Block Drop: ID=skull,damage=#rand(0,4),amount=#rand(1,3)@luck=0
[22:19:37] [Server thread/INFO] [STDOUT]: [mod.lucky.drop.func.DropProcessor:processRandomDrop:122]: Chosen Lucky Block Drop: group(type=entity,ID=Rabbit,amount=#rand(5,10),posOffset=#circleOffset(3),NBTTag=(RabbitType=#rand(0,5),OwnerUUID=#pUUID,Sitting=1);type=particle,ID="heart",size=(2,0,2),particleAmount=20)@luck=1
[22:19:38] [Server thread/INFO] [STDOUT]: [mod.lucky.drop.func.DropProcessor:processRandomDrop:122]: Chosen Lucky Block Drop: type=entity,ID=Villager,NBTTag=(Offers=(Recipes=[(buy=(id=diamond,Count=#rand(20,25)),sell=(id=diamond_sword,Count=1,tag=(ench=#luckySwordEnchantments,display=(Name="$9$lHero's Sword"))),maxUses=1),(buy=(id=diamond,Count=#rand(20,25)),sell=(id=bow,Count=1,tag=(ench=#luckyBowEnchantments,display=(Name="$9$lHero's Bow"))),maxUses=1),(buy=(id=diamond,Count=#rand(10,15)),sell=(id=fishing_rod,Count=1,tag=(ench=#luckyFishingRodEnchantments,display=(Name="$9$lHero's Fishing Rod"))),maxUses=1),(buy=(id=diamond,Count=#rand(10,15)),sell=(id=potion,Count=1,tag=(Potion="fire_resistance",CustomPotionEffects=#luckyPotionEffects,display=(Name="$9$lHero's Potion"))),maxUses=1),(buy=(id=diamond,Count=#rand(7,12)),sell=(id=splash_potion,Count=1,tag=(Potion="harming",CustomPotionEffects=#unluckyPotionEffects,display=(Name="$4$lEvil Potion"))),maxUses=1)]),CustomName="$9$lHero Villager",CustomNameVisible=true)@luck=1
[22:19:38] [Server thread/INFO] [net.minecraft.server.dedicated.DedicatedServer]: [@: Set Jer_efece's spawn point to (-417, 7, -240)]
[22:19:40] [Server thread/INFO] [STDOUT]: [mod.lucky.drop.func.DropProcessor:processRandomDrop:122]: Chosen Lucky Block Drop: group:#rand(1,2):(ID=diamond_helmet;ID=diamond_chestplate;ID=diamond_leggings;ID=diamond_boots;ID=diamond_horse_armor)@luck=2
[22:19:40] [Server thread/INFO] [STDOUT]: [mod.lucky.drop.func.DropProcessor:processRandomDrop:122]: Chosen Lucky Block Drop: group(ID=pumpkin,amount=#rand(8,16);ID=lit_pumpkin,amount=#rand(8,16))@luck=0
[22:19:41] [Server thread/INFO] [STDOUT]: [mod.lucky.drop.func.DropProcessor:processRandomDrop:122]: Chosen Lucky Block Drop: ID=beacon@luck=2
[22:19:41] [Server thread/INFO] [STDOUT]: [mod.lucky.drop.func.DropProcessor:processRandomDrop:122]: Chosen Lucky Block Drop: group(ID=stone_sword;ID=stone_shovel;ID=stone_pickaxe;ID=stone_axe;ID=stone_hoe)@luck=0
[22:19:41] [Server thread/INFO] [net.minecraft.server.dedicated.DedicatedServer]: netz_zk has made the advancement [What a Deal!]
[22:19:41] [Server thread/INFO] [net.minecraft.server.dedicated.DedicatedServer]: netz_zk has made the advancement [Cover Me With Diamonds]
[22:19:43] [Server thread/INFO] [net.minecraft.server.dedicated.DedicatedServer]: [@: Set TTottaly_RED's spawn point to (-439, 33, -216)]
[22:19:44] [Server thread/INFO] [net.minecraft.server.dedicated.DedicatedServer]: RompOrTos has made the advancement [Cover Me With Diamonds]
[22:19:44] [Server thread/INFO] [net.minecraft.server.dedicated.DedicatedServer]: [@: Set netz_zk's spawn point to (-428, 8, -256)]
[22:19:44] [Server thread/INFO] [STDOUT]: [mod.lucky.drop.func.DropProcessor:processRandomDrop:122]: Chosen Lucky Block Drop: ID=stick@luck=-1
[22:19:45] [Server thread/INFO] [STDOUT]: [mod.lucky.drop.func.DropProcessor:processRandomDrop:122]: Chosen Lucky Block Drop: ID=rabbit_stew,amount=#rand(5,7)@luck=1
[22:19:46] [Server thread/INFO] [net.minecraft.server.dedicated.DedicatedServer]: [@: Set TTottaly_RED's spawn point to (-439, 33, -223)]
[22:19:46] [Server thread/INFO] [net.minecraft.server.dedicated.DedicatedServer]: [@: Set stph_xmx's spawn point to (-439, 34, -150)]
[22:19:46] [Server thread/INFO] [STDOUT]: [mod.lucky.drop.func.DropProcessor:processRandomDrop:122]: Chosen Lucky Block Drop: group:#rand(1,2):(ID=diamond_shovel,NBTTag=(ench=#luckyToolEnchantments,display=(Name="$9$lHero's Shovel"));ID=diamond_pickaxe,NBTTag=(ench=#luckyToolEnchantments,display=(Name="$9$lHero's Pickaxe"));ID=diamond_axe,NBTTag=(ench=#luckyAxeEnchantments,display=(Name="$9$lHero's Axe"));ID=diamond_hoe,NBTTag=(ench=#luckyToolEnchantments,display=(Name="$9$lHero's Hoe")))@luck=2
[22:19:47] [Server thread/INFO] [STDOUT]: [mod.lucky.drop.func.DropProcessor:processRandomDrop:122]: Chosen Lucky Block Drop: type=item,ID=lucky:lucky_potion,NBTTag=(Luck=#randList(100,-100)),amount=#rand(10,15)@chance=1.5@luck=2
[22:19:53] [Server thread/INFO] [STDOUT]: [mod.lucky.drop.func.DropProcessor:processRandomDrop:122]: Chosen Lucky Block Drop: type=entity,ID=xp_bottle,NBTTag=(Motion=#motionFromDirection(#rand(0,360),-70,0.4)),amount=#rand(20,30)@luck=2
[22:19:53] [Server thread/INFO] [net.minecraft.server.dedicated.DedicatedServer]: stph_xmx fell out of the world
[22:19:53] [Server thread/INFO] [STDOUT]: [mod.lucky.drop.func.DropProcessor:processRandomDrop:122]: Chosen Lucky Block Drop: group(type=effect,ID=21,range=4,amplifier=1,duration=600;type=effect,ID=6,range=4,amplifier=3;type=effect,ID=22,range=4,amplifier=1,duration=600;type=particle,ID=splashpotion,potion="healing";type=entity,ID=horse,NBTTag=(OwnerUUID=#pUUID,ArmorItem=(id=golden_horse_armor,Count=1),SaddleItem=(id=saddle,Count=1)))@luck=2
[22:19:53] [Server thread/INFO] [STDOUT]: [mod.lucky.drop.func.DropProcessor:processRandomDrop:122]: Chosen Lucky Block Drop: group(type=item,ID=anvil;ID=enchanted_book,NBTTag=(StoredEnchantments=#randEnchantment),posOffset=#circleOffset(0.0,2.0),amount=#rand(7,10);type=particle,ID=splashpotion,potion="strength")@luck=2
[22:19:54] [Server thread/INFO] [STDOUT]: [mod.lucky.drop.func.DropProcessor:processRandomDrop:122]: Chosen Lucky Block Drop: group(type=item,ID=anvil;ID=enchanted_book,NBTTag=(StoredEnchantments=#randEnchantment),posOffset=#circleOffset(0.0,2.0),amount=#rand(7,10);type=particle,ID=splashpotion,potion="strength")@luck=2
[22:19:54] [Server thread/INFO] [STDOUT]: [mod.lucky.drop.func.DropProcessor:processRandomDrop:122]: Chosen Lucky Block Drop: group(ID=jukebox;ID=#rand(2256,2267),amount=#rand(1,3))@luck=1
[22:19:54] [Server thread/WARN] [net.minecraft.entity.EntityTrackerEntry]: Fetching addPacket for removed entity
[22:19:55] [Server thread/INFO] [STDOUT]: [mod.lucky.drop.func.DropProcessor:processRandomDrop:122]: Chosen Lucky Block Drop: type=entity,ID=xp_bottle,NBTTag=(Motion=#motionFromDirection(#rand(0,360),-70,0.4)),amount=#rand(20,30)@luck=2
[22:19:55] [Server thread/INFO] [net.minecraft.server.dedicated.DedicatedServer]: [@: Set stph_xmx's spawn point to (-439, 34, -150)]
[22:19:56] [Server thread/INFO] [STDOUT]: [mod.lucky.drop.func.DropProcessor:processRandomDrop:122]: Chosen Lucky Block Drop: group:#rand(2,3):(ID=iron_helmet;ID=iron_chestplate;ID=iron_leggings;ID=iron_boots;ID=iron_horse_armor)@luck=1
[22:19:56] [Server thread/INFO] [STDOUT]: [mod.lucky.drop.func.DropProcessor:processRandomDrop:122]: Chosen Lucky Block Drop: group(ID=stone_slab,damage=7,amount=#rand(4,8);ID=quartz_ore,amount=#rand(16,32);ID=quartz_block,amount=#rand(4,8);ID=quartz_block,damage=1,amount=#rand(4,8);ID=quartz_block,damage=2,amount=#rand(4,8);ID=quartz_stairs,amount=#rand(4,8);ID=quartz,amount=#rand(24,32);type=particle,ID=splashpotion,potion="invisibility")@luck=1
[22:19:57] [Server thread/INFO] [net.minecraft.server.dedicated.DedicatedServer]: [@: Set netz_zk's spawn point to (-450, 8, -284)]
[22:19:58] [Server thread/INFO] [net.minecraft.server.dedicated.DedicatedServer]: netz_zk has made the advancement [Suit Up]
[22:19:58] [Server thread/INFO] [STDOUT]: [mod.lucky.drop.func.DropProcessor:processRandomDrop:122]: Chosen Lucky Block Drop: ID=obsidian,amount=14@luck=1
[22:19:59] [Server thread/INFO] [net.minecraft.server.dedicated.DedicatedServer]: TTottaly_RED has made the advancement [Ice Bucket Challenge]
[22:20:00] [Server thread/INFO] [net.minecraft.server.dedicated.DedicatedServer]: [@: Set TTottaly_RED's spawn point to (-439, 7, -239)]
[22:20:01] [Server thread/INFO] [net.minecraft.server.dedicated.DedicatedServer]: [@: Set RompOrTos's spawn point to (-447, 33, -223)]
[22:20:01] [Server thread/INFO] [net.minecraft.server.dedicated.DedicatedServer]: [@: Set netz_zk's spawn point to (-446, 8, -295)]
[22:20:01] [Server thread/INFO] [STDOUT]: [mod.lucky.drop.func.DropProcessor:processRandomDrop:122]: Chosen Lucky Block Drop: type=structure,ID=water_trap,pos=#pPos@luck=-2
[22:20:01] [Server thread/INFO] [STDOUT]: [mod.lucky.drop.func.DropProcessor:processRandomDrop:122]: Chosen Lucky Block Drop: group(ID=fishing_rod;ID=349,damage=#rand(0,3),amount=#rand(10,20))@luck=1
[22:20:02] [Server thread/INFO] [net.minecraft.server.dedicated.DedicatedServer]: [@: Set stph_xmx's spawn point to (-439, 32, -162)]
[22:20:03] [Server thread/INFO] [STDOUT]: [mod.lucky.drop.func.DropProcessor:processRandomDrop:122]: Chosen Lucky Block Drop: group:#rand(1,2):(ID=diamond_helmet;ID=diamond_chestplate;ID=diamond_leggings;ID=diamond_boots;ID=diamond_horse_armor)@luck=2
[22:20:04] [Server thread/INFO] [net.minecraft.server.dedicated.DedicatedServer]: netz_zk was blown up by Creeper
[22:20:04] [Server thread/INFO] [net.minecraft.server.dedicated.DedicatedServer]: TTottaly_RED has made the advancement [Cover Me With Diamonds]
[22:20:05] [Server thread/DEBUG] [FML]: Gathering id map for writing to world save world
[22:20:13] [Server thread/INFO] [STDOUT]: [mod.lucky.drop.func.DropProcessor:processRandomDrop:122]: Chosen Lucky Block Drop: group(type=difficulty,ID=hard;type=entity,ID=Bat,NBTTag=(Silent=true,ActiveEffects=[(Id=14,Duration=100000,Amplifier=1,ShowParticles=false)],Passengers=[(id=skeleton_horse,Tame=true,Type=4,Passengers=[(id=Skeleton,HandItems=[(id=bow,Count=1,tag=(ench=#luckyBowEnchantments))],ArmorItems=[(id=chainmail_boots,Count=1,tag=(ench=#luckyBootsEnchantments)),(id=chainmail_leggings,Count=1,tag=(ench=#luckyLeggingsEnchantments)),(id=chainmail_chestplate,Count=1,tag=(ench=#luckyChestplateEnchantments)),(id=chainmail_helmet,Count=1,tag=(ench=#luckyHelmetEnchantments))],HandDropChances=[0.5f,0f],ArmorDropChances=[0.3f,0.3f,0.3f,0.3f],CustomName="$7$lGhostly Horseman",CustomNameVisible=true)])]))@luck=-2
[22:20:14] [Server thread/INFO] [STDOUT]: [mod.lucky.drop.func.DropProcessor:processRandomDrop:122]: Chosen Lucky Block Drop: group(ID=dispenser,amount=2;ID=noteblock,amount=1;ID=sticky_piston,amount=4;ID=piston,amount=4;ID=tnt,amount=6;ID=lever,amount=2;ID=stone_pressure_plate,amount=2;ID=wooden_pressure_plate,amount=2;ID=redstone_torch,amount=8;ID=stone_button,amount=2;ID=trapdoor,amount=2;ID=iron_trapdoor,amount=2;ID=fence_gate,amount=1;ID=redstone_lamp,amount=4;ID=tripwire_hook,amount=2;ID=wooden_button,amount=2;ID=light_weighted_pressure_plate,amount=1;ID=heavy_weighted_pressure_plate,amount=1;ID=daylight_detector,amount=1;ID=hopper,amount=4;ID=dropper,amount=#rand(2,4);ID=wooden_door,amount=1;ID=iron_door,amount=1;ID=redstone,amount=#rand(32,64);ID=repeater,amount=8;ID=comparator,amount=2;type=particle,ID=splashpotion,potion="healing")@luck=2
[22:20:14] [Server thread/INFO] [net.minecraft.server.dedicated.DedicatedServer]: [@: Set stph_xmx's spawn point to (-432, 33, -195)]
[22:20:16] [Server thread/INFO] [STDOUT]: [mod.lucky.drop.func.DropProcessor:processRandomDrop:122]: Chosen Lucky Block Drop: group:1:(type=entity,ID=Slime,NBTTag=(Size=10);type=entity,ID=magma_cube,NBTTag=(Size=10))@luck=-2
[22:20:16] [Server thread/INFO] [STDOUT]: [mod.lucky.drop.func.DropProcessor:processRandomDrop:122]: Chosen Lucky Block Drop: group:#rand(1,2):(ID=diamond_shovel,NBTTag=(ench=#luckyToolEnchantments,display=(Name="$9$lHero's Shovel"));ID=diamond_pickaxe,NBTTag=(ench=#luckyToolEnchantments,display=(Name="$9$lHero's Pickaxe"));ID=diamond_axe,NBTTag=(ench=#luckyAxeEnchantments,display=(Name="$9$lHero's Axe"));ID=diamond_hoe,NBTTag=(ench=#luckyToolEnchantments,display=(Name="$9$lHero's Hoe")))@luck=2
[22:20:16] [Server thread/INFO] [net.minecraft.server.dedicated.DedicatedServer]: netz_zk fell from a high place
[22:20:18] [Server thread/INFO] [STDOUT]: [mod.lucky.drop.func.DropProcessor:processRandomDrop:122]: Chosen Lucky Block Drop: group(ID=jukebox;ID=#rand(2256,2267),amount=#rand(1,3))@luck=1
[22:20:19] [Server thread/INFO] [STDOUT]: [mod.lucky.drop.func.DropProcessor:processRandomDrop:122]: Chosen Lucky Block Drop: group(ID=prismarine,amount=#rand(4,8);ID=prismarine,damage=1,amount=#rand(4,8);ID=prismarine,damage=2,amount=#rand(4,8);ID=sea_lantern,amount=#rand(4,8);ID=prismarine_shard,amount=#rand(15,30);ID=prismarine_crystals,amount=#rand(10,20);type=particle,ID=splashpotion,potion="invisibility")@luck=1
[22:20:20] [Server thread/INFO] [net.minecraft.server.dedicated.DedicatedServer]: stph_xmx was slain by Magma Cube
[22:20:21] [Server thread/INFO] [STDOUT]: [mod.lucky.drop.func.DropProcessor:processRandomDrop:122]: Chosen Lucky Block Drop: type=structure,ID=giant_lucky_block_bad,rotation=#pDirect@luck=-2
[22:20:23] [Server thread/INFO] [STDOUT]: [mod.lucky.drop.func.DropProcessor:processRandomDrop:122]: Chosen Lucky Block Drop: type=structure,ID=giant_lucky_block_bad,rotation=#pDirect@luck=-2
[22:20:23] [Server thread/INFO] [STDOUT]: [mod.lucky.drop.func.DropProcessor:processRandomDrop:135]: Chosen Lucky Block Drop: group(group(ID=giant_block_break_stage_1;ID=giant_block_break_stage_2,delay=1;ID=giant_block_break_stage_3,delay=2;ID=giant_block_break_stage_4,delay=3;ID=giant_block_break_stage_5,delay=4),type=structure,pos=(-438.5,7.0,-260.5),rotation=0;type=fill,ID=air,pos=(-443,7,-268),pos2=(-436,14,-261),delay=5;type=entity,ID=tnt,pos=(-439,11,-264),NBTTag=(Fuse=50b,Motion=#randLaunchMotion),amount=15,delay=5)
[22:20:24] [Server thread/INFO] [STDOUT]: [mod.lucky.drop.func.DropProcessor:processRandomDrop:135]: Chosen Lucky Block Drop: group(group(ID=giant_block_break_stage_1;ID=giant_block_break_stage_2,delay=1;ID=giant_block_break_stage_3,delay=2;ID=giant_block_break_stage_4,delay=3;ID=giant_block_break_stage_5,delay=4),type=structure,pos=(-417.5,7.0,-272.5),rotation=0;type=fill,ID=air,pos=(-422,7,-280),pos2=(-415,14,-273),delay=5;type=entity,ID=tnt,pos=(-418,11,-276),NBTTag=(Fuse=50b,Motion=#randLaunchMotion),amount=15,delay=5)
[22:20:27] [Server thread/INFO] [net.minecraft.server.dedicated.DedicatedServer]: RompOrTos drowned
[22:20:32] [Server thread/INFO] [STDOUT]: [mod.lucky.drop.func.DropProcessor:processRandomDrop:122]: Chosen Lucky Block Drop: ID=end_portal_frame,amount=#rand(2,6)@luck=2
[22:20:37] [Server thread/INFO] [net.minecraft.server.dedicated.DedicatedServer]: [@: Set Jer_efece's spawn point to (-418, 7, -287)]
[22:20:37] [Server thread/INFO] [STDOUT]: [mod.lucky.drop.func.DropProcessor:processRandomDrop:122]: Chosen Lucky Block Drop: ID=dropper,amount=8@luck=0
[22:20:38] [Server thread/INFO] [net.minecraft.server.dedicated.DedicatedServer]: [RompOrTos: Teleported RompOrTos to TTottaly_RED]
[22:20:39] [Server thread/INFO] [STDOUT]: [mod.lucky.drop.func.DropProcessor:processRandomDrop:122]: Chosen Lucky Block Drop: group:#rand(1,2):(ID=diamond_shovel,NBTTag=(ench=#luckyToolEnchantments,display=(Name="$9$lHero's Shovel"));ID=diamond_pickaxe,NBTTag=(ench=#luckyToolEnchantments,display=(Name="$9$lHero's Pickaxe"));ID=diamond_axe,NBTTag=(ench=#luckyAxeEnchantments,display=(Name="$9$lHero's Axe"));ID=diamond_hoe,NBTTag=(ench=#luckyToolEnchantments,display=(Name="$9$lHero's Hoe")))@luck=2
[22:20:42] [Server thread/INFO] [STDOUT]: [mod.lucky.drop.func.DropProcessor:processRandomDrop:122]: Chosen Lucky Block Drop: group(ID=ender_pearl,amount=10;ID=ender_eye,amount=5)@luck=2
[22:20:45] [Server thread/INFO] [net.minecraft.server.dedicated.DedicatedServer]: [@: Set stph_xmx's spawn point to (-439, 34, -150)]
[22:20:46] [Server thread/INFO] [net.minecraft.server.dedicated.DedicatedServer]: [@: Set stph_xmx's spawn point to (-439, 33, -145)]
[22:20:47] [Server thread/INFO] [net.minecraft.server.dedicated.DedicatedServer]: [@: Set stph_xmx's spawn point to (-439, 29, -141)]
[22:20:50] [Server thread/DEBUG] [FML]: Gathering id map for writing to world save world
[22:20:52] [Server thread/INFO] [STDOUT]: [mod.lucky.drop.func.DropProcessor:processRandomDrop:122]: Chosen Lucky Block Drop: type=structure,ID=giant_lucky_block_bad,rotation=#pDirect@luck=-2
[22:20:53] [Server thread/INFO] [net.minecraft.server.dedicated.DedicatedServer]: [@: Set stph_xmx's spawn point to (-439, 29, -139)]
[22:20:55] [Server thread/INFO] [STDOUT]: [mod.lucky.drop.func.DropProcessor:processRandomDrop:135]: Chosen Lucky Block Drop: group(group(ID=giant_block_break_stage_1;ID=giant_block_break_stage_2,delay=1;ID=giant_block_break_stage_3,delay=2;ID=giant_block_break_stage_4,delay=3;ID=giant_block_break_stage_5,delay=4),type=structure,pos=(-445.5,7.0,-272.5),rotation=2;type=fill,ID=air,pos=(-442,7,-266),pos2=(-449,14,-273),delay=5;type=entity,ID=tnt,pos=(-446,11,-270),NBTTag=(Fuse=50b,Motion=#randLaunchMotion),amount=15,delay=5)
[22:21:00] [Server thread/INFO] [net.minecraft.server.dedicated.DedicatedServer]: [@: Set stph_xmx's spawn point to (-438, 32, -150)]
[22:21:02] [Server thread/INFO] [STDOUT]: [mod.lucky.drop.func.DropProcessor:processRandomDrop:122]: Chosen Lucky Block Drop: group:#rand(1,2):(ID=diamond_helmet,NBTTag=(ench=#luckyHelmetEnchantments,display=(Name="$9$lHero's Helmet"));ID=diamond_chestplate,NBTTag=(ench=#luckyChestplateEnchantments,display=(Name="$9$lHero's Chestplate"));ID=diamond_leggings,NBTTag=(ench=#luckyLeggingsEnchantments,display=(Name="$9$lHero's Leggings"));ID=diamond_boots,NBTTag=(ench=#luckyBootsEnchantments,display=(Name="$9$lHero's Boots")))@luck=2
[22:21:03] [Server thread/INFO] [net.minecraft.server.dedicated.DedicatedServer]: [@: Set stph_xmx's spawn point to (-439, 30, -155)]
[22:21:06] [Server thread/INFO] [net.minecraft.server.dedicated.DedicatedServer]: TTottaly_RED was blown up by Creeper
[22:21:09] [Server thread/INFO] [net.minecraft.server.dedicated.DedicatedServer]: [@: Set TTottaly_RED's spawn point to (-439, 7, -239)]
[22:21:09] [Server thread/INFO] [STDOUT]: [mod.lucky.drop.func.DropProcessor:processRandomDrop:122]: Chosen Lucky Block Drop: ID=gold_ingot,amount=#rand(8,16)@luck=1
[22:21:11] [Server thread/INFO] [STDOUT]: [mod.lucky.drop.func.DropProcessor:processRandomDrop:122]: Chosen Lucky Block Drop: group:#rand(1,2):(ID=diamond_sword;ID=diamond_shovel;ID=diamond_pickaxe;ID=diamond_axe;ID=diamond_hoe)@luck=2
[22:21:12] [Server thread/INFO] [STDOUT]: [mod.lucky.drop.func.DropProcessor:processRandomDrop:122]: Chosen Lucky Block Drop: ID=cake@luck=0
[22:21:13] [Server thread/INFO] [STDOUT]: [mod.lucky.drop.func.DropProcessor:processRandomDrop:122]: Chosen Lucky Block Drop: group:1:(type=entity,ID=Pig,NBTTag=(CustomName="$e$lLucky Pig",CustomNameVisible=true);type=entity,ID=Cow,NBTTag=(CustomName="$e$lLucky Cow",CustomNameVisible=true);type=entity,ID=Chicken,NBTTag=(CustomName="$e$lLucky Chicken",CustomNameVisible=true);type=entity,ID=Sheep,NBTTag=(CustomName="$e$lLucky Sheep",CustomNameVisible=true);type=entity,ID=Rabbit,NBTTag=(CustomName="$e$lLucky Rabbit",CustomNameVisible=true);type=entity,ID=Squid,NBTTag=(CustomName="$e$lUnlucky Squid",CustomNameVisible=true))@luck=0
[22:21:15] [Server thread/INFO] [STDOUT]: [mod.lucky.drop.func.DropProcessor:processRandomDrop:122]: Chosen Lucky Block Drop: group(type=structure,ID=wishing_well;type=message,ID="A wishing well? Maybe you should throw in a coin...";type=command,ID="/give #pName gold_nugget 1 0 {display:{Name:\"$6Coin\"}}";type=block,ID=lucky:lucky_block,posY=#bPosY-3,NBTTag=(Drops=["group(type=message,ID=\"$bYour wish came true!\";type=block,ID=air,posY='#'bPosY+3;type=block,ID=beacon,posY='#'bPosY+2;type=entity,ID=fireworks_rocket,NBTTag=(LifeTime=20,FireworksItem=(id=fireworks,Count=1,tag='#'randFireworksRocket)),amount=20,posY='#'bPosY+3,posOffset='#'circleOffset(2);ID=gold_ingot,amount=#rand(20,30),posY='#'bPosY+10,posOffset='#'circleOffset(2);ID=diamond,amount=#rand(20,30),posY='#'bPosY+10,posOffset='#'circleOffset(2);ID=emerald,amount=#rand(20,30),posY='#'bPosY+10,posOffset='#'circleOffset(2);ID=dye,damage=4,amount=#rand(20,30),posY='#'bPosY+10,posOffset='#'circleOffset(2))"]))@luck=2
[22:21:15] [Server thread/INFO] [net.minecraft.server.dedicated.DedicatedServer]: [@: Given [Coin] * 1 to RompOrTos]
[22:21:17] [Server thread/INFO] [STDOUT]: [mod.lucky.drop.func.DropProcessor:processRandomDrop:135]: Chosen Lucky Block Drop: group(type=message,ID="Your wish came true!";type=block,ID=air,posY=#bPosY+3;type=block,ID=beacon,posY=#bPosY+2;type=entity,ID=fireworks_rocket,NBTTag=(LifeTime=20,FireworksItem=(id=fireworks,Count=1,tag=#randFireworksRocket)),amount=20,posY=#bPosY+3,posOffset=#circleOffset(2);ID=gold_ingot,amount=#rand(20,30),posY=#bPosY+10,posOffset=#circleOffset(2);ID=diamond,amount=#rand(20,30),posY=#bPosY+10,posOffset=#circleOffset(2);ID=emerald,amount=#rand(20,30),posY=#bPosY+10,posOffset=#circleOffset(2);ID=dye,damage=4,amount=#rand(20,30),posY=#bPosY+10,posOffset=#circleOffset(2))
[22:21:19] [Server thread/INFO] [net.minecraft.server.dedicated.DedicatedServer]: [@: Set stph_xmx's spawn point to (-439, 33, -171)]
[22:21:20] [Server thread/INFO] [net.minecraft.server.dedicated.DedicatedServer]: netz_zk fell from a high place
[22:21:26] [Server thread/INFO] [STDOUT]: [mod.lucky.drop.func.DropProcessor:processRandomDrop:122]: Chosen Lucky Block Drop: group(type=structure,ID=wishing_well;type=message,ID="A wishing well? Maybe you should throw in a coin...";type=command,ID="/give #pName gold_nugget 1 0 {display:{Name:\"$6Coin\"}}";type=block,ID=lucky:lucky_block,posY=#bPosY-3,NBTTag=(Drops=["group(type=message,ID=\"$4Your death wish came true!\";type=block,ID=air,posY='#'bPosY+3;type=block,ID=beacon,posY='#'bPosY+2;type=entity,ID=tnt,NBTTag=(Fuse=50b,Motion='#'randLaunchMotion),posY='#'bPosY+7,amount=20)"]))@luck=-2
[22:21:26] [Server thread/INFO] [net.minecraft.server.dedicated.DedicatedServer]: [@: Given [Coin] * 1 to TTottaly_RED]
[22:21:32] [Server thread/INFO] [STDOUT]: [mod.lucky.drop.func.DropProcessor:processRandomDrop:122]: Chosen Lucky Block Drop: ID=cake@luck=0
[22:21:33] [Server thread/INFO] [STDOUT]: [mod.lucky.drop.func.DropProcessor:processRandomDrop:122]: Chosen Lucky Block Drop: group(ID=prismarine,amount=#rand(4,8);ID=prismarine,damage=1,amount=#rand(4,8);ID=prismarine,damage=2,amount=#rand(4,8);ID=sea_lantern,amount=#rand(4,8);ID=prismarine_shard,amount=#rand(15,30);ID=prismarine_crystals,amount=#rand(10,20);type=particle,ID=splashpotion,potion="invisibility")@luck=1
[22:21:33] [Server thread/INFO] [STDOUT]: [mod.lucky.drop.func.DropProcessor:processRandomDrop:122]: Chosen Lucky Block Drop: type=entity,ID=Pig,NBTTag=(Passengers=[(id=Pig,Passengers=[(id=Pig,Passengers=[(id=Pig,Passengers=[(id=Pig,Passengers=[(id=Pig,Passengers=[(id=Pig,Passengers=[(id=Pig,Passengers=[(id=Villager)])])])])])])])])@luck=0
[22:21:35] [Server thread/INFO] [STDOUT]: [mod.lucky.drop.func.DropProcessor:processRandomDrop:122]: Chosen Lucky Block Drop: type=item,ID=lucky:lucky_bow@chance=1.5@luck=2
[22:21:35] [Server thread/INFO] [net.minecraft.server.dedicated.DedicatedServer]: [@: Set TTottaly_RED's spawn point to (-426, 7, -284)]
[22:21:35] [Server thread/DEBUG] [FML]: Gathering id map for writing to world save world
[22:21:36] [Server thread/INFO] [net.minecraft.server.dedicated.DedicatedServer]: [@: Set TTottaly_RED's spawn point to (-425, 7, -288)]
[22:21:38] [Server thread/INFO] [net.minecraft.server.dedicated.DedicatedServer]: [@: Set RompOrTos's spawn point to (-432, 7, -239)]
[22:21:48] [Server thread/INFO] [net.minecraft.server.dedicated.DedicatedServer]: [@: Set TTottaly_RED's spawn point to (-425, 7, -289)]
[22:21:48] [Server thread/INFO] [STDOUT]: [mod.lucky.drop.func.DropProcessor:processRandomDrop:122]: Chosen Lucky Block Drop: group(type=entity,ID=Wolf,amount=#rand(5,10),posOffset=#circleOffset(3),NBTTag=(CollarColor=#rand(0,14),OwnerUUID=#pUUID,Sitting=1);type=particle,ID="heart",size=(2,0,2),particleAmount=20)@luck=1
[22:21:48] [Server thread/INFO] [net.minecraft.server.dedicated.DedicatedServer]: [@: Set RompOrTos's spawn point to (-445, 7, -240)]
[22:21:49] [Server thread/INFO] [STDOUT]: [mod.lucky.drop.func.DropProcessor:processRandomDrop:122]: Chosen Lucky Block Drop: ID=dropper,amount=8@luck=0
[22:21:50] [Server thread/INFO] [STDOUT]: [mod.lucky.drop.func.DropProcessor:processRandomDrop:122]: Chosen Lucky Block Drop: group(ID=jukebox;ID=#rand(2256,2267),amount=#rand(1,3))@luck=1
[22:21:51] [Server thread/INFO] [STDOUT]: [mod.lucky.drop.func.DropProcessor:processRandomDrop:122]: Chosen Lucky Block Drop: ID=splash_potion,NBTTag=(Potion="harming",CustomPotionEffects=#unluckyPotionEffects,display=(Name="$4$lEvil Potion"))@luck=1
[22:21:54] [Server thread/INFO] [STDOUT]: [mod.lucky.drop.func.DropProcessor:processRandomDrop:122]: Chosen Lucky Block Drop: type=structure,ID=water_trap,pos=#pPos@luck=-2
[22:22:11] [Server thread/INFO] [STDOUT]: [mod.lucky.drop.func.DropProcessor:processRandomDrop:122]: Chosen Lucky Block Drop: type=structure,ID=giant_lucky_block_bad,rotation=#pDirect@luck=-2
[22:22:13] [Server thread/INFO] [STDOUT]: [mod.lucky.drop.func.DropProcessor:processRandomDrop:135]: Chosen Lucky Block Drop: group(group(ID=giant_block_break_stage_1;ID=giant_block_break_stage_2,delay=1;ID=giant_block_break_stage_3,delay=2;ID=giant_block_break_stage_4,delay=3;ID=giant_block_break_stage_5,delay=4),type=structure,pos=(-431.5,33.0,-225.5),rotation=1;type=fill,ID=air,pos=(-425,33,-230),pos2=(-432,40,-223),delay=5;type=entity,ID=tnt,pos=(-429,37,-226),NBTTag=(Fuse=50b,Motion=#randLaunchMotion),amount=15,delay=5)
[22:22:17] [Server thread/INFO] [net.minecraft.server.dedicated.DedicatedServer]: TTottaly_RED has made the advancement [Take Aim]
[22:22:19] [Server thread/INFO] [net.minecraft.server.dedicated.DedicatedServer]: netz_zk fell out of the world
[22:22:20] [Server thread/DEBUG] [FML]: Gathering id map for writing to world save world
[22:22:26] [Server thread/INFO] [STDOUT]: [mod.lucky.drop.func.DropProcessor:processRandomDrop:122]: Chosen Lucky Block Drop: group(ID=ender_pearl,amount=10;ID=ender_eye,amount=5)@luck=2
[22:22:27] [Server thread/INFO] [STDOUT]: [mod.lucky.drop.func.DropProcessor:processRandomDrop:122]: Chosen Lucky Block Drop: type=entity,ID=Villager,NBTTag=(Offers=(Recipes=[(buy=(id=diamond,Count=#rand(12,17)),sell=(id=diamond_helmet,Count=1,tag=(ench=#luckyHelmetEnchantments,display=(Name="$9$lHero's Helmet"))),maxUses=1),(buy=(id=diamond,Count=#rand(20,25)),sell=(id=diamond_chestplate,Count=1,tag=(ench=#luckyChestplateEnchantments,display=(Name="$9$lHero's Chestplate"))),maxUses=1),(buy=(id=diamond,Count=#rand(15,20)),sell=(id=diamond_leggings,Count=1,tag=(ench=#luckyLeggingsEnchantments,display=(Name="$9$lHero's Leggings"))),maxUses=1),(buy=(id=diamond,Count=#rand(12,17)),sell=(id=diamond_boots,Count=1,tag=(ench=#luckyBootsEnchantments,display=(Name="$9$lHero's Boots"))),maxUses=1)]),CustomName="$9$lHero Villager",CustomNameVisible=true)@luck=1
[22:22:28] [Server thread/INFO] [net.minecraft.server.dedicated.DedicatedServer]: stph_xmx fell from a high place
[22:22:28] [Server thread/INFO] [STDOUT]: [mod.lucky.drop.func.DropProcessor:processRandomDrop:122]: Chosen Lucky Block Drop: type=item,ID=lucky:lucky_potion,NBTTag=(Luck=#randList(100,-100)),amount=#rand(10,15)@chance=1.5@luck=2
[22:22:30] [Server thread/INFO] [net.minecraft.server.dedicated.DedicatedServer]: [@: Set stph_xmx's spawn point to (-439, 33, -171)]
[22:22:32] [Server thread/INFO] [STDOUT]: [mod.lucky.drop.func.DropProcessor:processRandomDrop:122]: Chosen Lucky Block Drop: group(type=effect,ID=6,range=4,amplifier=3;type=effect,ID=10,range=4,amplifier=1,duration=300;type=particle,ID=splashpotion,potion="healing";type=particle,ID=heart,size=(1.5,0.5,1.5),particleAmount=300)@luck=2
[22:22:33] [Server thread/INFO] [STDOUT]: [mod.lucky.drop.func.DropProcessor:processRandomDrop:122]: Chosen Lucky Block Drop: type=entity,ID=xp_bottle,NBTTag=(Motion=#motionFromDirection(#rand(0,360),-70,0.4)),amount=#rand(20,30)@luck=2
[22:22:34] [Server thread/INFO] [STDOUT]: [mod.lucky.drop.func.DropProcessor:processRandomDrop:122]: Chosen Lucky Block Drop: group(type=effect,ID=14,range=4,duration=300;type=particle,ID=splashpotion,potion="invisibility";type=particle,ID=explode,size=(2.0,1.0,2.0),particleAmount=300,amount=30,delay=#rand(0.0,8.0))@luck=2
[22:22:34] [Server thread/INFO] [STDOUT]: [mod.lucky.drop.func.DropProcessor:processRandomDrop:122]: Chosen Lucky Block Drop: type=entity,ID=xp_bottle,NBTTag=(Motion=#motionFromDirection(#rand(0,360),-70,0.4)),amount=#rand(20,30)@luck=2
[22:22:35] [Server thread/INFO] [STDOUT]: [mod.lucky.drop.func.DropProcessor:processRandomDrop:122]: Chosen Lucky Block Drop: group(type=entity,ID=potion,NBTTag=(Potion=(id=splash_potion,tag=(Potion=#randList("night_vision","leaping","fire_resistance","swiftness","water_breathing","healing","regeneration","strength")),Count=1),Motion=#motionFromDirection(#rand(0,360),-70,0.4)),amount=10)@luck=2
[22:22:36] [Server thread/INFO] [STDOUT]: [mod.lucky.drop.func.DropProcessor:processRandomDrop:122]: Chosen Lucky Block Drop: group(type=item,ID=anvil;ID=enchanted_book,NBTTag=(StoredEnchantments=#randEnchantment),posOffset=#circleOffset(0.0,2.0),amount=#rand(7,10);type=particle,ID=splashpotion,potion="strength")@luck=2
[22:22:37] [Server thread/INFO] [STDOUT]: [mod.lucky.drop.func.DropProcessor:processRandomDrop:122]: Chosen Lucky Block Drop: group(type=effect,ID=5,range=4,amplifier=1,duration=600;type=effect,ID=11,range=4,amplifier=1,duration=600;type=particle,ID=splashpotion,potion="strength";type=item,ID=iron_sword,posOffset=#circleOffset(0.0,2.0);type=item,ID=iron_helmet,posOffset=#circleOffset(0.0,2.0);type=item,ID=iron_chestplate,posOffset=#circleOffset(0.0,2.0);type=item,ID=iron_leggings,posOffset=#circleOffset(0.0,2.0);type=item,ID=iron_boots,posOffset=#circleOffset(0.0,2.0))@luck=2
[22:22:38] [Server thread/INFO] [STDOUT]: [mod.lucky.drop.func.DropProcessor:processRandomDrop:122]: Chosen Lucky Block Drop: group(type=effect,ID=14,range=4,duration=300;type=particle,ID=splashpotion,potion="invisibility";type=particle,ID=explode,size=(2.0,1.0,2.0),particleAmount=300,amount=30,delay=#rand(0.0,8.0))@luck=2
[22:22:38] [Server thread/INFO] [STDOUT]: [mod.lucky.drop.func.DropProcessor:processRandomDrop:122]: Chosen Lucky Block Drop: group(type=effect,ID=21,range=4,amplifier=1,duration=600;type=effect,ID=6,range=4,amplifier=3;type=effect,ID=22,range=4,amplifier=1,duration=600;type=particle,ID=splashpotion,potion="healing";type=entity,ID=horse,NBTTag=(OwnerUUID=#pUUID,ArmorItem=(id=golden_horse_armor,Count=1),SaddleItem=(id=saddle,Count=1)))@luck=2
[22:22:38] [Server thread/INFO] [STDOUT]: [mod.lucky.drop.func.DropProcessor:processRandomDrop:122]: Chosen Lucky Block Drop: group(type=effect,ID=5,range=4,amplifier=1,duration=600;type=effect,ID=11,range=4,amplifier=1,duration=600;type=particle,ID=splashpotion,potion="strength";type=item,ID=iron_sword,posOffset=#circleOffset(0.0,2.0);type=item,ID=iron_helmet,posOffset=#circleOffset(0.0,2.0);type=item,ID=iron_chestplate,posOffset=#circleOffset(0.0,2.0);type=item,ID=iron_leggings,posOffset=#circleOffset(0.0,2.0);type=item,ID=iron_boots,posOffset=#circleOffset(0.0,2.0))@luck=2
[22:22:38] [Server thread/INFO] [STDOUT]: [mod.lucky.drop.func.DropProcessor:processRandomDrop:122]: Chosen Lucky Block Drop: group(type=effect,ID=21,range=4,amplifier=1,duration=600;type=effect,ID=6,range=4,amplifier=3;type=effect,ID=22,range=4,amplifier=1,duration=600;type=particle,ID=splashpotion,potion="healing";type=entity,ID=horse,NBTTag=(OwnerUUID=#pUUID,ArmorItem=(id=golden_horse_armor,Count=1),SaddleItem=(id=saddle,Count=1)))@luck=2
[22:22:38] [Server thread/INFO] [STDOUT]: [mod.lucky.drop.func.DropProcessor:processRandomDrop:122]: Chosen Lucky Block Drop: group(type=effect,ID=6,range=4,amplifier=3;type=effect,ID=10,range=4,amplifier=1,duration=300;type=particle,ID=splashpotion,potion="healing";type=particle,ID=heart,size=(1.5,0.5,1.5),particleAmount=300)@luck=2
[22:22:39] [Server thread/INFO] [STDOUT]: [mod.lucky.drop.func.DropProcessor:processRandomDrop:122]: Chosen Lucky Block Drop: group(type=entity,ID=potion,NBTTag=(Potion=(id=splash_potion,tag=(Potion=#randList("night_vision","leaping","fire_resistance","swiftness","water_breathing","healing","regeneration","strength")),Count=1),Motion=#motionFromDirection(#rand(0,360),-70,0.4)),amount=10)@luck=2
[22:22:44] [Server thread/INFO] [net.minecraft.server.dedicated.DedicatedServer]: [@: Set stph_xmx's spawn point to (-438, 8, -246)]
[22:22:45] [Server thread/INFO] [net.minecraft.server.dedicated.DedicatedServer]: [@: Set stph_xmx's spawn point to (-436, 9, -251)]
[22:22:47] [Server thread/INFO] [STDOUT]: [mod.lucky.drop.func.DropProcessor:processRandomDrop:122]: Chosen Lucky Block Drop: type=structure,ID=pit_trap,pos=#pPos@luck=-2
[22:22:49] [Server thread/INFO] [STDOUT]: [mod.lucky.drop.func.DropProcessor:processRandomDrop:122]: Chosen Lucky Block Drop: ID=gold_ingot,amount=#rand(8,16)@luck=1
[22:22:54] [Server thread/INFO] [net.minecraft.server.dedicated.DedicatedServer]: [@: Set stph_xmx's spawn point to (-429, 8, -270)]
[22:22:55] [Server thread/INFO] [net.minecraft.server.dedicated.DedicatedServer]: [@: Set stph_xmx's spawn point to (-430, 8, -277)]
[22:22:55] [Server thread/INFO] [STDOUT]: [mod.lucky.drop.func.DropProcessor:processRandomDrop:122]: Chosen Lucky Block Drop: type=structure,ID=bedrock_problem,rotation=#pDirect@luck=-1
[22:23:00] [Server thread/INFO] [net.minecraft.server.dedicated.DedicatedServer]: [@: Set Jer_efece's spawn point to (-434, 51, -351)]
[22:23:00] [Server thread/INFO] [net.minecraft.server.dedicated.DedicatedServer]: [@: Set RompOrTos's spawn point to (-435, 45, -303)]
[22:23:00] [Server thread/INFO] [net.minecraft.server.dedicated.DedicatedServer]: [@: Set netz_zk's spawn point to (-434, 26, -300)]
[22:23:00] [Server thread/INFO] [net.minecraft.server.dedicated.DedicatedServer]: [@: Set TTottaly_RED's spawn point to (-438, 27, -297)]
[22:23:00] [Server thread/INFO] [net.minecraft.server.dedicated.DedicatedServer]: [@: Set stph_xmx's spawn point to (-436, 8, -288)]
[22:23:05] [Server thread/DEBUG] [FML]: Gathering id map for writing to world save world
[22:23:07] [Server thread/INFO] [net.minecraft.server.dedicated.DedicatedServer]: Jer_efece has reached the goal [Sky's the Limit]
[22:23:14] [Server thread/INFO] [net.minecraft.server.dedicated.DedicatedServer]: TTottaly_RED fell from a high place
[22:23:19] [Server thread/INFO] [net.minecraft.server.dedicated.DedicatedServer]: netz_zk fell from a high place
[22:23:25] [Server thread/INFO] [net.minecraft.server.dedicated.DedicatedServer]: Jer_efece fell out of the world
[22:23:28] [Server thread/INFO] [net.minecraft.server.dedicated.DedicatedServer]: [@: Set TTottaly_RED's spawn point to (-442, 6, -295)]
[22:23:45] [Server thread/INFO] [net.minecraft.server.dedicated.DedicatedServer]: RompOrTos fell out of the world
[22:23:48] [Server thread/INFO] [net.minecraft.server.dedicated.DedicatedServer]: [@: Set stph_xmx's spawn point to (-435, 51, -351)]
[22:23:48] [Server thread/INFO] [net.minecraft.server.dedicated.DedicatedServer]: [@: Set netz_zk's spawn point to (-434, 45, -305)]
[22:23:48] [Server thread/INFO] [net.minecraft.server.dedicated.DedicatedServer]: [@: Set RompOrTos's spawn point to (-435, 44, -303)]
[22:23:48] [Server thread/INFO] [net.minecraft.server.dedicated.DedicatedServer]: [@: Set TTottaly_RED's spawn point to (-436, 30, -300)]
[22:23:48] [Server thread/INFO] [net.minecraft.server.dedicated.DedicatedServer]: [@: Set Jer_efece's spawn point to (-427, 32, -411)]
[22:23:50] [Server thread/INFO] [net.minecraft.server.dedicated.DedicatedServer]: [Jer_efece: Set own game mode to Creative Mode]
[22:23:50] [Server thread/DEBUG] [FML]: Gathering id map for writing to world save world
[22:23:51] [Server thread/INFO] [net.minecraft.server.dedicated.DedicatedServer]: stph_xmx has reached the goal [Sky's the Limit]
[22:23:52] [Server thread/INFO] [net.minecraft.server.dedicated.DedicatedServer]: RompOrTos fell from a high place
[22:23:56] [Server thread/INFO] [net.minecraft.server.dedicated.DedicatedServer]: [@: Set netz_zk's spawn point to (-435, 51, -350)]
[22:23:56] [Server thread/INFO] [net.minecraft.server.dedicated.DedicatedServer]: [@: Set stph_xmx's spawn point to (-436, 51, -351)]
[22:23:56] [Server thread/INFO] [net.minecraft.server.dedicated.DedicatedServer]: [@: Set RompOrTos's spawn point to (-435, 44, -300)]
[22:23:56] [Server thread/INFO] [net.minecraft.server.dedicated.DedicatedServer]: [@: Set TTottaly_RED's spawn point to (-435, 31, -299)]
[22:23:56] [Server thread/INFO] [net.minecraft.server.dedicated.DedicatedServer]: [@: Set Jer_efece's spawn point to (-417, 69, -486)]
[22:23:57] [Server thread/INFO] [net.minecraft.server.dedicated.DedicatedServer]: [@: Set netz_zk's spawn point to (-434, 51, -351)]
[22:23:57] [Server thread/INFO] [net.minecraft.server.dedicated.DedicatedServer]: [@: Set stph_xmx's spawn point to (-438, 51, -352)]
[22:23:57] [Server thread/INFO] [net.minecraft.server.dedicated.DedicatedServer]: [@: Set RompOrTos's spawn point to (-435, 44, -300)]
[22:23:57] [Server thread/INFO] [net.minecraft.server.dedicated.DedicatedServer]: [@: Set TTottaly_RED's spawn point to (-435, 32, -299)]
[22:23:57] [Server thread/INFO] [net.minecraft.server.dedicated.DedicatedServer]: [@: Set Jer_efece's spawn point to (-417, 69, -490)]
[22:24:00] [Server thread/INFO] [net.minecraft.server.dedicated.DedicatedServer]: [Jer_efece: Set own game mode to Survival Mode]
[22:24:00] [Server thread/INFO] [net.minecraft.server.dedicated.DedicatedServer]: netz_zk has reached the goal [Sky's the Limit]
[22:24:06] [Server thread/INFO] [net.minecraft.server.dedicated.DedicatedServer]: [@: Set Jer_efece's spawn point to (-416, 68, -492)]
[22:24:06] [Server thread/INFO] [STDOUT]: [mod.lucky.drop.func.DropProcessor:processRandomDrop:122]: Chosen Lucky Block Drop: group(ID=golden_helmet;ID=golden_chestplate;ID=golden_leggings;ID=golden_boots;ID=golden_horse_armor)@luck=1
[22:24:11] [Server thread/INFO] [net.minecraft.server.dedicated.DedicatedServer]: netz_zk experienced kinetic energy
[22:24:13] [Server thread/INFO] [net.minecraft.server.dedicated.DedicatedServer]: [@: Set Jer_efece's spawn point to (-416, 68, -493)]
[22:24:13] [Server thread/INFO] [STDOUT]: [mod.lucky.drop.func.DropProcessor:processRandomDrop:122]: Chosen Lucky Block Drop: group(type=fill,ID=air,size=(1,8,1);type=entity,ID=falling_block,posY=#bPosY+7,NBTTag=(Block=iron_block);type=particle,ID=largesmoke,size=(1,2,1),particleAmount=500;type=sound,ID=block.fire.extinguish)@luck=0
[22:24:14] [Server thread/INFO] [STDOUT]: [mod.lucky.drop.func.DropProcessor:processRandomDrop:122]: Chosen Lucky Block Drop: type=structure,ID=bouncing_castle,pos=#pPos,rotation=#pDirect
[22:24:16] [Server thread/INFO] [STDOUT]: [mod.lucky.drop.func.DropProcessor:processRandomDrop:122]: Chosen Lucky Block Drop: ID=diamond_sword,NBTTag=(ench=#luckySwordEnchantments,display=(Name="$9$lHero's Sword"))@luck=2
[22:24:18] [Server thread/INFO] [STDOUT]: [mod.lucky.drop.func.DropProcessor:processRandomDrop:122]: Chosen Lucky Block Drop: type=item,ID=lucky:lucky_potion,NBTTag=(Luck=#randList(100,-100)),amount=#rand(10,15)@chance=1.5@luck=2
[22:24:19] [Server thread/INFO] [net.minecraft.server.dedicated.DedicatedServer]: RompOrTos has made the advancement [What a Deal!]
[22:24:21] [Server thread/INFO] [STDOUT]: [mod.lucky.drop.func.DropProcessor:processRandomDrop:122]: Chosen Lucky Block Drop: group:#rand(2,3):(ID=chainmail_helmet;ID=chainmail_chestplate;ID=chainmail_leggings;ID=chainmail_boots)@luck=2
[22:24:24] [Server thread/INFO] [STDOUT]: [mod.lucky.drop.func.DropProcessor:processRandomDrop:122]: Chosen Lucky Block Drop: group(type=fill,ID=air,size=(1,8,1);type=entity,ID=falling_block,posY=#bPosY+7,NBTTag=(Block=iron_block);type=particle,ID=largesmoke,size=(1,2,1),particleAmount=500;type=sound,ID=block.fire.extinguish)@luck=0
[22:24:26] [Server thread/INFO] [STDOUT]: [mod.lucky.drop.func.DropProcessor:processRandomDrop:122]: Chosen Lucky Block Drop: group(type=difficulty,ID=hard;type=explosion,damage=4;type=particle,ID=splashpotion,potion="harming")@luck=-2
[22:24:26] [Server thread/INFO] [net.minecraft.server.dedicated.DedicatedServer]: stph_xmx blew up
[22:24:27] [Server thread/INFO] [STDOUT]: [mod.lucky.drop.func.DropProcessor:processRandomDrop:122]: Chosen Lucky Block Drop: group(type=entity,ID=Wolf,amount=#rand(5,10),posOffset=#circleOffset(3),NBTTag=(CollarColor=#rand(0,14),OwnerUUID=#pUUID,Sitting=1);type=particle,ID="heart",size=(2,0,2),particleAmount=20)@luck=1
[22:24:29] [Server thread/INFO] [STDOUT]: [mod.lucky.drop.func.DropProcessor:processRandomDrop:122]: Chosen Lucky Block Drop: type=structure,ID=bedrock_problem,rotation=#pDirect@luck=-1
[22:24:30] [Server thread/INFO] [net.minecraft.server.dedicated.DedicatedServer]: [@: Set stph_xmx's spawn point to (-436, 51, -352)]
[22:24:30] [Server thread/INFO] [net.minecraft.server.dedicated.DedicatedServer]: [@: Set netz_zk's spawn point to (-428, 45, -333)]
[22:24:30] [Server thread/INFO] [net.minecraft.server.dedicated.DedicatedServer]: [@: Set TTottaly_RED's spawn point to (-435, 44, -323)]
[22:24:30] [Server thread/INFO] [net.minecraft.server.dedicated.DedicatedServer]: [@: Set RompOrTos's spawn point to (-443, 4, -318)]
[22:24:30] [Server thread/INFO] [net.minecraft.server.dedicated.DedicatedServer]: [@: Set Jer_efece's spawn point to (-416, 68, -523)]
[22:24:32] [Server thread/INFO] [net.minecraft.server.dedicated.DedicatedServer]: RompOrTos fell out of the world
[22:24:35] [Server thread/DEBUG] [FML]: Gathering id map for writing to world save world
[22:24:38] [Server thread/INFO] [net.minecraft.server.dedicated.DedicatedServer]: RompOrTos fell out of the world
[22:24:40] [Server thread/INFO] [STDOUT]: [mod.lucky.drop.func.DropProcessor:processRandomDrop:122]: Chosen Lucky Block Drop: group(type=effect,ID=18,range=4,duration=30;type=particle,ID=splashpotion,potion="weakness";type=difficulty,ID=hard;type=entity,ID=#randList(Zombie,Skeleton,Spider),posOffset=#circleOffset(0.0,2.0),amount=#rand(7,10))@luck=-2
[22:24:41] [Server thread/INFO] [STDOUT]: [mod.lucky.drop.func.DropProcessor:processRandomDrop:122]: Chosen Lucky Block Drop: type=item,ID=lucky:lucky_potion,NBTTag=(Luck=#randList(100,-100)),amount=#rand(10,15)@chance=1.5@luck=2
[22:24:41] [Server thread/INFO] [net.minecraft.server.dedicated.DedicatedServer]: [@: Set netz_zk's spawn point to (-452, 68, -493)]
[22:24:41] [Server thread/INFO] [STDOUT]: [mod.lucky.drop.func.DropProcessor:processRandomDrop:122]: Chosen Lucky Block Drop: type=structure,ID=anvil_trap,pos=#pPos,rotation=#pDirect@luck=-2
[22:24:43] [Server thread/INFO] [STDOUT]: [mod.lucky.drop.func.DropProcessor:processRandomDrop:122]: Chosen Lucky Block Drop: group(type=effect,ID=15,range=4,duration=10;type=effect,ID=2,range=4,duration=10;type=particle,ID=splashpotion,potion="slowness";type=particle,ID=largesmoke,size=(2.0,1.0,2.0),particleAmount=300,amount=30,delay=#rand(0.0,8.0))@luck=-2
[22:24:44] [Server thread/INFO] [STDOUT]: [mod.lucky.drop.func.DropProcessor:processRandomDrop:122]: Chosen Lucky Block Drop: ID=dropper,amount=8@luck=0
[22:24:44] [Server thread/INFO] [net.minecraft.server.dedicated.DedicatedServer]: netz_zk was squashed by a falling anvil
[22:24:45] [Server thread/INFO] [net.minecraft.server.dedicated.DedicatedServer]: RompOrTos fell out of the world
[22:24:48] [Server thread/INFO] [net.minecraft.server.dedicated.DedicatedServer]: [@: Teleported netz_zk to -452.5, 28.0, -117.5]
[22:24:48] [Server thread/INFO] [net.minecraft.server.dedicated.DedicatedServer]: [@: Set Jer_efece's spawn point to (-416, 68, -540)]
[22:24:49] [Server thread/INFO] [STDOUT]: [mod.lucky.drop.func.DropProcessor:processRandomDrop:122]: Chosen Lucky Block Drop: group(type=effect,ID=23,range=4,amplifier=3,duration=600;type=particle,ID=splashpotion,potion="strength";type=block,ID=cake;type=item,ID=#randList(apple,baked_potato,bread,carrot,cooked_chicken,cooked_fish,cooked_mutton,cooked_porkchop,cooked_beef,cooked_rabbit,cookie,golden_apple,golden_carrot,melon,mushroom_stew,potato,pumpkin_pie,rabbit_stew,beef,fish,mutton,porkchop),amount=20)@luck=2
[22:24:49] [Server thread/INFO] [net.minecraft.server.dedicated.DedicatedServer]: [@: Set netz_zk's spawn point to (-454, 28, -118)]
[22:24:49] [Server thread/INFO] [STDOUT]: [mod.lucky.drop.func.DropProcessor:processRandomDrop:122]: Chosen Lucky Block Drop: group(type=fill,ID=air,size=(1,8,1);type=entity,ID=falling_block,posY=#bPosY+7,NBTTag=(Block=iron_block);type=particle,ID=largesmoke,size=(1,2,1),particleAmount=500;type=sound,ID=block.fire.extinguish)@luck=0
[22:24:50] [Server thread/INFO] [net.minecraft.server.dedicated.DedicatedServer]: [RompOrTos: Set own game mode to Survival Mode]
[22:24:50] [Server thread/INFO] [STDOUT]: [mod.lucky.drop.func.DropProcessor:processRandomDrop:122]: Chosen Lucky Block Drop: type=entity,ID=xp_bottle,NBTTag=(Motion=#motionFromDirection(#rand(0,360),-70,0.4)),amount=#rand(20,30)@luck=2
[22:24:51] [Server thread/INFO] [net.minecraft.server.dedicated.DedicatedServer]: [@: Set Jer_efece's spawn point to (-414, 68, -546)]
[22:24:51] [Server thread/INFO] [net.minecraft.server.dedicated.DedicatedServer]: RompOrTos fell out of the world
[22:24:52] [Server thread/INFO] [net.minecraft.server.dedicated.DedicatedServer]: [@: Set Jer_efece's spawn point to (-415, 69, -548)]
[22:24:52] [Server thread/INFO] [net.minecraft.server.dedicated.DedicatedServer]: [@: Given Jump Boost (ID 8) * 30 to Jer_efece for 6 seconds]
[22:24:54] [Server thread/INFO] [STDOUT]: [mod.lucky.drop.func.DropProcessor:processRandomDrop:122]: Chosen Lucky Block Drop: group(type=effect,ID=5,range=4,amplifier=1,duration=600;type=effect,ID=11,range=4,amplifier=1,duration=600;type=particle,ID=splashpotion,potion="strength";type=item,ID=iron_sword,posOffset=#circleOffset(0.0,2.0);type=item,ID=iron_helmet,posOffset=#circleOffset(0.0,2.0);type=item,ID=iron_chestplate,posOffset=#circleOffset(0.0,2.0);type=item,ID=iron_leggings,posOffset=#circleOffset(0.0,2.0);type=item,ID=iron_boots,posOffset=#circleOffset(0.0,2.0))@luck=2
[22:24:55] [Server thread/INFO] [STDOUT]: [mod.lucky.drop.func.DropProcessor:processRandomDrop:122]: Chosen Lucky Block Drop: group(ID=leather_helmet;ID=leather_chestplate;ID=leather_leggings;ID=leather_boots)@luck=0
[22:24:57] [Server thread/INFO] [net.minecraft.server.dedicated.DedicatedServer]: [RompOrTos: Set own game mode to Creative Mode]
[22:24:58] [Server thread/INFO] [net.minecraft.server.dedicated.DedicatedServer]: RompOrTos fell out of the world
[22:25:00] [Server thread/INFO] [net.minecraft.server.dedicated.DedicatedServer]: stph_xmx has made the advancement [Suit Up]
[22:25:07] [Server thread/INFO] [net.minecraft.server.dedicated.DedicatedServer]: [@: Teleported Jer_efece to -126.5, 120.0, -3.5]
[22:25:09] [Server thread/INFO] [STDOUT]: [mod.lucky.drop.func.DropProcessor:processRandomDrop:122]: Chosen Lucky Block Drop: group(type=difficulty,ID=hard;type=entity,ID=Creeper;type=entity,ID=LightningBolt)@luck=-2
[22:25:10] [Server thread/INFO] [net.minecraft.server.dedicated.DedicatedServer]: [@: Set netz_zk's spawn point to (-436, 30, -130)]
[22:25:12] [Server thread/INFO] [STDOUT]: [mod.lucky.drop.func.DropProcessor:processRandomDrop:122]: Chosen Lucky Block Drop: type=entity,ID=Villager,NBTTag=(Offers=(Recipes=[(buy=(id=diamond,Count=#rand(20,25)),sell=(id=diamond_sword,Count=1,tag=(ench=#luckySwordEnchantments,display=(Name="$9$lHero's Sword"))),maxUses=1),(buy=(id=diamond,Count=#rand(20,25)),sell=(id=bow,Count=1,tag=(ench=#luckyBowEnchantments,display=(Name="$9$lHero's Bow"))),maxUses=1),(buy=(id=diamond,Count=#rand(10,15)),sell=(id=fishing_rod,Count=1,tag=(ench=#luckyFishingRodEnchantments,display=(Name="$9$lHero's Fishing Rod"))),maxUses=1),(buy=(id=diamond,Count=#rand(10,15)),sell=(id=potion,Count=1,tag=(Potion="fire_resistance",CustomPotionEffects=#luckyPotionEffects,display=(Name="$9$lHero's Potion"))),maxUses=1),(buy=(id=diamond,Count=#rand(7,12)),sell=(id=splash_potion,Count=1,tag=(Potion="harming",CustomPotionEffects=#unluckyPotionEffects,display=(Name="$4$lEvil Potion"))),maxUses=1)]),CustomName="$9$lHero Villager",CustomNameVisible=true)@luck=1
[22:25:12] [Server thread/INFO] [STDOUT]: [mod.lucky.drop.func.DropProcessor:processRandomDrop:122]: Chosen Lucky Block Drop: ID=splash_potion,NBTTag=(Potion="harming",CustomPotionEffects=#unluckyPotionEffects,display=(Name="$4$lEvil Potion"))@luck=1
[22:25:13] [Server thread/INFO] [STDOUT]: [mod.lucky.drop.func.DropProcessor:processRandomDrop:122]: Chosen Lucky Block Drop: ID=cake@luck=0
[22:25:13] [Server thread/INFO] [net.minecraft.server.dedicated.DedicatedServer]: [@: Set netz_zk's spawn point to (-428, 30, -131)]
[22:25:15] [Server thread/INFO] [STDOUT]: [mod.lucky.drop.func.DropProcessor:processRandomDrop:122]: Chosen Lucky Block Drop: ID=potion,NBTTag=(Potion="fire_resistance",CustomPotionEffects=#luckyPotionEffects,display=(Name="$9$lHero's Potion"))@luck=2
[22:25:15] [Server thread/INFO] [net.minecraft.server.dedicated.DedicatedServer]: [RompOrTos: Teleported netz_zk to RompOrTos]
[22:25:20] [Server thread/INFO] [STDOUT]: [mod.lucky.drop.func.DropProcessor:processRandomDrop:122]: Chosen Lucky Block Drop: group(ID=leather_helmet;ID=leather_chestplate;ID=leather_leggings;ID=leather_boots)@luck=0
[22:25:20] [Server thread/DEBUG] [FML]: Gathering id map for writing to world save world
[22:25:22] [Server thread/INFO] [STDOUT]: [mod.lucky.drop.func.DropProcessor:processRandomDrop:122]: Chosen Lucky Block Drop: type=item,ID=lucky:lucky_bow@chance=1.5@luck=2
[22:25:22] [Server thread/INFO] [net.minecraft.server.dedicated.DedicatedServer]: [RompOrTos: Set own game mode to Survival Mode]
[22:25:24] [Server thread/INFO] [STDOUT]: [mod.lucky.drop.func.DropProcessor:processRandomDrop:122]: Chosen Lucky Block Drop: type=item,ID=lucky:lucky_sword@chance=1.5@luck=2
[22:25:28] [Server thread/INFO] [STDOUT]: [mod.lucky.drop.func.DropProcessor:processRandomDrop:122]: Chosen Lucky Block Drop: group(type=difficulty,ID=hard;type=entity,ID=Creeper;type=entity,ID=LightningBolt)@luck=-2
[22:25:33] [Server thread/INFO] [STDOUT]: [mod.lucky.drop.func.DropProcessor:processRandomDrop:122]: Chosen Lucky Block Drop: ID=spawn_egg,NBTTag=(EntityTag=(id=#randSpawnEgg)),amount=#rand(4,8)@luck=1
[22:25:34] [Server thread/INFO] [STDOUT]: [mod.lucky.drop.func.DropProcessor:processRandomDrop:122]: Chosen Lucky Block Drop: ID=rabbit_stew,amount=#rand(5,7)@luck=1
[22:25:35] [Server thread/INFO] [STDOUT]: [mod.lucky.drop.func.DropProcessor:processRandomDrop:122]: Chosen Lucky Block Drop: group(type=fill,ID=air,size=(1,51,1);type=entity,ID=falling_block,NBTTag=(Block=redstone_block),posY=#bPosY+5;group(posY=#bPosY+10;posY=#bPosY+15;posY=#bPosY+20;posY=#bPosY+25;posY=#bPosY+30;posY=#bPosY+35;posY=#bPosY+40;posY=#bPosY+45;posY=#bPosY+50),type=entity,ID=falling_block,NBTTag=(Block=tnt))@luck=2
[22:25:36] [Server thread/INFO] [STDOUT]: [mod.lucky.drop.func.DropProcessor:processRandomDrop:122]: Chosen Lucky Block Drop: ID=obsidian,amount=14@luck=1
[22:25:36] [Server thread/INFO] [net.minecraft.server.dedicated.DedicatedServer]: netz_zk has made the advancement [Ice Bucket Challenge]
[22:25:36] [Server thread/INFO] [net.minecraft.server.dedicated.DedicatedServer]: [@: Set stph_xmx's spawn point to (-437, 68, -540)]
[22:25:37] [Server thread/INFO] [STDOUT]: [mod.lucky.drop.func.DropProcessor:processRandomDrop:122]: Chosen Lucky Block Drop: type=item,ID=lucky:lucky_potion,NBTTag=(Luck=#randList(100,-100)),amount=#rand(10,15)@chance=1.5@luck=2
[22:25:37] [Server thread/INFO] [STDOUT]: [mod.lucky.drop.func.DropProcessor:processRandomDrop:122]: Chosen Lucky Block Drop: type=entity,ID=llama,amount=8,posOffset=#circleOffset(4),NBTTag=(CustomName=#randList("$5$lLlaura","$5$lLlauretta","$5$lLlavender","$5$lLlinda","$5$lLlisa","$5$lLlouise","$5$lLlucy","$5$lLlydia"),Variant=#rand(0,3),CustomNameVisible=true)@luck=0
[22:25:37] [Server thread/INFO] [net.minecraft.server.dedicated.DedicatedServer]: [@: Set RompOrTos's spawn point to (-434, 51, -351)]
[22:25:37] [Server thread/INFO] [net.minecraft.server.dedicated.DedicatedServer]: [@: Set TTottaly_RED's spawn point to (-440, 51, -325)]
[22:25:37] [Server thread/INFO] [net.minecraft.server.dedicated.DedicatedServer]: [@: Set netz_zk's spawn point to (-452, 68, -518)]
[22:25:37] [Server thread/INFO] [net.minecraft.server.dedicated.DedicatedServer]: [@: Set stph_xmx's spawn point to (-437, 68, -544)]
[22:25:37] [Server thread/INFO] [net.minecraft.server.dedicated.DedicatedServer]: [@: Set Jer_efece's spawn point to (-154, 119, -26)]
[22:25:39] [Server thread/INFO] [STDOUT]: [mod.lucky.drop.func.DropProcessor:processRandomDrop:122]: Chosen Lucky Block Drop: type=structure,ID=bedrock_problem,rotation=#pDirect@luck=-1
[22:25:39] [Server thread/INFO] [STDOUT]: [mod.lucky.drop.func.DropProcessor:processRandomDrop:122]: Chosen Lucky Block Drop: group(type=effect,ID=1,range=4,amplifier=2,duration=600;type=particle,ID=splashpotion,potion="swiftness";type=item,ID=#randList(cookie,sugar),posOffset=#circleOffset(0.0,2.0),amount=30)@luck=2
[22:25:40] [Server thread/INFO] [net.minecraft.server.dedicated.DedicatedServer]: [@: Given Jump Boost (ID 8) * 30 to stph_xmx for 6 seconds]
[22:25:41] [Server thread/INFO] [net.minecraft.server.dedicated.DedicatedServer]: RompOrTos has reached the goal [Sky's the Limit]
[22:25:42] [Server thread/INFO] [STDOUT]: [mod.lucky.drop.func.DropProcessor:processRandomDrop:122]: Chosen Lucky Block Drop: ID=enchanting_table@luck=2
[22:25:42] [Server thread/INFO] [STDOUT]: [mod.lucky.drop.func.DropProcessor:processRandomDrop:122]: Chosen Lucky Block Drop: type=entity,ID=xp_bottle,NBTTag=(Motion=#motionFromDirection(#rand(0,360),-70,0.4)),amount=#rand(20,30)@luck=2
[22:25:43] [Server thread/INFO] [STDOUT]: [mod.lucky.drop.func.DropProcessor:processRandomDrop:122]: Chosen Lucky Block Drop: type=entity,ID=Villager,NBTTag=(Offers=(Recipes=[(buy=(id=diamond,Count=#rand(20,25)),sell=(id=diamond_sword,Count=1,tag=(ench=#luckySwordEnchantments,display=(Name="$9$lHero's Sword"))),maxUses=1),(buy=(id=diamond,Count=#rand(20,25)),sell=(id=bow,Count=1,tag=(ench=#luckyBowEnchantments,display=(Name="$9$lHero's Bow"))),maxUses=1),(buy=(id=diamond,Count=#rand(10,15)),sell=(id=fishing_rod,Count=1,tag=(ench=#luckyFishingRodEnchantments,display=(Name="$9$lHero's Fishing Rod"))),maxUses=1),(buy=(id=diamond,Count=#rand(10,15)),sell=(id=potion,Count=1,tag=(Potion="fire_resistance",CustomPotionEffects=#luckyPotionEffects,display=(Name="$9$lHero's Potion"))),maxUses=1),(buy=(id=diamond,Count=#rand(7,12)),sell=(id=splash_potion,Count=1,tag=(Potion="harming",CustomPotionEffects=#unluckyPotionEffects,display=(Name="$4$lEvil Potion"))),maxUses=1)]),CustomName="$9$lHero Villager",CustomNameVisible=true)@luck=1
[22:25:44] [Server thread/INFO] [net.minecraft.server.dedicated.DedicatedServer]: [@: Given Jump Boost (ID 8) * 30 to stph_xmx for 6 seconds]
[22:25:45] [Server thread/INFO] [STDOUT]: [mod.lucky.drop.func.DropProcessor:processRandomDrop:122]: Chosen Lucky Block Drop: group(type=item,ID=anvil;ID=enchanted_book,NBTTag=(StoredEnchantments=#randEnchantment),posOffset=#circleOffset(0.0,2.0),amount=#rand(7,10);type=particle,ID=splashpotion,potion="strength")@luck=2
[22:25:45] [Server thread/INFO] [net.minecraft.server.dedicated.DedicatedServer]: [@: Set netz_zk's spawn point to (-451, 68, -541)]
[22:25:46] [Server thread/INFO] [STDOUT]: [mod.lucky.drop.func.DropProcessor:processRandomDrop:122]: Chosen Lucky Block Drop: group(type=structure,ID=wishing_well;type=message,ID="A wishing well? Maybe you should throw in a coin...";type=command,ID="/give #pName gold_nugget 1 0 {display:{Name:\"$6Coin\"}}";type=block,ID=lucky:lucky_block,posY=#bPosY-3,NBTTag=(Drops=["group(type=message,ID=\"$eYour wish came true! (If you like potatoes)\";type=block,ID=air,posY='#'bPosY+3;type=block,ID=beacon,posY='#'bPosY+2;ID=potato,amount=128,posY='#'bPosY+10,posOffset='#'circleOffset(2);ID=baked_potato,amount=64,posY='#'bPosY+10,posOffset='#'circleOffset(2);ID=poisonous_potato,amount=32,posY='#'bPosY+10,posOffset='#'circleOffset(2))"]))@luck=1
[22:25:46] [Server thread/INFO] [net.minecraft.server.dedicated.DedicatedServer]: [@: Given [Coin] * 1 to netz_zk]
[22:25:47] [Server thread/INFO] [net.minecraft.server.dedicated.DedicatedServer]: [@: Set netz_zk's spawn point to (-452, 68, -542)]
[22:25:48] [Server thread/INFO] [STDOUT]: [mod.lucky.drop.func.DropProcessor:processRandomDrop:122]: Chosen Lucky Block Drop: group(type=effect,ID=6,range=4,amplifier=3;type=effect,ID=10,range=4,amplifier=1,duration=300;type=particle,ID=splashpotion,potion="healing";type=particle,ID=heart,size=(1.5,0.5,1.5),particleAmount=300)@luck=2
[22:25:49] [Server thread/INFO] [net.minecraft.server.dedicated.DedicatedServer]: [@: Set netz_zk's spawn point to (-451, 68, -542)]
[22:25:50] [Server thread/INFO] [STDOUT]: [mod.lucky.drop.func.DropProcessor:processRandomDrop:122]: Chosen Lucky Block Drop: group(type=entity,ID=potion,NBTTag=(Potion=(id=splash_potion,tag=(Potion=#randList("night_vision","leaping","fire_resistance","swiftness","water_breathing","healing","regeneration","strength")),Count=1),Motion=#motionFromDirection(#rand(0,360),-70,0.4)),amount=10)@luck=2
[22:25:52] [Server thread/INFO] [STDOUT]: [mod.lucky.drop.func.DropProcessor:processRandomDrop:135]: Chosen Lucky Block Drop: group(type=message,ID="Your wish came true! (If you like potatoes)";type=block,ID=air,posY=#bPosY+3;type=block,ID=beacon,posY=#bPosY+2;ID=potato,amount=128,posY=#bPosY+10,posOffset=#circleOffset(2);ID=baked_potato,amount=64,posY=#bPosY+10,posOffset=#circleOffset(2);ID=poisonous_potato,amount=32,posY=#bPosY+10,posOffset=#circleOffset(2))
[22:25:53] [Server thread/INFO] [STDOUT]: [mod.lucky.drop.func.DropProcessor:processRandomDrop:122]: Chosen Lucky Block Drop: type=entity,ID=xp_bottle,NBTTag=(Motion=#motionFromDirection(#rand(0,360),-70,0.4)),amount=#rand(20,30)@luck=2
[22:25:53] [Server thread/INFO] [net.minecraft.server.dedicated.DedicatedServer]: [@: Set netz_zk's spawn point to (-453, 69, -544)]
[22:25:55] [Server thread/INFO] [STDOUT]: [mod.lucky.drop.func.DropProcessor:processRandomDrop:122]: Chosen Lucky Block Drop: group(type=effect,ID=23,range=4,amplifier=3,duration=600;type=particle,ID=splashpotion,potion="strength";type=block,ID=cake;type=item,ID=#randList(apple,baked_potato,bread,carrot,cooked_chicken,cooked_fish,cooked_mutton,cooked_porkchop,cooked_beef,cooked_rabbit,cookie,golden_apple,golden_carrot,melon,mushroom_stew,potato,pumpkin_pie,rabbit_stew,beef,fish,mutton,porkchop),amount=20)@luck=2
[22:25:56] [Server thread/INFO] [STDOUT]: [mod.lucky.drop.func.DropProcessor:processRandomDrop:122]: Chosen Lucky Block Drop: group(type=entity,ID=Wolf,amount=#rand(5,10),posOffset=#circleOffset(3),NBTTag=(CollarColor=#rand(0,14),OwnerUUID=#pUUID,Sitting=1);type=particle,ID="heart",size=(2,0,2),particleAmount=20)@luck=1
[22:25:57] [Server thread/INFO] [STDOUT]: [mod.lucky.drop.func.DropProcessor:processRandomDrop:122]: Chosen Lucky Block Drop: group(type=fill,ID=air,size=(1,8,1);type=entity,ID=falling_block,posY=#bPosY+7,NBTTag=(Block=gold_block);type=particle,ID=flame,size=(1,2,1),particleAmount=500;type=sound,ID=entity.ghast.shoot)@luck=0
[22:25:59] [Server thread/INFO] [STDOUT]: [mod.lucky.drop.func.DropProcessor:processRandomDrop:122]: Chosen Lucky Block Drop: group(type=structure,ID=wishing_well;type=message,ID="A wishing well? Maybe you should throw in a coin...";type=command,ID="/give #pName gold_nugget 1 0 {display:{Name:\"$6Coin\"}}";type=block,ID=lucky:lucky_block,posY=#bPosY-3,NBTTag=(Drops=["group(type=message,ID=\"$eYour wish came true! (If you like potatoes)\";type=block,ID=air,posY='#'bPosY+3;type=block,ID=beacon,posY='#'bPosY+2;ID=potato,amount=128,posY='#'bPosY+10,posOffset='#'circleOffset(2);ID=baked_potato,amount=64,posY='#'bPosY+10,posOffset='#'circleOffset(2);ID=poisonous_potato,amount=32,posY='#'bPosY+10,posOffset='#'circleOffset(2))"]))@luck=1
[22:25:59] [Server thread/INFO] [net.minecraft.server.dedicated.DedicatedServer]: [@: Given [Coin] * 1 to netz_zk]
[22:26:01] [Server thread/INFO] [net.minecraft.server.dedicated.DedicatedServer]: stph_xmx fell from a high place
[22:26:05] [Server thread/DEBUG] [FML]: Gathering id map for writing to world save world
[22:26:10] [Server thread/INFO] [STDOUT]: [mod.lucky.drop.func.DropProcessor:processRandomDrop:135]: Chosen Lucky Block Drop: group(type=message,ID="Your wish came true! (If you like potatoes)";type=block,ID=air,posY=#bPosY+3;type=block,ID=beacon,posY=#bPosY+2;ID=potato,amount=128,posY=#bPosY+10,posOffset=#circleOffset(2);ID=baked_potato,amount=64,posY=#bPosY+10,posOffset=#circleOffset(2);ID=poisonous_potato,amount=32,posY=#bPosY+10,posOffset=#circleOffset(2))
[22:26:13] [Server thread/INFO] [STDOUT]: [mod.lucky.drop.func.DropProcessor:processRandomDrop:122]: Chosen Lucky Block Drop: group(type=entity,ID=Wolf,amount=#rand(5,10),posOffset=#circleOffset(3),NBTTag=(CollarColor=#rand(0,14),OwnerUUID=#pUUID,Sitting=1);type=particle,ID="heart",size=(2,0,2),particleAmount=20)@luck=1
[22:26:15] [Server thread/INFO] [STDOUT]: [mod.lucky.drop.func.DropProcessor:processRandomDrop:122]: Chosen Lucky Block Drop: group(type=difficulty,ID=hard;type=entity,ID=Giant)@luck=-2
[22:26:17] [Server thread/INFO] [STDOUT]: [mod.lucky.drop.func.DropProcessor:processRandomDrop:122]: Chosen Lucky Block Drop: group(ID=pumpkin,amount=#rand(8,16);ID=lit_pumpkin,amount=#rand(8,16))@luck=0
[22:26:18] [Server thread/INFO] [STDOUT]: [mod.lucky.drop.func.DropProcessor:processRandomDrop:122]: Chosen Lucky Block Drop: group:1:(group(ID=porkchop,amount=#rand(8,16);ID=cooked_porkchop,amount=#rand(4,8));group(ID=fish,amount=#rand(8,16);ID=cooked_fish,amount=#rand(4,8));group(ID=beef,amount=#rand(8,16);ID=cooked_beef,amount=#rand(4,8));group(ID=chicken,amount=#rand(8,16);ID=cooked_chicken,amount=#rand(4,8));group(ID=mutton,amount=#rand(8,16);ID=cooked_mutton,amount=#rand(4,8));group(ID=rabbit,amount=#rand(8,16);ID=cooked_rabbit,amount=#rand(4,8)))@luck=1
[22:26:26] [Server thread/INFO] [net.minecraft.server.dedicated.DedicatedServer]: [@: Given Jump Boost (ID 8) * 30 to netz_zk for 6 seconds]
[22:26:27] [Server thread/INFO] [net.minecraft.server.dedicated.DedicatedServer]: TTottaly_RED fell from a high place
[22:26:27] [Server thread/INFO] [net.minecraft.server.dedicated.DedicatedServer]: [@: Teleported stph_xmx to -126.5, 120.0, -3.5]
[22:26:33] [Server thread/INFO] [net.minecraft.server.dedicated.DedicatedServer]: RompOrTos was burnt to a crisp whilst fighting TTottaly_RED
[22:26:38] [Server thread/INFO] [net.minecraft.server.dedicated.DedicatedServer]: [@: Teleported netz_zk to -126.5, 120.0, -3.5]
[22:26:39] [Server thread/INFO] [net.minecraft.server.dedicated.DedicatedServer]: [@: Given [Lapis Lazuli Block] * 1 to Jer_efece]
[22:26:48] [Server thread/INFO] [net.minecraft.server.dedicated.DedicatedServer]: Jer_efece has made the advancement [Enchanter]
[22:26:50] [Server thread/DEBUG] [FML]: Gathering id map for writing to world save world
[22:26:53] [Server thread/INFO] [net.minecraft.server.dedicated.DedicatedServer]: [@: Teleported netz_zk to 14.5, 116.0, 13.5]
[22:26:55] [Server thread/INFO] [net.minecraft.server.dedicated.DedicatedServer]: [@: Set RompOrTos's spawn point to (-435, 51, -350)]
[22:26:55] [Server thread/INFO] [net.minecraft.server.dedicated.DedicatedServer]: [@: Set TTottaly_RED's spawn point to (-439, 44, -323)]
[22:26:55] [Server thread/INFO] [net.minecraft.server.dedicated.DedicatedServer]: [@: Set Jer_efece's spawn point to (-154, 119, -26)]
[22:26:55] [Server thread/INFO] [net.minecraft.server.dedicated.DedicatedServer]: [@: Set stph_xmx's spawn point to (-144, 119, -26)]
[22:26:55] [Server thread/INFO] [net.minecraft.server.dedicated.DedicatedServer]: [@: Set netz_zk's spawn point to (13, 116, 8)]
[22:27:00] [Server thread/INFO] [STDOUT]: [mod.lucky.drop.func.DropProcessor:processRandomDrop:122]: Chosen Lucky Block Drop: group(type=effect,ID=23,range=4,amplifier=3,duration=600;type=particle,ID=splashpotion,potion="strength";type=block,ID=cake;type=item,ID=#randList(apple,baked_potato,bread,carrot,cooked_chicken,cooked_fish,cooked_mutton,cooked_porkchop,cooked_beef,cooked_rabbit,cookie,golden_apple,golden_carrot,melon,mushroom_stew,potato,pumpkin_pie,rabbit_stew,beef,fish,mutton,porkchop),amount=20)@luck=2
[22:27:02] [Server thread/INFO] [STDOUT]: [mod.lucky.drop.func.DropProcessor:processRandomDrop:122]: Chosen Lucky Block Drop: group(type=effect,ID=5,range=4,amplifier=1,duration=600;type=effect,ID=11,range=4,amplifier=1,duration=600;type=particle,ID=splashpotion,potion="strength";type=item,ID=iron_sword,posOffset=#circleOffset(0.0,2.0);type=item,ID=iron_helmet,posOffset=#circleOffset(0.0,2.0);type=item,ID=iron_chestplate,posOffset=#circleOffset(0.0,2.0);type=item,ID=iron_leggings,posOffset=#circleOffset(0.0,2.0);type=item,ID=iron_boots,posOffset=#circleOffset(0.0,2.0))@luck=2
[22:27:03] [Server thread/INFO] [STDOUT]: [mod.lucky.drop.func.DropProcessor:processRandomDrop:122]: Chosen Lucky Block Drop: group(type=effect,ID=6,range=4,amplifier=3;type=effect,ID=10,range=4,amplifier=1,duration=300;type=particle,ID=splashpotion,potion="healing";type=particle,ID=heart,size=(1.5,0.5,1.5),particleAmount=300)@luck=2
[22:27:05] [Server thread/INFO] [STDOUT]: [mod.lucky.drop.func.DropProcessor:processRandomDrop:122]: Chosen Lucky Block Drop: group(type=effect,ID=21,range=4,amplifier=1,duration=600;type=effect,ID=6,range=4,amplifier=3;type=effect,ID=22,range=4,amplifier=1,duration=600;type=particle,ID=splashpotion,potion="healing";type=entity,ID=horse,NBTTag=(OwnerUUID=#pUUID,ArmorItem=(id=golden_horse_armor,Count=1),SaddleItem=(id=saddle,Count=1)))@luck=2
[22:27:07] [Server thread/INFO] [STDOUT]: [mod.lucky.drop.func.DropProcessor:processRandomDrop:122]: Chosen Lucky Block Drop: group(type=effect,ID=8,range=4,amplifier=2,duration=600;type=particle,ID=splashpotion,potion="leaping";type=entity,ID=Rabbit,posOffset=#circleOffset(0.0,2.0),amount=8)@luck=2
[22:27:13] [Server thread/INFO] [STDOUT]: [mod.lucky.drop.func.DropProcessor:processRandomDrop:122]: Chosen Lucky Block Drop: ID=obsidian,amount=14@luck=1
[22:27:13] [Server thread/INFO] [net.minecraft.server.dedicated.DedicatedServer]: RompOrTos has made the advancement [Ice Bucket Challenge]
[22:27:14] [Server thread/INFO] [net.minecraft.server.dedicated.DedicatedServer]: [@: Set RompOrTos's spawn point to (-437, 68, -492)]
[22:27:15] [Server thread/INFO] [STDOUT]: [mod.lucky.drop.func.DropProcessor:processRandomDrop:122]: Chosen Lucky Block Drop: group(type=effect,ID=5,range=4,amplifier=1,duration=600;type=effect,ID=11,range=4,amplifier=1,duration=600;type=particle,ID=splashpotion,potion="strength";type=item,ID=iron_sword,posOffset=#circleOffset(0.0,2.0);type=item,ID=iron_helmet,posOffset=#circleOffset(0.0,2.0);type=item,ID=iron_chestplate,posOffset=#circleOffset(0.0,2.0);type=item,ID=iron_leggings,posOffset=#circleOffset(0.0,2.0);type=item,ID=iron_boots,posOffset=#circleOffset(0.0,2.0))@luck=2
[22:27:17] [Server thread/INFO] [STDOUT]: [mod.lucky.drop.func.DropProcessor:processRandomDrop:122]: Chosen Lucky Block Drop: group(type=effect,ID=14,range=4,duration=300;type=particle,ID=splashpotion,potion="invisibility";type=particle,ID=explode,size=(2.0,1.0,2.0),particleAmount=300,amount=30,delay=#rand(0.0,8.0))@luck=2
[22:27:19] [Server thread/INFO] [net.minecraft.server.dedicated.DedicatedServer]: [@: Set RompOrTos's spawn point to (-437, 68, -494)]
[22:27:19] [Server thread/INFO] [STDOUT]: [mod.lucky.drop.func.DropProcessor:processRandomDrop:122]: Chosen Lucky Block Drop: type=entity,ID=Villager,NBTTag=(Offers=(Recipes=[(buy=(id=diamond,Count=#rand(10,15)),sell=(id=diamond_shovel,Count=1,tag=(ench=#luckyToolEnchantments,display=(Name="$9$lHero's Shovel"))),maxUses=1),(buy=(id=diamond,Count=#rand(15,20)),sell=(id=diamond_pickaxe,Count=1,tag=(ench=#luckyToolEnchantments,display=(Name="$9$lHero's Pickaxe"))),maxUses=1),(buy=(id=diamond,Count=#rand(15,20)),sell=(id=diamond_axe,Count=1,tag=(ench=#luckyAxeEnchantments,display=(Name="$9$lHero's Axe"))),maxUses=1),(buy=(id=diamond,Count=#rand(10,15)),sell=(id=diamond_hoe,Count=1,tag=(ench=#luckyToolEnchantments,display=(Name="$9$lHero's Hoe"))),maxUses=1)]),CustomName="$9$lHero Villager",CustomNameVisible=true)@luck=1
[22:27:20] [Server thread/INFO] [net.minecraft.server.dedicated.DedicatedServer]: [@: Set RompOrTos's spawn point to (-437, 68, -493)]
[22:27:27] [Server thread/INFO] [net.minecraft.server.dedicated.DedicatedServer]: [@: Teleported stph_xmx to -12.5, 116.0, 0.5]
[22:27:30] [Server thread/INFO] [STDOUT]: [mod.lucky.drop.func.DropProcessor:processRandomDrop:122]: Chosen Lucky Block Drop: ID=potion,NBTTag=(Potion="fire_resistance",CustomPotionEffects=#luckyPotionEffects,display=(Name="$9$lHero's Potion"))@luck=2
[22:27:32] [Server thread/INFO] [net.minecraft.server.dedicated.DedicatedServer]: [@: Set TTottaly_RED's spawn point to (-436, 51, -351)]
[22:27:32] [Server thread/INFO] [net.minecraft.server.dedicated.DedicatedServer]: [@: Set RompOrTos's spawn point to (-444, 68, -495)]
[22:27:32] [Server thread/INFO] [net.minecraft.server.dedicated.DedicatedServer]: [@: Set Jer_efece's spawn point to (-152, 120, -16)]
[22:27:32] [Server thread/INFO] [net.minecraft.server.dedicated.DedicatedServer]: [@: Set stph_xmx's spawn point to (-8, 117, 0)]
[22:27:32] [Server thread/INFO] [net.minecraft.server.dedicated.DedicatedServer]: [@: Set netz_zk's spawn point to (4, 117, 2)]
[22:27:33] [Server thread/INFO] [STDOUT]: [mod.lucky.drop.func.DropProcessor:processRandomDrop:122]: Chosen Lucky Block Drop: ID=enchanted_book,NBTTag=(StoredEnchantments=#randEnchantment),amount=#rand(7,10)@luck=1
[22:27:35] [Server thread/DEBUG] [FML]: Gathering id map for writing to world save world
[22:27:37] [Server thread/INFO] [net.minecraft.server.dedicated.DedicatedServer]: netz_zk was slain by stph_xmx
[22:27:42] [Server thread/INFO] [STDOUT]: [mod.lucky.drop.func.DropProcessor:processRandomDrop:122]: Chosen Lucky Block Drop: group(type=effect,ID=23,range=4,amplifier=3,duration=600;type=particle,ID=splashpotion,potion="strength";type=block,ID=cake;type=item,ID=#randList(apple,baked_potato,bread,carrot,cooked_chicken,cooked_fish,cooked_mutton,cooked_porkchop,cooked_beef,cooked_rabbit,cookie,golden_apple,golden_carrot,melon,mushroom_stew,potato,pumpkin_pie,rabbit_stew,beef,fish,mutton,porkchop),amount=20)@luck=2
[22:27:42] [Server thread/INFO] [STDOUT]: [mod.lucky.drop.func.DropProcessor:processRandomDrop:122]: Chosen Lucky Block Drop: type=entity,ID=xp_bottle,NBTTag=(Motion=#motionFromDirection(#rand(0,360),-70,0.4)),amount=#rand(20,30)@luck=2
[22:27:43] [Server thread/INFO] [STDOUT]: [mod.lucky.drop.func.DropProcessor:processRandomDrop:122]: Chosen Lucky Block Drop: type=block,ID=chest,tileEntity=(Items=#customChestLootTable({"pools":[{"rolls":{"min":6,"max":12},"entries":[{"type":"item","name":"minecraft:iron_ingot","weight":1,"functions":[{"function":"set_count","count":{"min":1,"max":8}}]},{"type":"item","name":"minecraft:gold_ingot","weight":1,"functions":[{"function":"set_count","count":{"min":1,"max":4}}]},{"type":"item","name":"minecraft:diamond","weight":1,"functions":[{"function":"set_count","count":{"min":1,"max":4}}]},{"type":"item","name":"minecraft:emerald","weight":1,"functions":[{"function":"set_count","count":{"min":1,"max":4}}]},{"type":"item","name":"minecraft:dye","weight":1,"functions":[{"function":"set_data","data":4},{"function":"set_count","count":{"min":1,"max":4}}]},{"type":"item","name":"lucky:lucky_block","weight":1,"functions":[{"function":"set_data","data":0},{"function":"set_count","count":{"min":1,"max":2}}]},{"type":"item","name":"minecraft:golden_apple","weight":1,"functions":[{"function":"set_data","data":0},{"function":"set_count","count":{"min":1,"max":2}}]},{"type":"item","name":"minecraft:golden_apple","weight":1,"functions":[{"function":"set_data","data":1},{"function":"set_count","count":{"min":1,"max":2}}]}]}]}))@luck=2
[22:27:43] [Server thread/INFO] [STDOUT]: [mod.lucky.drop.func.DropProcessor:processRandomDrop:122]: Chosen Lucky Block Drop: group(type=effect,ID=5,range=4,amplifier=1,duration=600;type=effect,ID=11,range=4,amplifier=1,duration=600;type=particle,ID=splashpotion,potion="strength";type=item,ID=iron_sword,posOffset=#circleOffset(0.0,2.0);type=item,ID=iron_helmet,posOffset=#circleOffset(0.0,2.0);type=item,ID=iron_chestplate,posOffset=#circleOffset(0.0,2.0);type=item,ID=iron_leggings,posOffset=#circleOffset(0.0,2.0);type=item,ID=iron_boots,posOffset=#circleOffset(0.0,2.0))@luck=2
[22:27:43] [Server thread/INFO] [STDOUT]: [mod.lucky.drop.func.DropProcessor:processRandomDrop:122]: Chosen Lucky Block Drop: type=entity,ID=xp_bottle,NBTTag=(Motion=#motionFromDirection(#rand(0,360),-70,0.4)),amount=#rand(20,30)@luck=2
[22:27:48] [Server thread/INFO] [net.minecraft.server.dedicated.DedicatedServer]: TTottaly_RED has reached the goal [Sky's the Limit]
[22:27:50] [Server thread/INFO] [net.minecraft.server.dedicated.DedicatedServer]: RompOrTos has made the advancement [Acquire Hardware]
[22:27:51] [Server thread/INFO] [STDOUT]: [mod.lucky.drop.func.DropProcessor:processRandomDrop:122]: Chosen Lucky Block Drop: type=entity,ID=Villager,NBTTag=(Offers=(Recipes=[(buy=(id=diamond,Count=#rand(12,17)),sell=(id=diamond_helmet,Count=1,tag=(ench=#luckyHelmetEnchantments,display=(Name="$9$lHero's Helmet"))),maxUses=1),(buy=(id=diamond,Count=#rand(20,25)),sell=(id=diamond_chestplate,Count=1,tag=(ench=#luckyChestplateEnchantments,display=(Name="$9$lHero's Chestplate"))),maxUses=1),(buy=(id=diamond,Count=#rand(15,20)),sell=(id=diamond_leggings,Count=1,tag=(ench=#luckyLeggingsEnchantments,display=(Name="$9$lHero's Leggings"))),maxUses=1),(buy=(id=diamond,Count=#rand(12,17)),sell=(id=diamond_boots,Count=1,tag=(ench=#luckyBootsEnchantments,display=(Name="$9$lHero's Boots"))),maxUses=1)]),CustomName="$9$lHero Villager",CustomNameVisible=true)@luck=1
[22:27:56] [Server thread/INFO] [net.minecraft.server.dedicated.DedicatedServer]: [@: Teleported Jer_efece to -12.5, 116.0, 0.5]
[22:27:57] [Server thread/INFO] [STDOUT]: [mod.lucky.drop.func.DropProcessor:processRandomDrop:122]: Chosen Lucky Block Drop: group:#rand(1,2):(ID=diamond_helmet;ID=diamond_chestplate;ID=diamond_leggings;ID=diamond_boots;ID=diamond_horse_armor)@luck=2
[22:28:02] [Server thread/INFO] [net.minecraft.server.dedicated.DedicatedServer]: netz_zk has made the advancement [Take Aim]
[22:28:02] [Server thread/INFO] [STDOUT]: [mod.lucky.drop.func.DropProcessor:processRandomDrop:122]: Chosen Lucky Block Drop: group(type=fill,ID=air,size=(1,8,1);type=entity,ID=falling_block,posY=#bPosY+7,NBTTag=(Block=diamond_block);type=entity,ID=LightningBolt)@luck=1
[22:28:03] [Server thread/INFO] [net.minecraft.server.dedicated.DedicatedServer]: [Jer_efece: Set own game mode to Creative Mode]
[22:28:07] [Server thread/INFO] [net.minecraft.server.dedicated.DedicatedServer]: [@: Teleported Jer_efece to -12.5, 116.0, 0.5]
[22:28:20] [Server thread/DEBUG] [FML]: Gathering id map for writing to world save world
[22:28:21] [Server thread/INFO] [net.minecraft.server.dedicated.DedicatedServer]: Jer_efece has made the advancement [Diamonds!]
[22:28:24] [Server thread/WARN] [net.minecraft.network.NetHandlerPlayServer]: stph_xmx moved wrongly!
[22:28:31] [Server thread/INFO] [STDOUT]: [mod.lucky.drop.func.DropProcessor:processRandomDrop:122]: Chosen Lucky Block Drop: group(type=effect,ID=19,range=4,duration=30;type=particle,ID=splashpotion,potion="poison";type=difficulty,ID=hard;type=entity,ID=cave_spider;type=item,ID=#randList(rotten_flesh,spider_eye,fermented_spider_eye),posOffset=#circleOffset(0.0,2.0),amount=30)@luck=-2
[22:28:31] [Server thread/INFO] [STDOUT]: [mod.lucky.drop.func.DropProcessor:processRandomDrop:122]: Chosen Lucky Block Drop: group(type=effect,ID=9,range=4,duration=10;type=effect,ID=17,range=3,amplifier=8,duration=10;type=particle,ID=splashpotion,potion="poison";type=difficulty,ID=hard;type=entity,ID=Slime;type=particle,ID=slime,size=(1.5,0.5,1.5),particleAmount=500)@luck=-2
[22:28:31] [Server thread/INFO] [STDOUT]: [mod.lucky.drop.func.DropProcessor:processRandomDrop:122]: Chosen Lucky Block Drop: group(type=effect,ID=7,range=4;type=particle,ID=splashpotion,potion="harming";type=entity,ID=lucky:LuckyProjectile,NBTTag=(Motion=#motionFromDirection(#rand(0,360),-50,0.4),item=(id=iron_sword),damage=4.0),amount=20)@luck=-2
[22:28:31] [Server thread/INFO] [STDOUT]: [mod.lucky.drop.func.DropProcessor:processRandomDrop:122]: Chosen Lucky Block Drop: group(type=effect,ID=special_knockback,power=2.5,range=4,delay=0.1;type=particle,ID=splashpotion,potion="swiftness";type=particle,ID=explode,size=(1.5,1.0,1.5),particleAmount=500)@luck=-2
[22:28:32] [Server thread/INFO] [STDOUT]: [mod.lucky.drop.func.DropProcessor:processRandomDrop:122]: Chosen Lucky Block Drop: group(type=entity,ID=potion,NBTTag=(Potion=(id=splash_potion,tag=(Potion=#randList("slowness","harming","poison","weakness")),Count=1),Motion=#motionFromDirection(#rand(0,360),-70,0.4)),amount=10)@luck=-2
[22:28:32] [Server thread/INFO] [STDOUT]: [mod.lucky.drop.func.DropProcessor:processRandomDrop:122]: Chosen Lucky Block Drop: group(type=effect,ID=special_knockback,power=2.5,range=4,delay=0.1;type=particle,ID=splashpotion,potion="swiftness";type=particle,ID=explode,size=(1.5,1.0,1.5),particleAmount=500)@luck=-2
[22:28:32] [Server thread/INFO] [STDOUT]: [mod.lucky.drop.func.DropProcessor:processRandomDrop:122]: Chosen Lucky Block Drop: group(type=effect,ID=special_knockback,power=2.5,range=4,delay=0.1;type=particle,ID=splashpotion,potion="swiftness";type=particle,ID=explode,size=(1.5,1.0,1.5),particleAmount=500)@luck=-2
[22:28:32] [Server thread/INFO] [STDOUT]: [mod.lucky.drop.func.DropProcessor:processRandomDrop:122]: Chosen Lucky Block Drop: group(type=entity,ID=potion,NBTTag=(Potion=(id=splash_potion,tag=(Potion=#randList("slowness","harming","poison","weakness")),Count=1),Motion=#motionFromDirection(#rand(0,360),-70,0.4)),amount=10)@luck=-2
[22:28:52] [Server thread/INFO] [net.minecraft.server.dedicated.DedicatedServer]: [@: Teleported Jer_efece to 1.5, 116.0, -13.5]
[22:28:56] [Server thread/INFO] [net.minecraft.server.dedicated.DedicatedServer]: [Jer_efece: Set own game mode to Survival Mode]
[22:29:05] [Server thread/DEBUG] [FML]: Gathering id map for writing to world save world
[22:29:14] [Server thread/INFO] [net.minecraft.server.dedicated.DedicatedServer]: netz_zk was slain by stph_xmx using [Hero's Sword]
[22:29:16] [Server thread/INFO] [net.minecraft.server.dedicated.DedicatedServer]: stph_xmx has made the advancement [Cover Me With Diamonds]
[22:29:17] [Server thread/INFO] [net.minecraft.server.dedicated.DedicatedServer]: [@: Set RompOrTos's spawn point to (-433, 69, -509)]
[22:29:37] [Server thread/INFO] [net.minecraft.server.dedicated.DedicatedServer]: [RompOrTos: Set the time to 1000]
[22:29:42] [Server thread/INFO] [net.minecraft.server.dedicated.DedicatedServer]: netz_zk was slain by stph_xmx using [Hero's Sword]
[22:29:44] [Server thread/INFO] [STDOUT]: [mod.lucky.drop.func.DropProcessor:processRandomDrop:122]: Chosen Lucky Block Drop: group(group:1:(ID=wool,damage=#rand(0,15),amount=#rand(32,64);ID=stained_hardened_clay,damage=#rand(0,15),amount=#rand(32,64);ID=dye,damage=#rand(0,15),amount=#rand(32,64));type=particle,ID=splashpotion,potion=#randPotion,amount=10)@luck=1
[22:29:45] [Server thread/INFO] [STDOUT]: [mod.lucky.drop.func.DropProcessor:processRandomDrop:122]: Chosen Lucky Block Drop: ID=sponge@luck=0
[22:29:46] [Server thread/INFO] [STDOUT]: [mod.lucky.drop.func.DropProcessor:processRandomDrop:122]: Chosen Lucky Block Drop: group(ID=pumpkin,amount=#rand(8,16);ID=lit_pumpkin,amount=#rand(8,16))@luck=0
[22:29:47] [Server thread/INFO] [STDOUT]: [mod.lucky.drop.func.DropProcessor:processRandomDrop:122]: Chosen Lucky Block Drop: group(type=difficulty,ID=hard;type=entity,ID=Witch;type=entity,ID=Bat,posY=#bPosY+#rand(0,2),posOffset=#circleOffset(0,1),amount=64)@luck=-1
[22:29:50] [Server thread/DEBUG] [FML]: Gathering id map for writing to world save world
[22:29:51] [Server thread/INFO] [STDOUT]: [mod.lucky.drop.func.DropProcessor:processRandomDrop:122]: Chosen Lucky Block Drop: type=block,ID=chest,tileEntity=(Items=#chestLootTable("chests/village_blacksmith"))@luck=1
[22:29:52] [Server thread/INFO] [STDOUT]: [mod.lucky.drop.func.DropProcessor:processRandomDrop:122]: Chosen Lucky Block Drop: type=entity,ID=Villager,NBTTag=(Offers=(Recipes=[(buy=(id=diamond,Count=#rand(20,25)),sell=(id=diamond_sword,Count=1,tag=(ench=#luckySwordEnchantments,display=(Name="$9$lHero's Sword"))),maxUses=1),(buy=(id=diamond,Count=#rand(20,25)),sell=(id=bow,Count=1,tag=(ench=#luckyBowEnchantments,display=(Name="$9$lHero's Bow"))),maxUses=1),(buy=(id=diamond,Count=#rand(10,15)),sell=(id=fishing_rod,Count=1,tag=(ench=#luckyFishingRodEnchantments,display=(Name="$9$lHero's Fishing Rod"))),maxUses=1),(buy=(id=diamond,Count=#rand(10,15)),sell=(id=potion,Count=1,tag=(Potion="fire_resistance",CustomPotionEffects=#luckyPotionEffects,display=(Name="$9$lHero's Potion"))),maxUses=1),(buy=(id=diamond,Count=#rand(7,12)),sell=(id=splash_potion,Count=1,tag=(Potion="harming",CustomPotionEffects=#unluckyPotionEffects,display=(Name="$4$lEvil Potion"))),maxUses=1)]),CustomName="$9$lHero Villager",CustomNameVisible=true)@luck=1
[22:29:54] [Server thread/INFO] [STDOUT]: [mod.lucky.drop.func.DropProcessor:processRandomDrop:122]: Chosen Lucky Block Drop: group:1:(ID=clock,NBTTag=(display=(Name="You're wasting your time"));ID=fish,damage=2,NBTTag=(display=(Name="I'm funny"));ID=fish,damage=3,NBTTag=(display=(Name="Oooooh!")))@luck=-1
[22:29:56] [Server thread/INFO] [STDOUT]: [mod.lucky.drop.func.DropProcessor:processRandomDrop:122]: Chosen Lucky Block Drop: ID=painting,amount=4@luck=0
[22:29:57] [Server thread/INFO] [net.minecraft.server.dedicated.DedicatedServer]: [@: Set TTottaly_RED's spawn point to (-422, 68, -504)]
[22:29:57] [Server thread/INFO] [net.minecraft.server.dedicated.DedicatedServer]: [@: Set RompOrTos's spawn point to (-430, 68, -541)]
[22:29:57] [Server thread/INFO] [STDOUT]: [mod.lucky.drop.func.DropProcessor:processRandomDrop:122]: Chosen Lucky Block Drop: group:#rand(1,2):(ID=diamond_helmet;ID=diamond_chestplate;ID=diamond_leggings;ID=diamond_boots;ID=diamond_horse_armor)@luck=2
[22:29:57] [Server thread/INFO] [STDOUT]: [mod.lucky.drop.func.DropProcessor:processRandomDrop:122]: Chosen Lucky Block Drop: group(ID=prismarine,amount=#rand(4,8);ID=prismarine,damage=1,amount=#rand(4,8);ID=prismarine,damage=2,amount=#rand(4,8);ID=sea_lantern,amount=#rand(4,8);ID=prismarine_shard,amount=#rand(15,30);ID=prismarine_crystals,amount=#rand(10,20);type=particle,ID=splashpotion,potion="invisibility")@luck=1
[22:29:59] [Server thread/INFO] [STDOUT]: [mod.lucky.drop.func.DropProcessor:processRandomDrop:122]: Chosen Lucky Block Drop: type=structure,ID=water_trap,pos=#pPos@luck=-2
[22:30:06] [Server thread/INFO] [net.minecraft.server.dedicated.DedicatedServer]: [@: Set TTottaly_RED's spawn point to (-423, 68, -512)]
[22:30:17] [Server thread/INFO] [net.minecraft.server.dedicated.DedicatedServer]: Jer_efece was slain by stph_xmx using [Hero's Sword]
[22:30:22] [Server thread/INFO] [net.minecraft.server.dedicated.DedicatedServer]: TTottaly_RED drowned
[22:30:23] [Server thread/INFO] [STDOUT]: [mod.lucky.drop.func.DropProcessor:processRandomDrop:122]: Chosen Lucky Block Drop: group(type=effect,ID=5,range=4,amplifier=1,duration=600;type=effect,ID=11,range=4,amplifier=1,duration=600;type=particle,ID=splashpotion,potion="strength";type=item,ID=iron_sword,posOffset=#circleOffset(0.0,2.0);type=item,ID=iron_helmet,posOffset=#circleOffset(0.0,2.0);type=item,ID=iron_chestplate,posOffset=#circleOffset(0.0,2.0);type=item,ID=iron_leggings,posOffset=#circleOffset(0.0,2.0);type=item,ID=iron_boots,posOffset=#circleOffset(0.0,2.0))@luck=2
[22:30:24] [Server thread/INFO] [net.minecraft.server.dedicated.DedicatedServer]: [@: Teleported Jer_efece to 1.5, 116.0, -13.5]
[22:30:24] [Server thread/INFO] [STDOUT]: [mod.lucky.drop.func.DropProcessor:processRandomDrop:122]: Chosen Lucky Block Drop: type=entity,ID=xp_bottle,NBTTag=(Motion=#motionFromDirection(#rand(0,360),-70,0.4)),amount=#rand(20,30)@luck=2
[22:30:24] [Server thread/INFO] [STDOUT]: [mod.lucky.drop.func.DropProcessor:processRandomDrop:122]: Chosen Lucky Block Drop: group(type=effect,ID=14,range=4,duration=300;type=particle,ID=splashpotion,potion="invisibility";type=particle,ID=explode,size=(2.0,1.0,2.0),particleAmount=300,amount=30,delay=#rand(0.0,8.0))@luck=2
[22:30:24] [Server thread/INFO] [STDOUT]: [mod.lucky.drop.func.DropProcessor:processRandomDrop:122]: Chosen Lucky Block Drop: type=entity,ID=xp_bottle,NBTTag=(Motion=#motionFromDirection(#rand(0,360),-70,0.4)),amount=#rand(20,30)@luck=2
[22:30:33] [Server thread/INFO] [net.minecraft.server.dedicated.DedicatedServer]: [RompOrTos: Teleported TTottaly_RED to RompOrTos]
[22:30:35] [Server thread/DEBUG] [FML]: Gathering id map for writing to world save world
[22:30:37] [Server thread/INFO] [STDOUT]: [mod.lucky.drop.func.DropProcessor:processRandomDrop:122]: Chosen Lucky Block Drop: type=item,ID=lucky:lucky_bow@chance=1.5@luck=2
[22:30:41] [Server thread/INFO] [net.minecraft.server.dedicated.DedicatedServer]: netz_zk was slain by stph_xmx using [Hero's Sword]
[22:30:46] [Server thread/INFO] [net.minecraft.network.NetHandlerPlayServer]: netz_zk lost connection: Disconnected
[22:30:46] [Server thread/INFO] [net.minecraft.server.dedicated.DedicatedServer]: netz_zk left the game
[22:30:48] [Server thread/INFO] [STDOUT]: [mod.lucky.drop.func.DropProcessor:processRandomDrop:122]: Chosen Lucky Block Drop: ID=end_portal_frame,amount=#rand(2,6)@luck=2
[22:30:49] [Server thread/INFO] [STDOUT]: [mod.lucky.drop.func.DropProcessor:processRandomDrop:122]: Chosen Lucky Block Drop: group(type=entity,ID=Wolf,amount=#rand(5,10),posOffset=#circleOffset(3),NBTTag=(CollarColor=#rand(0,14),OwnerUUID=#pUUID,Sitting=1);type=particle,ID="heart",size=(2,0,2),particleAmount=20)@luck=1
[22:30:49] [Server thread/INFO] [net.minecraft.server.dedicated.DedicatedServer]: [@: Set RompOrTos's spawn point to (-424, 68, -537)]
[22:30:51] [Server thread/INFO] [STDOUT]: [mod.lucky.drop.func.DropProcessor:processRandomDrop:122]: Chosen Lucky Block Drop: type=block,ID=chest,tileEntity=(Items=#customChestLootTable({"pools":[{"rolls":{"min":6,"max":12},"entries":[{"type":"item","name":"minecraft:iron_ingot","weight":1,"functions":[{"function":"set_count","count":{"min":1,"max":8}}]},{"type":"item","name":"minecraft:gold_ingot","weight":1,"functions":[{"function":"set_count","count":{"min":1,"max":4}}]},{"type":"item","name":"minecraft:diamond","weight":1,"functions":[{"function":"set_count","count":{"min":1,"max":4}}]},{"type":"item","name":"minecraft:emerald","weight":1,"functions":[{"function":"set_count","count":{"min":1,"max":4}}]},{"type":"item","name":"minecraft:dye","weight":1,"functions":[{"function":"set_data","data":4},{"function":"set_count","count":{"min":1,"max":4}}]},{"type":"item","name":"lucky:lucky_block","weight":1,"functions":[{"function":"set_data","data":0},{"function":"set_count","count":{"min":1,"max":2}}]},{"type":"item","name":"minecraft:golden_apple","weight":1,"functions":[{"function":"set_data","data":0},{"function":"set_count","count":{"min":1,"max":2}}]},{"type":"item","name":"minecraft:golden_apple","weight":1,"functions":[{"function":"set_data","data":1},{"function":"set_count","count":{"min":1,"max":2}}]}]}]}))@luck=2
[22:30:51] [Server thread/INFO] [STDOUT]: [mod.lucky.drop.func.DropProcessor:processRandomDrop:122]: Chosen Lucky Block Drop: type=item,ID=lucky:lucky_bow@chance=1.5@luck=2
[22:31:07] [Server thread/INFO] [net.minecraft.server.dedicated.DedicatedServer]: [@: Set RompOrTos's spawn point to (-422, 69, -544)]
[22:31:07] [Server thread/INFO] [STDOUT]: [mod.lucky.drop.func.DropProcessor:processRandomDrop:122]: Chosen Lucky Block Drop: group(type=effect,ID=9,range=4,duration=10;type=effect,ID=17,range=3,amplifier=8,duration=10;type=particle,ID=splashpotion,potion="poison";type=difficulty,ID=hard;type=entity,ID=Slime;type=particle,ID=slime,size=(1.5,0.5,1.5),particleAmount=500)@luck=-2
[22:31:11] [Server thread/INFO] [STDOUT]: [mod.lucky.drop.func.DropProcessor:processRandomDrop:122]: Chosen Lucky Block Drop: group(type=entity,ID=potion,NBTTag=(Potion=(id=splash_potion,tag=(Potion=#randList("slowness","harming","poison","weakness")),Count=1),Motion=#motionFromDirection(#rand(0,360),-70,0.4)),amount=10)@luck=-2
[22:31:11] [Server thread/INFO] [net.minecraft.server.dedicated.DedicatedServer]: Jer_efece was killed by Potion using magic
[22:31:13] [Server thread/INFO] [net.minecraft.server.dedicated.DedicatedServer]: TTottaly_RED fell out of the world
[22:31:18] [Server thread/INFO] [net.minecraft.server.dedicated.DedicatedServer]: [@: Given [Lapis Lazuli Block] * 1 to Jer_efece]
[22:31:20] [Server thread/DEBUG] [FML]: Gathering id map for writing to world save world
[22:31:22] [Server thread/INFO] [STDOUT]: [mod.lucky.drop.func.DropProcessor:processRandomDrop:122]: Chosen Lucky Block Drop: group(type=effect,ID=9,range=4,duration=10;type=effect,ID=17,range=3,amplifier=8,duration=10;type=particle,ID=splashpotion,potion="poison";type=difficulty,ID=hard;type=entity,ID=Slime;type=particle,ID=slime,size=(1.5,0.5,1.5),particleAmount=500)@luck=-2
[22:31:22] [Server thread/INFO] [STDOUT]: [mod.lucky.drop.func.DropProcessor:processRandomDrop:122]: Chosen Lucky Block Drop: group(type=entity,ID=potion,NBTTag=(Potion=(id=splash_potion,tag=(Potion=#randList("slowness","harming","poison","weakness")),Count=1),Motion=#motionFromDirection(#rand(0,360),-70,0.4)),amount=10)@luck=-2
[22:31:22] [Server thread/INFO] [STDOUT]: [mod.lucky.drop.func.DropProcessor:processRandomDrop:122]: Chosen Lucky Block Drop: group(type=effect,ID=7,range=4;type=particle,ID=splashpotion,potion="harming";type=entity,ID=lucky:LuckyProjectile,NBTTag=(Motion=#motionFromDirection(#rand(0,360),-50,0.4),item=(id=iron_sword),damage=4.0),amount=20)@luck=-2
[22:31:22] [Server thread/INFO] [STDOUT]: [mod.lucky.drop.func.DropProcessor:processRandomDrop:122]: Chosen Lucky Block Drop: group(type=block,ID=fire,posOffset=#circleOffset(0,3),amount=50;type=block,ID=flowing_lava;type=particle,ID=splashpotion,potion="fire_resistance")@luck=-2
[22:31:22] [Server thread/INFO] [STDOUT]: [mod.lucky.drop.func.DropProcessor:processRandomDrop:122]: Chosen Lucky Block Drop: group(type=effect,ID=7,range=4;type=particle,ID=splashpotion,potion="harming";type=entity,ID=lucky:LuckyProjectile,NBTTag=(Motion=#motionFromDirection(#rand(0,360),-50,0.4),item=(id=iron_sword),damage=4.0),amount=20)@luck=-2
[22:31:22] [Server thread/INFO] [STDOUT]: [mod.lucky.drop.func.DropProcessor:processRandomDrop:122]: Chosen Lucky Block Drop: group(type=effect,ID=9,range=4,duration=10;type=effect,ID=17,range=3,amplifier=8,duration=10;type=particle,ID=splashpotion,potion="poison";type=difficulty,ID=hard;type=entity,ID=Slime;type=particle,ID=slime,size=(1.5,0.5,1.5),particleAmount=500)@luck=-2
[22:31:22] [Server thread/INFO] [STDOUT]: [mod.lucky.drop.func.DropProcessor:processRandomDrop:122]: Chosen Lucky Block Drop: group(type=effect,ID=9,range=4,duration=10;type=effect,ID=17,range=3,amplifier=8,duration=10;type=particle,ID=splashpotion,potion="poison";type=difficulty,ID=hard;type=entity,ID=Slime;type=particle,ID=slime,size=(1.5,0.5,1.5),particleAmount=500)@luck=-2
[22:31:22] [Server thread/INFO] [STDOUT]: [mod.lucky.drop.func.DropProcessor:processRandomDrop:122]: Chosen Lucky Block Drop: group(type=effect,ID=20,range=4,duration=30;type=particle,ID=splashpotion,potion="weakness";type=item,ID=bone,posOffset=#circleOffset(0.0,2.0),amount=10;type=item,ID=dye,damage=15,posOffset=#circleOffset(0.0,2.0),amount=10;type=item,ID=skull,posOffset=#circleOffset(0.0,2.0),amount=10)@luck=-2
[22:31:23] [Server thread/INFO] [STDOUT]: [mod.lucky.drop.func.DropProcessor:processRandomDrop:122]: Chosen Lucky Block Drop: group(type=block,ID=fire,posOffset=#circleOffset(0,3),amount=50;type=block,ID=flowing_lava;type=particle,ID=splashpotion,potion="fire_resistance")@luck=-2
[22:31:24] [Server thread/INFO] [net.minecraft.server.dedicated.DedicatedServer]: [RompOrTos: Teleported TTottaly_RED to RompOrTos]
[22:31:26] [Server thread/INFO] [net.minecraft.server.dedicated.DedicatedServer]: [@: Teleported Jer_efece to -12.5, 116.0, 0.5]
[22:31:28] [Server thread/INFO] [net.minecraft.server.dedicated.DedicatedServer]: [@: Given Jump Boost (ID 8) * 30 to TTottaly_RED for 6 seconds]
[22:31:37] [Server thread/INFO] [net.minecraft.server.dedicated.DedicatedServer]: TTottaly_RED fell out of the world
[22:31:40] [Server thread/INFO] [net.minecraft.server.dedicated.DedicatedServer]: [RompOrTos: Teleported TTottaly_RED to RompOrTos]
[22:31:42] [Server thread/INFO] [net.minecraft.server.dedicated.DedicatedServer]: [@: Given Jump Boost (ID 8) * 30 to TTottaly_RED for 6 seconds]
[22:31:43] [Server thread/INFO] [net.minecraft.server.dedicated.DedicatedServer]: [@: Given Jump Boost (ID 8) * 30 to RompOrTos for 6 seconds]
[22:31:50] [Server thread/INFO] [net.minecraft.server.dedicated.DedicatedServer]: [@: Teleported TTottaly_RED to -126.5, 120.0, -3.5]
[22:31:51] [Server thread/INFO] [net.minecraft.server.dedicated.DedicatedServer]: TTottaly_RED fell from a high place
[22:31:52] [Server thread/INFO] [net.minecraft.server.dedicated.DedicatedServer]: [@: Teleported Jer_efece to -12.5, 116.0, 0.5]
[22:31:53] [Server thread/INFO] [net.minecraft.server.dedicated.DedicatedServer]: [@: Teleported RompOrTos to -126.5, 120.0, -3.5]
[22:31:56] [Server thread/INFO] [net.minecraft.server.dedicated.DedicatedServer]: [@: Teleported RompOrTos to -12.5, 116.0, 0.5]
[22:32:05] [Server thread/DEBUG] [FML]: Gathering id map for writing to world save world
[22:32:13] [Server thread/INFO] [net.minecraft.server.dedicated.DedicatedServer]: [@: Teleported TTottaly_RED to -445.5, 28.0, -117.5]
[22:32:14] [Server thread/INFO] [net.minecraft.server.dedicated.DedicatedServer]: [@: Set TTottaly_RED's spawn point to (-446, 28, -118)]
[22:32:15] [Server thread/INFO] [net.minecraft.server.dedicated.DedicatedServer]: [@: Set TTottaly_RED's spawn point to (-448, 29, -123)]
[22:32:16] [Server thread/INFO] [net.minecraft.server.dedicated.DedicatedServer]: Jer_efece was slain by stph_xmx using [Hero's Sword]
[22:32:16] [Server thread/INFO] [net.minecraft.server.dedicated.DedicatedServer]: stph_xmx was slain by Wolf
[22:32:20] [Server thread/INFO] [net.minecraft.server.dedicated.DedicatedServer]: [RompOrTos: Teleported TTottaly_RED to RompOrTos]
[22:32:25] [Server thread/INFO] [net.minecraft.server.dedicated.DedicatedServer]: [@: Teleported Jer_efece to 1.5, 116.0, -13.5]
[22:32:37] [Server thread/INFO] [STDOUT]: [mod.lucky.drop.func.DropProcessor:processRandomDrop:122]: Chosen Lucky Block Drop: group(type=effect,ID=20,range=4,duration=30;type=particle,ID=splashpotion,potion="weakness";type=item,ID=bone,posOffset=#circleOffset(0.0,2.0),amount=10;type=item,ID=dye,damage=15,posOffset=#circleOffset(0.0,2.0),amount=10;type=item,ID=skull,posOffset=#circleOffset(0.0,2.0),amount=10)@luck=-2
[22:32:37] [Server thread/INFO] [STDOUT]: [mod.lucky.drop.func.DropProcessor:processRandomDrop:122]: Chosen Lucky Block Drop: group(type=difficulty,ID=hard;type=explosion,damage=4;type=particle,ID=splashpotion,potion="harming")@luck=-2
[22:32:38] [Server thread/INFO] [STDOUT]: [mod.lucky.drop.func.DropProcessor:processRandomDrop:122]: Chosen Lucky Block Drop: group(type=effect,ID=9,range=4,duration=10;type=effect,ID=17,range=3,amplifier=8,duration=10;type=particle,ID=splashpotion,potion="poison";type=difficulty,ID=hard;type=entity,ID=Slime;type=particle,ID=slime,size=(1.5,0.5,1.5),particleAmount=500)@luck=-2
[22:32:38] [Server thread/INFO] [STDOUT]: [mod.lucky.drop.func.DropProcessor:processRandomDrop:122]: Chosen Lucky Block Drop: group(type=effect,ID=7,range=4;type=particle,ID=splashpotion,potion="harming";type=entity,ID=lucky:LuckyProjectile,NBTTag=(Motion=#motionFromDirection(#rand(0,360),-50,0.4),item=(id=iron_sword),damage=4.0),amount=20)@luck=-2
[22:32:39] [Server thread/INFO] [STDOUT]: [mod.lucky.drop.func.DropProcessor:processRandomDrop:122]: Chosen Lucky Block Drop: group(type=effect,ID=19,range=4,duration=30;type=particle,ID=splashpotion,potion="poison";type=difficulty,ID=hard;type=entity,ID=cave_spider;type=item,ID=#randList(rotten_flesh,spider_eye,fermented_spider_eye),posOffset=#circleOffset(0.0,2.0),amount=30)@luck=-2
[22:32:39] [Server thread/INFO] [STDOUT]: [mod.lucky.drop.func.DropProcessor:processRandomDrop:122]: Chosen Lucky Block Drop: group(type=entity,ID=potion,NBTTag=(Potion=(id=splash_potion,tag=(Potion=#randList("slowness","harming","poison","weakness")),Count=1),Motion=#motionFromDirection(#rand(0,360),-70,0.4)),amount=10)@luck=-2
[22:32:39] [Server thread/INFO] [STDOUT]: [mod.lucky.drop.func.DropProcessor:processRandomDrop:122]: Chosen Lucky Block Drop: group(type=effect,ID=7,range=4;type=particle,ID=splashpotion,potion="harming";type=entity,ID=lucky:LuckyProjectile,NBTTag=(Motion=#motionFromDirection(#rand(0,360),-50,0.4),item=(id=iron_sword),damage=4.0),amount=20)@luck=-2
[22:32:39] [Server thread/INFO] [net.minecraft.server.dedicated.DedicatedServer]: TTottaly_RED has made the advancement [Suit Up]
[22:32:50] [Server thread/DEBUG] [FML]: Gathering id map for writing to world save world
[22:32:50] [Server thread/INFO] [STDOUT]: [mod.lucky.drop.func.DropProcessor:processRandomDrop:122]: Chosen Lucky Block Drop: group(type=effect,ID=21,range=4,amplifier=1,duration=600;type=effect,ID=6,range=4,amplifier=3;type=effect,ID=22,range=4,amplifier=1,duration=600;type=particle,ID=splashpotion,potion="healing";type=entity,ID=horse,NBTTag=(OwnerUUID=#pUUID,ArmorItem=(id=golden_horse_armor,Count=1),SaddleItem=(id=saddle,Count=1)))@luck=2
[22:32:51] [Server thread/INFO] [STDOUT]: [mod.lucky.drop.func.DropProcessor:processRandomDrop:122]: Chosen Lucky Block Drop: group(type=effect,ID=5,range=4,amplifier=1,duration=600;type=effect,ID=11,range=4,amplifier=1,duration=600;type=particle,ID=splashpotion,potion="strength";type=item,ID=iron_sword,posOffset=#circleOffset(0.0,2.0);type=item,ID=iron_helmet,posOffset=#circleOffset(0.0,2.0);type=item,ID=iron_chestplate,posOffset=#circleOffset(0.0,2.0);type=item,ID=iron_leggings,posOffset=#circleOffset(0.0,2.0);type=item,ID=iron_boots,posOffset=#circleOffset(0.0,2.0))@luck=2
[22:32:51] [Server thread/INFO] [STDOUT]: [mod.lucky.drop.func.DropProcessor:processRandomDrop:122]: Chosen Lucky Block Drop: group(type=effect,ID=1,range=4,amplifier=2,duration=600;type=particle,ID=splashpotion,potion="swiftness";type=item,ID=#randList(cookie,sugar),posOffset=#circleOffset(0.0,2.0),amount=30)@luck=2
[22:32:51] [Server thread/INFO] [STDOUT]: [mod.lucky.drop.func.DropProcessor:processRandomDrop:122]: Chosen Lucky Block Drop: group(type=effect,ID=14,range=4,duration=300;type=particle,ID=splashpotion,potion="invisibility";type=particle,ID=explode,size=(2.0,1.0,2.0),particleAmount=300,amount=30,delay=#rand(0.0,8.0))@luck=2
[22:32:51] [Server thread/INFO] [STDOUT]: [mod.lucky.drop.func.DropProcessor:processRandomDrop:122]: Chosen Lucky Block Drop: group(type=effect,ID=15,range=4,duration=10;type=effect,ID=2,range=4,duration=10;type=particle,ID=splashpotion,potion="slowness";type=particle,ID=largesmoke,size=(2.0,1.0,2.0),particleAmount=300,amount=30,delay=#rand(0.0,8.0))@luck=-2
[22:32:52] [Server thread/INFO] [STDOUT]: [mod.lucky.drop.func.DropProcessor:processRandomDrop:122]: Chosen Lucky Block Drop: group(type=effect,ID=5,range=4,amplifier=1,duration=600;type=effect,ID=11,range=4,amplifier=1,duration=600;type=particle,ID=splashpotion,potion="strength";type=item,ID=iron_sword,posOffset=#circleOffset(0.0,2.0);type=item,ID=iron_helmet,posOffset=#circleOffset(0.0,2.0);type=item,ID=iron_chestplate,posOffset=#circleOffset(0.0,2.0);type=item,ID=iron_leggings,posOffset=#circleOffset(0.0,2.0);type=item,ID=iron_boots,posOffset=#circleOffset(0.0,2.0))@luck=2
[22:32:56] [Server thread/INFO] [STDOUT]: [mod.lucky.drop.func.DropProcessor:processRandomDrop:122]: Chosen Lucky Block Drop: group(type=effect,ID=6,amplifier=#rand(2,6),duration=0;type=effect,ID=10,amplifier=#rand(1,2),duration=#rand(5,10);type=particle,ID=heart,size=(0.5,0.5,0.5),particleAmount=50,pos=#pExactPos)@luck=2
[22:32:58] [Server thread/INFO] [STDOUT]: [mod.lucky.drop.func.DropProcessor:processRandomDrop:122]: Chosen Lucky Block Drop: type=nothing@luck=0@chance=24
[22:32:58] [Server thread/INFO] [STDOUT]: [mod.lucky.drop.func.DropProcessor:processRandomDrop:122]: Chosen Lucky Block Drop: type=nothing@luck=0@chance=24
[22:33:00] [Server thread/INFO] [STDOUT]: [mod.lucky.drop.func.DropProcessor:processRandomDrop:122]: Chosen Lucky Block Drop: type=entity,ID=tnt,pos=#pExactPos,posOffsetY=1.5,NBTTag=(Fuse=40b,Motion=#motionFromDirection(#pYaw,#pPitch,0.8))@luck=2
[22:33:01] [Server thread/INFO] [net.minecraft.server.dedicated.DedicatedServer]: stph_xmx was slain by Jer_efece
[22:33:01] [Server thread/INFO] [STDOUT]: [mod.lucky.drop.func.DropProcessor:processRandomDrop:122]: Chosen Lucky Block Drop: type=nothing@luck=0@chance=24
[22:33:09] [Server thread/INFO] [STDOUT]: [mod.lucky.drop.func.DropProcessor:processRandomDrop:122]: Chosen Lucky Block Drop: type=entity,ID=lucky:LuckyProjectile,pos=#pExactPos,posOffsetY=1.5,NBTTag=(Motion=#motionFromDirection(#pYaw,#pPitch,1.5),item=(id=web,Count=1),impact=["type=fill,ID=web,size=(2,2,2)"])@luck=2@chance=0.5
[22:33:09] [Server thread/INFO] [STDOUT]: [mod.lucky.drop.func.DropProcessor:processRandomDrop:122]: Chosen Lucky Block Drop: type=fill,ID=web,size=(2,2,2)
[22:33:09] [Server thread/WARN] [net.minecraft.network.NetHandlerPlayServer]: stph_xmx moved wrongly!
[22:33:15] [Server thread/INFO] [net.minecraft.server.dedicated.DedicatedServer]: stph_xmx was slain by Jer_efece using [Hero's Sword]
[22:33:25] [Server thread/INFO] [STDOUT]: [mod.lucky.drop.func.DropProcessor:processRandomDrop:122]: Chosen Lucky Block Drop: type=entity,ID=egg,pos=#pExactPos,posOffsetY=1.5,NBTTag=(Motion=#motionFromDirection(#pYaw+#rand(-10,10),#pPitch+#rand(-10,10), 1.0)),amount=25,delay=#rand(0.0,2.0)@luck=2
[22:33:26] [Server thread/INFO] [STDOUT]: [mod.lucky.drop.func.DropProcessor:processRandomDrop:122]: Chosen Lucky Block Drop: group(type=effect,ID=6,amplifier=#rand(2,6),duration=0;type=effect,ID=10,amplifier=#rand(1,2),duration=#rand(5,10);type=particle,ID=heart,size=(0.5,0.5,0.5),particleAmount=50,pos=#pExactPos)@luck=2
[22:33:26] [Server thread/INFO] [STDOUT]: [mod.lucky.drop.func.DropProcessor:processRandomDrop:122]: Chosen Lucky Block Drop: type=nothing@luck=0@chance=24
[22:33:28] [Server thread/INFO] [STDOUT]: [mod.lucky.drop.func.DropProcessor:processRandomDrop:122]: Chosen Lucky Block Drop: type=nothing@luck=0@chance=24
[22:33:28] [Server thread/INFO] [STDOUT]: [mod.lucky.drop.func.DropProcessor:processRandomDrop:122]: Chosen Lucky Block Drop: type=entity,ID=Arrow,pos=#pExactPos,posOffsetY=1.5,NBTTag=(Motion=#motionFromDirection(#pYaw+#rand(-10,10),#pPitch+#rand(-10,10),1.0)),amount=50,delay=#rand(0.0,4.0)@luck=2
[22:33:29] [Server thread/INFO] [net.minecraft.server.dedicated.DedicatedServer]: Jer_efece has made the advancement [Take Aim]
[22:33:31] [Server thread/INFO] [net.minecraft.server.dedicated.DedicatedServer]: stph_xmx was killed trying to hurt TTottaly_RED
[22:33:34] [Server thread/INFO] [STDOUT]: [mod.lucky.drop.func.DropProcessor:processRandomDrop:122]: Chosen Lucky Block Drop: type=nothing@luck=0@chance=24
[22:33:35] [Server thread/INFO] [STDOUT]: [mod.lucky.drop.func.DropProcessor:processRandomDrop:122]: Chosen Lucky Block Drop: type=nothing@luck=0@chance=24
[22:33:35] [Server thread/DEBUG] [FML]: Gathering id map for writing to world save world
[22:33:36] [Server thread/INFO] [STDOUT]: [mod.lucky.drop.func.DropProcessor:processRandomDrop:122]: Chosen Lucky Block Drop: type=entity,ID=Arrow,pos=#pExactPos,posOffsetY=1.5,NBTTag=(Motion=#motionFromDirection(#pYaw+#rand(-10,10),#pPitch+#rand(-10,10),1.0)),amount=50,delay=#rand(0.0,4.0)@luck=2
[22:34:03] [Server thread/INFO] [net.minecraft.server.dedicated.DedicatedServer]: RompOrTos has made the advancement [Suit Up]
[22:34:05] [Server thread/INFO] [net.minecraft.server.dedicated.DedicatedServer]: stph_xmx was burnt to a crisp whilst fighting Jer_efece
[22:34:20] [Server thread/DEBUG] [FML]: Gathering id map for writing to world save world
[22:34:31] [Server thread/INFO] [net.minecraft.server.dedicated.DedicatedServer]: stph_xmx was slain by RompOrTos
[22:34:44] [Server thread/INFO] [net.minecraft.server.dedicated.DedicatedServer]: RompOrTos has made the advancement [Monster Hunter]
[22:34:48] [Server thread/INFO] [STDOUT]: [mod.lucky.drop.func.DropProcessor:processRandomDrop:122]: Chosen Lucky Block Drop: type=structure,ID=giant_lucky_block_good,rotation=#pDirect@luck=2
[22:34:49] [Server thread/INFO] [net.minecraft.server.dedicated.DedicatedServer]: stph_xmx was slain by TTottaly_RED using [Hero's Sword]
[22:34:52] [Server thread/INFO] [STDOUT]: [mod.lucky.drop.func.DropProcessor:processRandomDrop:135]: Chosen Lucky Block Drop: group(group(ID=giant_block_break_stage_1;ID=giant_block_break_stage_2,delay=1;ID=giant_block_break_stage_3,delay=2;ID=giant_block_break_stage_4,delay=3;ID=giant_block_break_stage_5,delay=4),type=structure,pos=(-3.5,117.0,4.5),rotation=1;type=fill,ID=air,pos=(3,117,0),pos2=(-4,124,7),delay=5;type=entity,ID=fireworks_rocket,pos=(-1,121,4),posOffset=(#rand(-4,4),#rand(-4,4),#rand(-4,4)),amount=50,NBTTag=(LifeTime=5,FireworksItem=(id=fireworks,Count=1,tag=#randFireworksRocket)),delay=5;group(ID=iron_ingot;ID=gold_ingot;ID=diamond;ID=emerald),pos=(-1,121,4),amount=#rand(16,24),delay=5)
[22:35:03] [Server thread/INFO] [STDOUT]: [mod.lucky.drop.func.DropProcessor:processRandomDrop:122]: Chosen Lucky Block Drop: type=nothing@luck=0@chance=24
[22:35:03] [Server thread/INFO] [STDOUT]: [mod.lucky.drop.func.DropProcessor:processRandomDrop:122]: Chosen Lucky Block Drop: type=nothing@luck=0@chance=24
[22:35:04] [Server thread/INFO] [STDOUT]: [mod.lucky.drop.func.DropProcessor:processRandomDrop:122]: Chosen Lucky Block Drop: type=nothing@luck=0@chance=24
[22:35:05] [Server thread/DEBUG] [FML]: Gathering id map for writing to world save world
[22:35:06] [Server thread/INFO] [STDOUT]: [mod.lucky.drop.func.DropProcessor:processRandomDrop:122]: Chosen Lucky Block Drop: type=nothing@luck=0@chance=24
[22:35:31] [Server thread/INFO] [net.minecraft.server.dedicated.DedicatedServer]: stph_xmx was slain by RompOrTos
[22:35:42] [Server thread/INFO] [net.minecraft.server.dedicated.DedicatedServer]: stph_xmx was slain by RompOrTos
[22:35:50] [Server thread/DEBUG] [FML]: Gathering id map for writing to world save world
[22:35:53] [Server thread/WARN] [net.minecraft.network.NetHandlerPlayServer]: RompOrTos moved wrongly!
[22:35:58] [Server thread/INFO] [net.minecraft.server.dedicated.DedicatedServer]: stph_xmx was killed trying to hurt TTottaly_RED
[22:36:04] [Server thread/INFO] [net.minecraft.server.dedicated.DedicatedServer]: Jer_efece was slain by RompOrTos
[22:36:15] [Server thread/INFO] [net.minecraft.server.dedicated.DedicatedServer]: stph_xmx was slain by RompOrTos
[22:36:20] [Server thread/INFO] [net.minecraft.server.dedicated.DedicatedServer]: TTottaly_RED was slain by RompOrTos
[22:36:24] [Server thread/INFO] [net.minecraft.server.dedicated.DedicatedServer]: [@: Set TTottaly_RED's spawn point to (-448, 29, -124)]
[22:36:28] [Server thread/INFO] [net.minecraft.server.dedicated.DedicatedServer]: stph_xmx was slain by RompOrTos
[22:36:35] [Server thread/DEBUG] [FML]: Gathering id map for writing to world save world
[22:36:36] [Server thread/INFO] [net.minecraft.server.dedicated.DedicatedServer]: [RompOrTos: Teleported TTottaly_RED to RompOrTos]
[22:36:40] [Server thread/INFO] [net.minecraft.server.dedicated.DedicatedServer]: stph_xmx was slain by RompOrTos
[22:36:52] [Server thread/INFO] [net.minecraft.server.dedicated.DedicatedServer]: stph_xmx was slain by RompOrTos
[22:36:53] [Server thread/TRACE] [FML]: Handshake channel activating
[22:36:53] [Server thread/DEBUG] [FML]: FMLHandshakeServerState: null->FMLHandshakeServerState$1:START
[22:36:53] [Server thread/DEBUG] [FML]:   Next: HELLO
[22:36:53] [Netty Epoll Server IO #7/DEBUG] [FML]: FMLHandshakeServerState: $ClientHello->FMLHandshakeServerState$2:HELLO
[22:36:53] [Netty Epoll Server IO #7/INFO] [FML]: Client protocol version 2
[22:36:53] [Netty Epoll Server IO #7/DEBUG] [FML]: FMLHandshakeServerState: $ModList:6 mods->FMLHandshakeServerState$2:HELLO
[22:36:53] [Netty Epoll Server IO #7/INFO] [FML]: Client attempting to join with 6 mods : minecraft@1.12.2,lucky@7.6.0,FML@8.0.99.99,forge@14.23.5.2859,mcp@9.42,jei@4.16.1.1013
[22:36:53] [Netty Epoll Server IO #7/DEBUG] [FML]:   Next: WAITINGCACK
[22:36:53] [Netty Epoll Server IO #7/DEBUG] [FML]: FMLHandshakeServerState: $HandshakeAck:{2}->FMLHandshakeServerState$3:WAITINGCACK
[22:36:53] [Netty Epoll Server IO #7/DEBUG] [FML]:   Next: COMPLETE
[22:36:54] [Netty Epoll Server IO #7/DEBUG] [FML]: FMLHandshakeServerState: $HandshakeAck:{3}->FMLHandshakeServerState$4:COMPLETE
[22:36:54] [Netty Epoll Server IO #7/DEBUG] [FML]:   Next: DONE
[22:36:54] [Netty Epoll Server IO #7/DEBUG] [FML]: FMLHandshakeServerState: $HandshakeAck:{4}->FMLHandshakeServerState$5:DONE
[22:36:54] [Server thread/INFO] [FML]: [Server thread] Server side modded connection established
[22:36:54] [Server thread/INFO] [net.minecraft.server.management.PlayerList]: Scotmamani[/127.20.112.198:59283] logged in with entity id 212106 at (-420.5, 64.0, -69.5)
[22:36:54] [Server thread/INFO] [net.minecraft.server.dedicated.DedicatedServer]: Scotmamani joined the game
[22:36:54] [Netty Epoll Server IO #7/DEBUG] [FML]: FMLHandshakeServerState: $HandshakeAck:{5}->FMLHandshakeServerState$5:DONE
[22:37:00] [Server thread/INFO] [net.minecraft.server.dedicated.DedicatedServer]: TTottaly_RED was slain by RompOrTos
[22:37:00] [Server thread/INFO] [net.minecraft.server.dedicated.DedicatedServer]: [@: Teleported Jer_efece to 1.5, 116.0, -13.5]
[22:37:01] [Server thread/INFO] [net.minecraft.server.dedicated.DedicatedServer]: stph_xmx was slain by RompOrTos
[22:37:04] [Server thread/INFO] [STDOUT]: [mod.lucky.drop.func.DropProcessor:processRandomDrop:122]: Chosen Lucky Block Drop: group(type=effect,ID=7,range=4;type=particle,ID=splashpotion,potion="harming";type=entity,ID=lucky:LuckyProjectile,NBTTag=(Motion=#motionFromDirection(#rand(0,360),-50,0.4),item=(id=iron_sword),damage=4.0),amount=20)@luck=-2
[22:37:04] [Server thread/INFO] [STDOUT]: [mod.lucky.drop.func.DropProcessor:processRandomDrop:122]: Chosen Lucky Block Drop: group(type=block,ID=fire,posOffset=#circleOffset(0,3),amount=50;type=block,ID=flowing_lava;type=particle,ID=splashpotion,potion="fire_resistance")@luck=-2
[22:37:05] [Server thread/INFO] [STDOUT]: [mod.lucky.drop.func.DropProcessor:processRandomDrop:122]: Chosen Lucky Block Drop: group(type=block,ID=fire,posOffset=#circleOffset(0,3),amount=50;type=block,ID=flowing_lava;type=particle,ID=splashpotion,potion="fire_resistance")@luck=-2
[22:37:05] [Server thread/INFO] [STDOUT]: [mod.lucky.drop.func.DropProcessor:processRandomDrop:122]: Chosen Lucky Block Drop: group(type=effect,ID=20,range=4,duration=30;type=particle,ID=splashpotion,potion="weakness";type=item,ID=bone,posOffset=#circleOffset(0.0,2.0),amount=10;type=item,ID=dye,damage=15,posOffset=#circleOffset(0.0,2.0),amount=10;type=item,ID=skull,posOffset=#circleOffset(0.0,2.0),amount=10)@luck=-2
[22:37:05] [Server thread/INFO] [STDOUT]: [mod.lucky.drop.func.DropProcessor:processRandomDrop:122]: Chosen Lucky Block Drop: group(type=effect,ID=15,range=4,duration=10;type=effect,ID=2,range=4,duration=10;type=particle,ID=splashpotion,potion="slowness";type=particle,ID=largesmoke,size=(2.0,1.0,2.0),particleAmount=300,amount=30,delay=#rand(0.0,8.0))@luck=-2
[22:37:05] [Server thread/INFO] [STDOUT]: [mod.lucky.drop.func.DropProcessor:processRandomDrop:122]: Chosen Lucky Block Drop: group(type=entity,ID=potion,NBTTag=(Potion=(id=splash_potion,tag=(Potion=#randList("slowness","harming","poison","weakness")),Count=1),Motion=#motionFromDirection(#rand(0,360),-70,0.4)),amount=10)@luck=-2
[22:37:05] [Server thread/INFO] [STDOUT]: [mod.lucky.drop.func.DropProcessor:processRandomDrop:122]: Chosen Lucky Block Drop: group(type=block,ID=fire,posOffset=#circleOffset(0,3),amount=50;type=block,ID=flowing_lava;type=particle,ID=splashpotion,potion="fire_resistance")@luck=-2
[22:37:05] [Server thread/INFO] [STDOUT]: [mod.lucky.drop.func.DropProcessor:processRandomDrop:122]: Chosen Lucky Block Drop: group(type=entity,ID=potion,NBTTag=(Potion=(id=splash_potion,tag=(Potion=#randList("slowness","harming","poison","weakness")),Count=1),Motion=#motionFromDirection(#rand(0,360),-70,0.4)),amount=10)@luck=-2
[22:37:05] [Server thread/INFO] [STDOUT]: [mod.lucky.drop.func.DropProcessor:processRandomDrop:122]: Chosen Lucky Block Drop: group(type=effect,ID=9,range=4,duration=10;type=effect,ID=17,range=3,amplifier=8,duration=10;type=particle,ID=splashpotion,potion="poison";type=difficulty,ID=hard;type=entity,ID=Slime;type=particle,ID=slime,size=(1.5,0.5,1.5),particleAmount=500)@luck=-2
[22:37:05] [Server thread/INFO] [net.minecraft.server.dedicated.DedicatedServer]: <TTottaly_RED> hagan tp chat
[22:37:05] [Server thread/INFO] [STDOUT]: [mod.lucky.drop.func.DropProcessor:processRandomDrop:122]: Chosen Lucky Block Drop: group(type=effect,ID=19,range=4,duration=30;type=particle,ID=splashpotion,potion="poison";type=difficulty,ID=hard;type=entity,ID=cave_spider;type=item,ID=#randList(rotten_flesh,spider_eye,fermented_spider_eye),posOffset=#circleOffset(0.0,2.0),amount=30)@luck=-2
[22:37:05] [Server thread/INFO] [STDOUT]: [mod.lucky.drop.func.DropProcessor:processRandomDrop:122]: Chosen Lucky Block Drop: group(type=difficulty,ID=hard;type=explosion,damage=4;type=particle,ID=splashpotion,potion="harming")@luck=-2
[22:37:06] [Server thread/INFO] [STDOUT]: [mod.lucky.drop.func.DropProcessor:processRandomDrop:122]: Chosen Lucky Block Drop: group(type=block,ID=fire,posOffset=#circleOffset(0,3),amount=50;type=block,ID=flowing_lava;type=particle,ID=splashpotion,potion="fire_resistance")@luck=-2
[22:37:06] [Server thread/INFO] [STDOUT]: [mod.lucky.drop.func.DropProcessor:processRandomDrop:122]: Chosen Lucky Block Drop: group(type=effect,ID=19,range=4,duration=30;type=particle,ID=splashpotion,potion="poison";type=difficulty,ID=hard;type=entity,ID=cave_spider;type=item,ID=#randList(rotten_flesh,spider_eye,fermented_spider_eye),posOffset=#circleOffset(0.0,2.0),amount=30)@luck=-2
[22:37:06] [Server thread/INFO] [STDOUT]: [mod.lucky.drop.func.DropProcessor:processRandomDrop:122]: Chosen Lucky Block Drop: group(type=effect,ID=7,range=4;type=particle,ID=splashpotion,potion="harming";type=entity,ID=lucky:LuckyProjectile,NBTTag=(Motion=#motionFromDirection(#rand(0,360),-50,0.4),item=(id=iron_sword),damage=4.0),amount=20)@luck=-2
[22:37:06] [Server thread/INFO] [STDOUT]: [mod.lucky.drop.func.DropProcessor:processRandomDrop:122]: Chosen Lucky Block Drop: group(type=effect,ID=18,range=4,duration=30;type=particle,ID=splashpotion,potion="weakness";type=difficulty,ID=hard;type=entity,ID=#randList(Zombie,Skeleton,Spider),posOffset=#circleOffset(0.0,2.0),amount=#rand(7,10))@luck=-2
[22:37:11] [Server thread/INFO] [net.minecraft.server.dedicated.DedicatedServer]: [@: Set TTottaly_RED's spawn point to (-446, 29, -125)]
[22:37:15] [Server thread/INFO] [net.minecraft.server.dedicated.DedicatedServer]: stph_xmx was slain by RompOrTos
[22:37:15] [Server thread/INFO] [STDOUT]: [mod.lucky.drop.func.DropProcessor:processRandomDrop:122]: Chosen Lucky Block Drop: group(type=effect,ID=9,range=4,duration=10;type=effect,ID=17,range=3,amplifier=8,duration=10;type=particle,ID=splashpotion,potion="poison";type=difficulty,ID=hard;type=entity,ID=Slime;type=particle,ID=slime,size=(1.5,0.5,1.5),particleAmount=500)@luck=-2
[22:37:15] [Server thread/INFO] [STDOUT]: [mod.lucky.drop.func.DropProcessor:processRandomDrop:122]: Chosen Lucky Block Drop: group(type=effect,ID=7,range=4;type=particle,ID=splashpotion,potion="harming";type=entity,ID=lucky:LuckyProjectile,NBTTag=(Motion=#motionFromDirection(#rand(0,360),-50,0.4),item=(id=iron_sword),damage=4.0),amount=20)@luck=-2
[22:37:15] [Server thread/INFO] [STDOUT]: [mod.lucky.drop.func.DropProcessor:processRandomDrop:122]: Chosen Lucky Block Drop: group(type=effect,ID=7,range=4;type=particle,ID=splashpotion,potion="harming";type=entity,ID=lucky:LuckyProjectile,NBTTag=(Motion=#motionFromDirection(#rand(0,360),-50,0.4),item=(id=iron_sword),damage=4.0),amount=20)@luck=-2
[22:37:15] [Server thread/INFO] [STDOUT]: [mod.lucky.drop.func.DropProcessor:processRandomDrop:122]: Chosen Lucky Block Drop: group(type=effect,ID=7,range=4;type=particle,ID=splashpotion,potion="harming";type=entity,ID=lucky:LuckyProjectile,NBTTag=(Motion=#motionFromDirection(#rand(0,360),-50,0.4),item=(id=iron_sword),damage=4.0),amount=20)@luck=-2
[22:37:15] [Server thread/INFO] [net.minecraft.server.dedicated.DedicatedServer]: [@: Set TTottaly_RED's spawn point to (-445, 28, -120)]
[22:37:17] [Server thread/INFO] [net.minecraft.server.dedicated.DedicatedServer]: <Scotmamani> oe gente roten meet p
[22:37:20] [Server thread/DEBUG] [FML]: Gathering id map for writing to world save world
[22:37:24] [Server thread/INFO] [net.minecraft.server.dedicated.DedicatedServer]: [@: Game rule keeInventory has been updated to true @a]
[22:37:26] [Server thread/INFO] [STDOUT]: [mod.lucky.drop.func.DropProcessor:processRandomDrop:122]: Chosen Lucky Block Drop: type=nothing@luck=0@chance=24
[22:37:26] [Server thread/INFO] [net.minecraft.server.dedicated.DedicatedServer]: [@: Set the time to 0]
[22:37:26] [Server thread/INFO] [STDOUT]: [mod.lucky.drop.func.DropProcessor:processRandomDrop:122]: Chosen Lucky Block Drop: type=nothing@luck=0@chance=24
[22:37:27] [Server thread/INFO] [STDOUT]: [mod.lucky.drop.func.DropProcessor:processRandomDrop:122]: Chosen Lucky Block Drop: type=nothing@luck=0@chance=24
[22:37:29] [Server thread/INFO] [STDOUT]: [mod.lucky.drop.func.DropProcessor:processRandomDrop:122]: Chosen Lucky Block Drop: group(type=effect,ID=special_fire,range=4,excludePlayer=true,duration=#rand(5,10);type=particle,ID=flame,pos=#pExactPos,size=(1.0,0.3,1.0),particleAmount=2000)@luck=2
[22:37:32] [Server thread/INFO] [net.minecraft.server.dedicated.DedicatedServer]: [@: Teleported Scotmamani to -423.5, 28.0625, -117.5]
[22:37:36] [Server thread/INFO] [STDOUT]: [mod.lucky.drop.func.DropProcessor:processRandomDrop:122]: Chosen Lucky Block Drop: group:1:(group(ID=carrot,amount=#rand(8,16);ID=golden_carrot,amount=#rand(4,8));group(ID=potato,amount=#rand(8,16);ID=baked_potato,amount=#rand(4,8);ID=poisonous_potato,amount=#rand(2,4));group(ID=pumpkin_pie,amount=#rand(6,12)))@luck=1
[22:37:37] [Server thread/INFO] [net.minecraft.server.dedicated.DedicatedServer]: Jer_efece was slain by RompOrTos
[22:37:41] [Server thread/INFO] [net.minecraft.server.dedicated.DedicatedServer]: stph_xmx was slain by RompOrTos
[22:37:43] [Server thread/INFO] [net.minecraft.server.dedicated.DedicatedServer]: <TTottaly_RED> hagan tp chaatt
[22:37:44] [Server thread/INFO] [net.minecraft.server.dedicated.DedicatedServer]: [@: Teleported Jer_efece to 1.5, 116.0, -13.5]
[22:37:47] [Server thread/INFO] [net.minecraft.server.dedicated.DedicatedServer]: <RompOrTos> xddddd
[22:37:51] [Server thread/INFO] [net.minecraft.server.dedicated.DedicatedServer]: [RompOrTos: Teleported TTottaly_RED to RompOrTos]
[22:37:52] [Server thread/INFO] [STDOUT]: [mod.lucky.drop.func.DropProcessor:processRandomDrop:122]: Chosen Lucky Block Drop: group:#rand(1,2):(ID=diamond_sword;ID=diamond_shovel;ID=diamond_pickaxe;ID=diamond_axe;ID=diamond_hoe)@luck=2
[22:37:55] [Server thread/INFO] [STDOUT]: [mod.lucky.drop.func.DropProcessor:processRandomDrop:122]: Chosen Lucky Block Drop: type=block,ID=chest,tileEntity=(Items=#customChestLootTable({"pools":[{"rolls":{"min":6,"max":12},"entries":[{"type":"item","name":"minecraft:iron_ingot","weight":1,"functions":[{"function":"set_count","count":{"min":1,"max":8}}]},{"type":"item","name":"minecraft:gold_ingot","weight":1,"functions":[{"function":"set_count","count":{"min":1,"max":4}}]},{"type":"item","name":"minecraft:diamond","weight":1,"functions":[{"function":"set_count","count":{"min":1,"max":4}}]},{"type":"item","name":"minecraft:emerald","weight":1,"functions":[{"function":"set_count","count":{"min":1,"max":4}}]},{"type":"item","name":"minecraft:dye","weight":1,"functions":[{"function":"set_data","data":4},{"function":"set_count","count":{"min":1,"max":4}}]},{"type":"item","name":"lucky:lucky_block","weight":1,"functions":[{"function":"set_data","data":0},{"function":"set_count","count":{"min":1,"max":2}}]},{"type":"item","name":"minecraft:golden_apple","weight":1,"functions":[{"function":"set_data","data":0},{"function":"set_count","count":{"min":1,"max":2}}]},{"type":"item","name":"minecraft:golden_apple","weight":1,"functions":[{"function":"set_data","data":1},{"function":"set_count","count":{"min":1,"max":2}}]}]}]}))@luck=2
[22:37:57] [Server thread/INFO] [net.minecraft.server.dedicated.DedicatedServer]: stph_xmx was killed trying to hurt Jer_efece
[22:38:02] [Server thread/INFO] [net.minecraft.server.dedicated.DedicatedServer]: TTottaly_RED was burnt to a crisp whilst fighting Jer_efece
[22:38:05] [Server thread/DEBUG] [FML]: Gathering id map for writing to world save world
[22:38:09] [Server thread/INFO] [STDOUT]: [mod.lucky.drop.func.DropProcessor:processRandomDrop:122]: Chosen Lucky Block Drop: group(type=fill,ID=air,size=(1,8,1);type=entity,ID=falling_block,posY=#bPosY+7,NBTTag=(Block=gold_block);type=particle,ID=flame,size=(1,2,1),particleAmount=500;type=sound,ID=entity.ghast.shoot)@luck=0
[22:38:13] [Server thread/INFO] [net.minecraft.server.dedicated.DedicatedServer]: [@: Set Scotmamani's spawn point to (-424, 29, -126)]
[22:38:13] [Server thread/INFO] [STDOUT]: [mod.lucky.drop.func.DropProcessor:processRandomDrop:122]: Chosen Lucky Block Drop: group(type=difficulty,ID=hard;type=entity,ID=Zombie,NBTTag=(HandItems=[(id=diamond_sword,Count=1,tag=(ench=#luckySwordEnchantments))],ArmorItems=[(id=diamond_boots,Count=1,tag=(ench=#luckyBootsEnchantments)),(id=diamond_leggings,Count=1,tag=(ench=#luckyLeggingsEnchantments)),(id=diamond_chestplate,Count=1,tag=(ench=#luckyChestplateEnchantments)),(id=diamond_helmet,Count=1,tag=(ench=#luckyHelmetEnchantments))],HandDropChances=[0.5f,0f],ArmorDropChances=[0.3f,0.3f,0.3f,0.3f],CustomName="$9$lBob",CustomNameVisible=true))@luck=-2
[22:38:19] [Server thread/INFO] [net.minecraft.server.dedicated.DedicatedServer]: [@: Set Scotmamani's spawn point to (-426, 29, -139)]
[22:38:20] [Server thread/INFO] [net.minecraft.server.dedicated.DedicatedServer]: [@: Set Scotmamani's spawn point to (-431, 29, -141)]
[22:38:24] [Server thread/INFO] [net.minecraft.server.dedicated.DedicatedServer]: [@: Set Scotmamani's spawn point to (-433, 29, -124)]
[22:38:29] [Server thread/INFO] [net.minecraft.server.dedicated.DedicatedServer]: [@: Set Scotmamani's spawn point to (-446, 28, -120)]
