[21:58:11] [main/INFO] [LaunchWrapper]: Loading tweak class name net.minecraftforge.fml.common.launcher.FMLServerTweaker
[21:58:11] [main/INFO] [LaunchWrapper]: Using primary tweak class name net.minecraftforge.fml.common.launcher.FMLServerTweaker
[21:58:11] [main/INFO] [LaunchWrapper]: Calling tweak class net.minecraftforge.fml.common.launcher.FMLServerTweaker
[21:58:11] [main/INFO] [FML]: Forge Mod Loader version 14.23.5.2860 for Minecraft 1.12.2 loading
[21:58:11] [main/INFO] [FML]: Java is OpenJDK 64-Bit Server VM, version 1.8.0_482, running on Linux:amd64:6.8.0-1052-azure, installed at /usr/lib/jvm/java-8-openjdk-amd64/jre
[21:58:11] [main/INFO] [FML]: Searching /workspaces/Pornoland/servidor_minecraft/./mods for mods
[21:58:11] [main/INFO] [FML]: Searching /workspaces/Pornoland/servidor_minecraft/./mods/1.12.2 for mods
[21:58:11] [main/INFO] [LaunchWrapper]: Loading tweak class name net.minecraftforge.fml.common.launcher.FMLInjectionAndSortingTweaker
[21:58:11] [main/INFO] [LaunchWrapper]: Loading tweak class name net.minecraftforge.fml.common.launcher.FMLDeobfTweaker
[21:58:11] [main/INFO] [LaunchWrapper]: Calling tweak class net.minecraftforge.fml.common.launcher.FMLInjectionAndSortingTweaker
[21:58:11] [main/INFO] [LaunchWrapper]: Calling tweak class net.minecraftforge.fml.common.launcher.FMLInjectionAndSortingTweaker
[21:58:11] [main/INFO] [LaunchWrapper]: Calling tweak class net.minecraftforge.fml.relauncher.CoreModManager$FMLPluginWrapper
[21:58:13] [main/INFO] [FML]: Found valid fingerprint for Minecraft Forge. Certificate fingerprint e3c3d50c7c986df74c645c0ac54639741c90a557
[21:58:13] [main/INFO] [LaunchWrapper]: Calling tweak class net.minecraftforge.fml.relauncher.CoreModManager$FMLPluginWrapper
[21:58:13] [main/INFO] [LaunchWrapper]: Calling tweak class net.minecraftforge.fml.common.launcher.FMLDeobfTweaker
[21:58:13] [main/INFO] [LaunchWrapper]: Loading tweak class name net.minecraftforge.fml.common.launcher.TerminalTweaker
[21:58:13] [main/INFO] [LaunchWrapper]: Calling tweak class net.minecraftforge.fml.common.launcher.TerminalTweaker
[21:58:13] [main/INFO] [LaunchWrapper]: Launching wrapped minecraft {net.minecraft.server.MinecraftServer}
[21:58:16] [Server thread/INFO] [net.minecraft.server.dedicated.DedicatedServer]: Starting minecraft server version 1.12.2
[21:58:16] [Server thread/INFO] [FML]: MinecraftForge v14.23.5.2860 Initialized
[21:58:16] [Server thread/INFO] [FML]: Starts to replace vanilla recipe ingredients with ore ingredients.
[21:58:16] [Server thread/INFO] [FML]: Invalid recipe found with multiple oredict ingredients in the same ingredient...
[21:58:16] [Server thread/INFO] [FML]: Replaced 1227 ore ingredients
[21:58:16] [Server thread/INFO] [FML]: Searching /workspaces/Pornoland/servidor_minecraft/./mods for mods
[21:58:17] [Server thread/INFO] [FML]: Searching /workspaces/Pornoland/servidor_minecraft/./mods/1.12.2 for mods
[21:58:17] [Server thread/INFO] [FML]: Forge Mod Loader has identified 6 mods to load
[21:58:17] [Server thread/WARN] [FML]: Missing English translation for FML: assets/fml/lang/en_us.lang
[21:58:17] [Server thread/INFO] [FML]: Attempting connection with missing mods [minecraft, mcp, FML, forge, jei, lucky] at CLIENT
[21:58:17] [Server thread/INFO] [FML]: Attempting connection with missing mods [minecraft, mcp, FML, forge, jei, lucky] at SERVER
[21:58:18] [Server thread/INFO] [FML]: Processing ObjectHolder annotations
[21:58:18] [Server thread/INFO] [FML]: Found 1168 ObjectHolder annotations
[21:58:18] [Server thread/INFO] [FML]: Identifying ItemStackHolder annotations
[21:58:18] [Server thread/INFO] [FML]: Found 0 ItemStackHolder annotations
[21:58:18] [Server thread/INFO] [FML]: Configured a dormant chunk cache size of 0
[21:58:18] [Forge Version Check/INFO] [forge.VersionCheck]: [forge] Starting version check at http://files.minecraftforge.net/maven/net/minecraftforge/forge/promotions_slim.json
[21:58:18] [Server thread/INFO] [FML]: Applying holder lookups
[21:58:18] [Server thread/INFO] [FML]: Holder lookups applied
[21:58:18] [Server thread/INFO] [FML]: Applying holder lookups
[21:58:18] [Server thread/INFO] [FML]: Holder lookups applied
[21:58:18] [Server thread/INFO] [FML]: Applying holder lookups
[21:58:18] [Server thread/INFO] [FML]: Holder lookups applied
[21:58:18] [Server thread/INFO] [FML]: Applying holder lookups
[21:58:18] [Server thread/INFO] [FML]: Holder lookups applied
[21:58:18] [Server thread/INFO] [FML]: Injecting itemstacks
[21:58:18] [Server thread/INFO] [FML]: Itemstack injection complete
[21:58:18] [Server thread/INFO] [net.minecraft.server.dedicated.DedicatedServer]: Loading properties
[21:58:18] [Server thread/INFO] [net.minecraft.server.dedicated.DedicatedServer]: Default game type: SURVIVAL
[21:58:18] [Server thread/INFO] [net.minecraft.server.dedicated.DedicatedServer]: Generating keypair
[21:58:19] [Server thread/INFO] [net.minecraft.server.dedicated.DedicatedServer]: Starting Minecraft server on *:25565
[21:58:19] [Server thread/INFO] [net.minecraft.network.NetworkSystem]: Using epoll channel type
[21:58:19] [Server thread/WARN] [net.minecraft.server.dedicated.DedicatedServer]: **** SERVER IS RUNNING IN OFFLINE/INSECURE MODE!
[21:58:19] [Server thread/WARN] [net.minecraft.server.dedicated.DedicatedServer]: The server will make no attempt to authenticate usernames. Beware.
[21:58:19] [Server thread/WARN] [net.minecraft.server.dedicated.DedicatedServer]: While this makes the game possible to play without internet access, it also opens up the ability for hackers to connect with any username they choose.
[21:58:19] [Server thread/WARN] [net.minecraft.server.dedicated.DedicatedServer]: To change this, set "online-mode" to "true" in the server.properties file.
[21:58:19] [Server thread/INFO] [FML]: Applying holder lookups
[21:58:19] [Server thread/INFO] [FML]: Holder lookups applied
[21:58:19] [Server thread/WARN] [FML]: Potentially Dangerous alternative prefix `minecraft` for name `luckyblockdata`, expected `lucky`. This could be a intended override, but in most cases indicates a broken mod.
[21:58:19] [Server thread/INFO] [FML]: Injecting itemstacks
[21:58:19] [Server thread/INFO] [FML]: Itemstack injection complete
[21:58:19] [Forge Version Check/INFO] [forge.VersionCheck]: [forge] Found status: OUTDATED Target: 14.23.5.2864
[21:58:19] [Server thread/INFO] [FML]: Forge Mod Loader has successfully loaded 6 mods
[21:58:19] [Server thread/INFO] [net.minecraft.server.dedicated.DedicatedServer]: Preparing level "world"
[21:58:19] [Server thread/INFO] [FML.ModTracker]: This world was saved with mod forge version 14.23.5.2859 and it is now at version 14.23.5.2860, things may not work well
[21:58:19] [Server thread/ERROR] [FML.ModTracker]: This world was saved with mod tlauncher_custom_cape_skin which appears to be missing, things may not work well
[21:58:19] [Server thread/INFO] [FML]: Injecting existing registry data into this server instance
[21:58:19] [Server thread/INFO] [FML]: Applying holder lookups
[21:58:19] [Server thread/INFO] [FML]: Holder lookups applied
[21:58:19] [Server thread/INFO] [FML]: Loading dimension 0 (world) (net.minecraft.server.dedicated.DedicatedServer@233acd42)
[21:58:20] [Server thread/INFO] [net.minecraft.advancements.AdvancementList]: Loaded 488 advancements
[21:58:20] [Server thread/INFO] [FML]: Loading dimension -1 (world) (net.minecraft.server.dedicated.DedicatedServer@233acd42)
[21:58:20] [Server thread/INFO] [FML]: Loading dimension 1 (world) (net.minecraft.server.dedicated.DedicatedServer@233acd42)
[21:58:20] [Server thread/INFO] [net.minecraft.server.MinecraftServer]: Preparing start region for level 0
[21:58:20] [Server thread/INFO] [net.minecraft.server.dedicated.DedicatedServer]: Done (1.047s)! For help, type "help" or "?"
[21:58:20] [Server thread/INFO] [net.minecraft.server.dedicated.DedicatedServer]: Starting GS4 status listener
[21:58:20] [Query Listener #1/INFO] [net.minecraft.server.MinecraftServer]: Query running on 0.0.0.0:25565
[21:58:20] [Server thread/INFO] [FML]: Unloading dimension -1
[21:58:20] [Server thread/INFO] [FML]: Unloading dimension 1
[21:58:27] [Netty Epoll Server IO #2/INFO] [FML]: Client protocol version 2
[21:58:27] [Netty Epoll Server IO #2/INFO] [FML]: Client attempting to join with 5 mods : minecraft@1.12.2,lucky@7.6.0,FML@8.0.99.99,forge@14.23.5.2859,mcp@9.42
[21:58:27] [Netty Epoll Server IO #2/INFO] [FML]: Attempting connection with missing mods [jei] at CLIENT
[21:58:27] [Server thread/INFO] [FML]: [Server thread] Server side modded connection established
[21:58:27] [Server thread/INFO] [net.minecraft.server.management.PlayerList]: Jer_efece[/127.59.58.120:55511] logged in with entity id 0 at (-417.5, 64.0, -73.5)
[21:58:27] [Server thread/INFO] [net.minecraft.server.dedicated.DedicatedServer]: Jer_efece joined the game
[21:58:41] [Netty Epoll Server IO #3/INFO] [FML]: Client protocol version 2
[21:58:41] [Netty Epoll Server IO #3/INFO] [FML]: Client attempting to join with 7 mods : minecraft@1.12.2,lucky@7.6.0,tlauncher_custom_cape_skin@1.4,FML@8.0.99.99,forge@14.23.5.2859,mcp@9.42,jei@4.16.1.1013
[21:58:42] [Server thread/INFO] [FML]: [Server thread] Server side modded connection established
[21:58:42] [Server thread/INFO] [net.minecraft.server.management.PlayerList]: RompOrTos[/127.28.244.228:40849] logged in with entity id 713 at (-421.5, 64.0, -73.5)
[21:58:42] [Server thread/INFO] [net.minecraft.server.dedicated.DedicatedServer]: RompOrTos joined the game
[21:59:07] [Server thread/INFO] [net.minecraft.server.dedicated.DedicatedServer]: RompOrTos was slain by Jer_efece
[21:59:34] [Netty Epoll Server IO #5/INFO] [FML]: Client protocol version 2
[21:59:34] [Netty Epoll Server IO #5/INFO] [FML]: Client attempting to join with 6 mods : minecraft@1.12.2,lucky@7.6.0,FML@8.0.99.99,forge@14.23.5.2859,mcp@9.42,jei@4.16.1.1013
[21:59:35] [Server thread/INFO] [FML]: [Server thread] Server side modded connection established
[21:59:35] [Server thread/INFO] [net.minecraft.server.management.PlayerList]: netz_zk[/127.204.234.187:52591] logged in with entity id 3479 at (-417.5, 64.0, -75.5)
[21:59:35] [Server thread/INFO] [net.minecraft.server.dedicated.DedicatedServer]: netz_zk joined the game
[21:59:35] [Server thread/INFO] [net.minecraft.server.dedicated.DedicatedServer]: <RompOrTos> xdd
[22:00:29] [Server thread/INFO] [net.minecraft.server.dedicated.DedicatedServer]: [@: Game rule keeInventory has been updated to true @a]
[22:00:30] [Server thread/INFO] [net.minecraft.server.dedicated.DedicatedServer]: [@: Set the time to 0]
[22:00:31] [Server thread/INFO] [net.minecraft.server.dedicated.DedicatedServer]: <netz_zk> oe
[22:00:33] [Server thread/INFO] [net.minecraft.server.dedicated.DedicatedServer]: <netz_zk> deja
[22:00:35] [Server thread/INFO] [net.minecraft.server.dedicated.DedicatedServer]: <netz_zk> entra
[22:00:37] [Server thread/INFO] [net.minecraft.server.dedicated.DedicatedServer]: <netz_zk> zapapollas
[22:00:40] [Server thread/INFO] [net.minecraft.server.dedicated.DedicatedServer]: <RompOrTos> xdd
[22:01:34] [Server thread/INFO] [net.minecraft.server.dedicated.DedicatedServer]: [@: Teleported Jer_efece to -431.5, 28.0625, -116.5]
[22:01:46] [Server thread/INFO] [net.minecraft.server.dedicated.DedicatedServer]: Jer_efece fell out of the world
[22:02:15] [Server thread/INFO] [net.minecraft.server.dedicated.DedicatedServer]: RompOrTos was slain by Jer_efece
[22:02:55] [Server thread/INFO] [net.minecraft.server.dedicated.DedicatedServer]: Jer_efece fell out of the world
[22:03:11] [Server thread/INFO] [net.minecraft.server.dedicated.DedicatedServer]: Jer_efece fell out of the world
[22:06:16] [Server thread/INFO] [net.minecraft.network.NetHandlerPlayServer]: RompOrTos lost connection: Disconnected
[22:06:16] [Server thread/INFO] [net.minecraft.server.dedicated.DedicatedServer]: RompOrTos left the game
[22:06:31] [Netty Epoll Server IO #6/INFO] [FML]: Client protocol version 2
[22:06:31] [Netty Epoll Server IO #6/INFO] [FML]: Client attempting to join with 7 mods : minecraft@1.12.2,lucky@7.6.0,tlauncher_custom_cape_skin@1.4,FML@8.0.99.99,forge@14.23.5.2859,mcp@9.42,jei@4.16.1.1013
[22:06:32] [Server thread/INFO] [FML]: [Server thread] Server side modded connection established
[22:06:32] [Server thread/INFO] [net.minecraft.server.management.PlayerList]: RompOrTos[/127.28.244.228:33115] logged in with entity id 26441 at (-423.95207091561326, 64.0, -76.05400621797578)
[22:06:32] [Server thread/INFO] [net.minecraft.server.dedicated.DedicatedServer]: RompOrTos joined the game
[22:09:05] [Server thread/INFO] [net.minecraft.server.dedicated.DedicatedServer]: <netz_zk> ganpi
[22:09:12] [Netty Epoll Server IO #1/INFO] [FML]: Client protocol version 2
[22:09:12] [Netty Epoll Server IO #1/INFO] [FML]: Client attempting to join with 6 mods : minecraft@1.12.2,lucky@7.6.0,FML@8.0.99.99,forge@14.23.5.2859,mcp@9.42,jei@4.16.1.302
[22:09:12] [Server thread/INFO] [FML]: [Server thread] Server side modded connection established
[22:09:12] [Server thread/INFO] [net.minecraft.server.management.PlayerList]: stph_xmx[/127.247.183.13:44535] logged in with entity id 34697 at (-413.5, 64.0, -72.5)
[22:09:12] [Server thread/INFO] [net.minecraft.server.dedicated.DedicatedServer]: stph_xmx joined the game
[22:09:29] [Server thread/INFO] [net.minecraft.server.dedicated.DedicatedServer]: <netz_zk> es zapata
[22:09:30] [Server thread/INFO] [net.minecraft.server.dedicated.DedicatedServer]: <netz_zk> go
[22:09:31] [Server thread/INFO] [net.minecraft.server.dedicated.DedicatedServer]: Jer_efece was slain by stph_xmx
[22:09:36] [Server thread/INFO] [net.minecraft.server.dedicated.DedicatedServer]: <Jer_efece> zapata rosca
[22:09:55] [Server thread/INFO] [net.minecraft.server.dedicated.DedicatedServer]: netz_zk was slain by stph_xmx
[22:10:04] [Server thread/INFO] [net.minecraft.server.dedicated.DedicatedServer]: stph_xmx was slain by Jer_efece
[22:10:08] [Server thread/INFO] [net.minecraft.server.dedicated.DedicatedServer]: <netz_zk> cualquiera
[22:10:22] [Server thread/INFO] [net.minecraft.server.dedicated.DedicatedServer]: <netz_zk> solo q el lag no ayuda los combos
[22:10:31] [Server thread/INFO] [net.minecraft.server.dedicated.DedicatedServer]: <netz_zk> pero igual ta chvr
[22:10:35] [Server thread/INFO] [net.minecraft.server.dedicated.DedicatedServer]: RompOrTos fell out of the world
[22:10:53] [Server thread/INFO] [net.minecraft.server.dedicated.DedicatedServer]: <RompOrTos> https://meet.google.com/ver-vswc-zhx
[22:11:43] [Server thread/INFO] [net.minecraft.server.dedicated.DedicatedServer]: Jer_efece was slain by stph_xmx
[22:12:01] [Server thread/INFO] [net.minecraft.server.dedicated.DedicatedServer]: <netz_zk> eres d 1.8.9 no jer?
[22:12:08] [Server thread/INFO] [net.minecraft.server.dedicated.DedicatedServer]: stph_xmx was slain by Jer_efece
[22:12:12] [Server thread/INFO] [net.minecraft.server.dedicated.DedicatedServer]: <Jer_efece> si p
[22:12:16] [Server thread/INFO] [net.minecraft.server.dedicated.DedicatedServer]: <netz_zk> eleganpi
[22:12:20] [Server thread/INFO] [net.minecraft.server.dedicated.DedicatedServer]: Jer_efece fell out of the world
[22:12:29] [Server thread/INFO] [net.minecraft.server.dedicated.DedicatedServer]: <netz_zk> cuanto cps/s
[22:12:33] [Server thread/INFO] [net.minecraft.server.dedicated.DedicatedServer]: <Jer_efece> tmb d las últimas
[22:12:40] [Server thread/INFO] [net.minecraft.server.dedicated.DedicatedServer]: <Jer_efece> pero ya no toy jugando mucho
[22:12:42] [Server thread/INFO] [net.minecraft.server.dedicated.DedicatedServer]: RompOrTos was slain by stph_xmx
[22:12:47] [Server thread/INFO] [net.minecraft.server.dedicated.DedicatedServer]: <netz_zk> go csgo
[22:12:48] [Server thread/INFO] [net.minecraft.server.dedicated.DedicatedServer]: [@: Set Jer_efece's spawn point to (-432, 64, -80)]
[22:12:49] [Server thread/INFO] [net.minecraft.server.dedicated.DedicatedServer]: <Jer_efece> 12 cps nrml
[22:12:58] [Server thread/INFO] [net.minecraft.server.dedicated.DedicatedServer]: <netz_zk> x2
[22:12:58] [Server thread/INFO] [net.minecraft.server.dedicated.DedicatedServer]: [@: Teleported stph_xmx to -431.5, 28.0625, -116.5]
[22:13:00] [Server thread/INFO] [net.minecraft.server.dedicated.DedicatedServer]: [@: Set stph_xmx's spawn point to (-432, 28, -120)]
[22:13:01] [Server thread/INFO] [net.minecraft.server.dedicated.DedicatedServer]: [@: Set stph_xmx's spawn point to (-431, 28, -118)]
[22:13:03] [Server thread/INFO] [net.minecraft.server.dedicated.DedicatedServer]: [@: Set stph_xmx's spawn point to (-432, 28, -119)]
[22:13:03] [Server thread/INFO] [net.minecraft.server.dedicated.DedicatedServer]: [@: Set stph_xmx's spawn point to (-432, 28, -119)]
[22:13:04] [Server thread/INFO] [net.minecraft.server.dedicated.DedicatedServer]: [@: Set stph_xmx's spawn point to (-432, 28, -119)]
[22:13:11] [Server thread/INFO] [net.minecraft.server.dedicated.DedicatedServer]: [Jer_efece: Teleported stph_xmx to Jer_efece]
[22:13:18] [Netty Epoll Server IO #3/INFO] [FML]: Client protocol version 2
[22:13:18] [Netty Epoll Server IO #3/INFO] [FML]: Client attempting to join with 7 mods : minecraft@1.12.2,lucky@7.6.0,tlauncher_custom_cape_skin@1.4,FML@8.0.99.99,forge@14.23.5.2859,mcp@9.42,jei@4.16.1.1013
[22:13:19] [Server thread/INFO] [FML]: [Server thread] Server side modded connection established
[22:13:19] [Server thread/INFO] [net.minecraft.server.management.PlayerList]: TTottaly_RED[/127.254.8.138:48999] logged in with entity id 47523 at (-415.5, 64.0, -72.5)
[22:13:19] [Server thread/INFO] [net.minecraft.server.dedicated.DedicatedServer]: TTottaly_RED joined the game
[22:13:28] [Server thread/INFO] [net.minecraft.server.dedicated.DedicatedServer]: <TTottaly_RED> sin roap
[22:13:29] [Server thread/INFO] [net.minecraft.server.dedicated.DedicatedServer]: <netz_zk> habla p febres
[22:13:32] [Server thread/INFO] [net.minecraft.server.dedicated.DedicatedServer]: <netz_zk> hijo de puta
[22:13:32] [Server thread/WARN] [net.minecraft.network.NetHandlerPlayServer]: Jer_efece moved wrongly!
[22:13:33] [Server thread/INFO] [net.minecraft.server.dedicated.DedicatedServer]: TTottaly_RED was slain by Jer_efece
[22:13:37] [Server thread/INFO] [net.minecraft.server.dedicated.DedicatedServer]: <TTottaly_RED> perate
[22:13:40] [Server thread/INFO] [net.minecraft.server.dedicated.DedicatedServer]: <TTottaly_RED> configuro
[22:13:47] [Server thread/INFO] [net.minecraft.server.dedicated.DedicatedServer]: TTottaly_RED was slain by stph_xmx
[22:13:56] [Server thread/INFO] [net.minecraft.network.NetHandlerPlayServer]: stph_xmx lost connection: Disconnected
[22:13:56] [Server thread/INFO] [net.minecraft.server.dedicated.DedicatedServer]: stph_xmx left the game
[22:14:19] [Server thread/INFO] [net.minecraft.server.dedicated.DedicatedServer]: Jer_efece fell out of the world
[22:14:28] [Netty Epoll Server IO #5/INFO] [FML]: Client protocol version 2
[22:14:28] [Netty Epoll Server IO #5/INFO] [FML]: Client attempting to join with 6 mods : minecraft@1.12.2,lucky@7.6.0,FML@8.0.99.99,forge@14.23.5.2859,mcp@9.42,jei@4.16.1.302
[22:14:28] [Server thread/INFO] [FML]: [Server thread] Server side modded connection established
[22:14:28] [Server thread/INFO] [net.minecraft.server.management.PlayerList]: stph_xmx[/127.247.183.13:34679] logged in with entity id 51224 at (-427.12349752060805, 64.0, -82.03875037024663)
[22:14:28] [Server thread/INFO] [net.minecraft.server.dedicated.DedicatedServer]: stph_xmx joined the game
[22:14:28] [Server thread/INFO] [net.minecraft.server.dedicated.DedicatedServer]: netz_zk was slain by TTottaly_RED
[22:14:35] [Server thread/INFO] [net.minecraft.server.dedicated.DedicatedServer]: [@: Teleported RompOrTos to -445.5, 28.0, -117.5]
[22:14:35] [Server thread/INFO] [net.minecraft.server.dedicated.DedicatedServer]: [@: Teleported TTottaly_RED to -437.5, 28.0625, -117.5]
[22:14:38] [Server thread/INFO] [net.minecraft.server.dedicated.DedicatedServer]: <TTottaly_RED> oe
[22:14:43] [Server thread/INFO] [net.minecraft.server.dedicated.DedicatedServer]: <TTottaly_RED> me hizo tp
[22:14:43] [Server thread/INFO] [net.minecraft.server.dedicated.DedicatedServer]: [@: Set TTottaly_RED's spawn point to (-438, 28, -119)]
[22:14:44] [Server thread/INFO] [net.minecraft.server.dedicated.DedicatedServer]: [Jer_efece: Teleported Jer_efece to Jer_efece]
[22:14:44] [Server thread/INFO] [net.minecraft.server.dedicated.DedicatedServer]: [Jer_efece: Teleported stph_xmx to Jer_efece]
[22:14:44] [Server thread/INFO] [net.minecraft.server.dedicated.DedicatedServer]: [Jer_efece: Teleported netz_zk to Jer_efece]
[22:14:44] [Server thread/INFO] [net.minecraft.server.dedicated.DedicatedServer]: [Jer_efece: Teleported TTottaly_RED to Jer_efece]
[22:14:44] [Server thread/INFO] [net.minecraft.server.dedicated.DedicatedServer]: [Jer_efece: Teleported RompOrTos to Jer_efece]
[22:14:50] [Server thread/INFO] [net.minecraft.server.dedicated.DedicatedServer]: [Jer_efece: Teleported Jer_efece to Jer_efece]
[22:14:50] [Server thread/INFO] [net.minecraft.server.dedicated.DedicatedServer]: [Jer_efece: Teleported RompOrTos to Jer_efece]
[22:14:50] [Server thread/INFO] [net.minecraft.server.dedicated.DedicatedServer]: [Jer_efece: Teleported netz_zk to Jer_efece]
[22:14:50] [Server thread/INFO] [net.minecraft.server.dedicated.DedicatedServer]: [Jer_efece: Teleported stph_xmx to Jer_efece]
[22:14:50] [Server thread/INFO] [net.minecraft.server.dedicated.DedicatedServer]: [Jer_efece: Teleported TTottaly_RED to Jer_efece]
[22:14:54] [Server thread/INFO] [net.minecraft.server.dedicated.DedicatedServer]: RompOrTos fell out of the world
[22:14:55] [Server thread/INFO] [net.minecraft.server.dedicated.DedicatedServer]: stph_xmx fell out of the world
[22:14:55] [Server thread/INFO] [net.minecraft.server.dedicated.DedicatedServer]: Jer_efece fell out of the world
[22:14:55] [Server thread/INFO] [net.minecraft.server.dedicated.DedicatedServer]: TTottaly_RED fell out of the world
[22:14:57] [Server thread/INFO] [net.minecraft.server.dedicated.DedicatedServer]: [Jer_efece: Teleported Jer_efece to Jer_efece]
[22:14:57] [Server thread/INFO] [net.minecraft.server.dedicated.DedicatedServer]: [Jer_efece: Teleported RompOrTos to Jer_efece]
[22:14:57] [Server thread/INFO] [net.minecraft.server.dedicated.DedicatedServer]: [Jer_efece: Teleported netz_zk to Jer_efece]
[22:14:57] [Server thread/INFO] [net.minecraft.server.dedicated.DedicatedServer]: [Jer_efece: Teleported stph_xmx to Jer_efece]
[22:14:57] [Server thread/INFO] [net.minecraft.server.dedicated.DedicatedServer]: [Jer_efece: Teleported TTottaly_RED to Jer_efece]
[22:14:59] [Server thread/INFO] [net.minecraft.server.dedicated.DedicatedServer]: [Jer_efece: Teleported Jer_efece to Jer_efece]
[22:14:59] [Server thread/INFO] [net.minecraft.server.dedicated.DedicatedServer]: [Jer_efece: Teleported RompOrTos to Jer_efece]
[22:14:59] [Server thread/INFO] [net.minecraft.server.dedicated.DedicatedServer]: [Jer_efece: Teleported netz_zk to Jer_efece]
[22:14:59] [Server thread/INFO] [net.minecraft.server.dedicated.DedicatedServer]: [Jer_efece: Teleported stph_xmx to Jer_efece]
[22:14:59] [Server thread/INFO] [net.minecraft.server.dedicated.DedicatedServer]: [Jer_efece: Teleported TTottaly_RED to Jer_efece]
[22:15:00] [Server thread/INFO] [net.minecraft.server.dedicated.DedicatedServer]: [Jer_efece: Teleported Jer_efece to Jer_efece]
[22:15:00] [Server thread/INFO] [net.minecraft.server.dedicated.DedicatedServer]: [Jer_efece: Teleported netz_zk to Jer_efece]
[22:15:00] [Server thread/INFO] [net.minecraft.server.dedicated.DedicatedServer]: [Jer_efece: Teleported stph_xmx to Jer_efece]
[22:15:00] [Server thread/INFO] [net.minecraft.server.dedicated.DedicatedServer]: [Jer_efece: Teleported TTottaly_RED to Jer_efece]
[22:15:00] [Server thread/INFO] [net.minecraft.server.dedicated.DedicatedServer]: [Jer_efece: Teleported RompOrTos to Jer_efece]
[22:15:05] [Server thread/INFO] [net.minecraft.server.dedicated.DedicatedServer]: [Jer_efece: Teleported Jer_efece to Jer_efece]
[22:15:05] [Server thread/INFO] [net.minecraft.server.dedicated.DedicatedServer]: [Jer_efece: Teleported RompOrTos to Jer_efece]
[22:15:05] [Server thread/INFO] [net.minecraft.server.dedicated.DedicatedServer]: [Jer_efece: Teleported TTottaly_RED to Jer_efece]
[22:15:05] [Server thread/INFO] [net.minecraft.server.dedicated.DedicatedServer]: [Jer_efece: Teleported netz_zk to Jer_efece]
[22:15:05] [Server thread/INFO] [net.minecraft.server.dedicated.DedicatedServer]: [Jer_efece: Teleported stph_xmx to Jer_efece]
[22:15:10] [Server thread/INFO] [net.minecraft.server.dedicated.DedicatedServer]: [@: Set stph_xmx's spawn point to (-432, 28, -119)]
[22:15:12] [Server thread/INFO] [net.minecraft.server.dedicated.DedicatedServer]: [Jer_efece: Teleported Jer_efece to Jer_efece]
[22:15:12] [Server thread/INFO] [net.minecraft.server.dedicated.DedicatedServer]: [Jer_efece: Teleported TTottaly_RED to Jer_efece]
[22:15:12] [Server thread/INFO] [net.minecraft.server.dedicated.DedicatedServer]: [Jer_efece: Teleported netz_zk to Jer_efece]
[22:15:12] [Server thread/INFO] [net.minecraft.server.dedicated.DedicatedServer]: [Jer_efece: Teleported RompOrTos to Jer_efece]
[22:15:12] [Server thread/INFO] [net.minecraft.server.dedicated.DedicatedServer]: [Jer_efece: Teleported stph_xmx to Jer_efece]
[22:15:29] [Server thread/INFO] [net.minecraft.server.dedicated.DedicatedServer]: [@: Teleported TTottaly_RED to -437.5, 28.0625, -117.5]
[22:15:31] [Server thread/INFO] [net.minecraft.server.dedicated.DedicatedServer]: [Jer_efece: Teleported Jer_efece to Jer_efece]
[22:15:31] [Server thread/INFO] [net.minecraft.server.dedicated.DedicatedServer]: [Jer_efece: Teleported stph_xmx to Jer_efece]
[22:15:31] [Server thread/INFO] [net.minecraft.server.dedicated.DedicatedServer]: [Jer_efece: Teleported RompOrTos to Jer_efece]
[22:15:31] [Server thread/INFO] [net.minecraft.server.dedicated.DedicatedServer]: [Jer_efece: Teleported netz_zk to Jer_efece]
[22:15:31] [Server thread/INFO] [net.minecraft.server.dedicated.DedicatedServer]: [Jer_efece: Teleported TTottaly_RED to Jer_efece]
[22:16:07] [Server thread/INFO] [net.minecraft.server.dedicated.DedicatedServer]: <netz_zk> fapcraft
[22:16:09] [Server thread/INFO] [net.minecraft.server.dedicated.DedicatedServer]: TTottaly_RED was slain by stph_xmx
[22:16:11] [Server thread/INFO] [net.minecraft.server.dedicated.DedicatedServer]: [RompOrTos: Set the time to 1000]
[22:16:15] [Server thread/INFO] [net.minecraft.server.dedicated.DedicatedServer]: [@: Teleported RompOrTos to -445.5, 28.0, -117.5]
[22:16:15] [Server thread/INFO] [net.minecraft.server.dedicated.DedicatedServer]: [@: Teleported stph_xmx to -431.5, 28.0625, -116.5]
[22:16:15] [Server thread/INFO] [net.minecraft.server.dedicated.DedicatedServer]: [@: Teleported netz_zk to -452.5, 28.0, -117.5]
[22:16:16] [Server thread/INFO] [net.minecraft.server.dedicated.DedicatedServer]: [@: Teleported Jer_efece to -416.5, 28.0625, -117.5]
[22:16:16] [Server thread/INFO] [net.minecraft.server.dedicated.DedicatedServer]: [@: Set TTottaly_RED's spawn point to (-438, 28, -120)]
[22:16:17] [Server thread/INFO] [net.minecraft.server.dedicated.DedicatedServer]: [@: Set stph_xmx's spawn point to (-432, 28, -119)]
[22:16:18] [Server thread/INFO] [net.minecraft.server.dedicated.DedicatedServer]: [@: Set netz_zk's spawn point to (-453, 28, -118)]
[22:16:18] [Server thread/INFO] [net.minecraft.server.dedicated.DedicatedServer]: [@: Set Jer_efece's spawn point to (-417, 28, -118)]
[22:16:19] [Server thread/INFO] [STDOUT]: [mod.lucky.drop.func.DropProcessor:processRandomDrop:122]: Chosen Lucky Block Drop: ID=bow,NBTTag=(ench=#luckyBowEnchantments,display=(Name="$9$lHero's Bow"))@luck=2
[22:16:20] [Server thread/INFO] [STDOUT]: [mod.lucky.drop.func.DropProcessor:processRandomDrop:122]: Chosen Lucky Block Drop: group:#rand(1,2):(ID=diamond_helmet,NBTTag=(ench=#luckyHelmetEnchantments,display=(Name="$9$lHero's Helmet"));ID=diamond_chestplate,NBTTag=(ench=#luckyChestplateEnchantments,display=(Name="$9$lHero's Chestplate"));ID=diamond_leggings,NBTTag=(ench=#luckyLeggingsEnchantments,display=(Name="$9$lHero's Leggings"));ID=diamond_boots,NBTTag=(ench=#luckyBootsEnchantments,display=(Name="$9$lHero's Boots")))@luck=2
[22:16:21] [Server thread/INFO] [net.minecraft.server.dedicated.DedicatedServer]: Jer_efece has made the advancement [Cover Me With Diamonds]
[22:16:21] [Server thread/INFO] [STDOUT]: [mod.lucky.drop.func.DropProcessor:processRandomDrop:122]: Chosen Lucky Block Drop: ID=end_portal_frame,amount=#rand(2,6)@luck=2
[22:16:22] [Server thread/INFO] [STDOUT]: [mod.lucky.drop.func.DropProcessor:processRandomDrop:122]: Chosen Lucky Block Drop: type=block,ID=chest,tileEntity=(Items=#customChestLootTable({"pools":[{"rolls":{"min":6,"max":12},"entries":[{"type":"item","name":"minecraft:iron_ingot","weight":1,"functions":[{"function":"set_count","count":{"min":1,"max":8}}]},{"type":"item","name":"minecraft:gold_ingot","weight":1,"functions":[{"function":"set_count","count":{"min":1,"max":4}}]},{"type":"item","name":"minecraft:diamond","weight":1,"functions":[{"function":"set_count","count":{"min":1,"max":4}}]},{"type":"item","name":"minecraft:emerald","weight":1,"functions":[{"function":"set_count","count":{"min":1,"max":4}}]},{"type":"item","name":"minecraft:dye","weight":1,"functions":[{"function":"set_data","data":4},{"function":"set_count","count":{"min":1,"max":4}}]},{"type":"item","name":"lucky:lucky_block","weight":1,"functions":[{"function":"set_data","data":0},{"function":"set_count","count":{"min":1,"max":2}}]},{"type":"item","name":"minecraft:golden_apple","weight":1,"functions":[{"function":"set_data","data":0},{"function":"set_count","count":{"min":1,"max":2}}]},{"type":"item","name":"minecraft:golden_apple","weight":1,"functions":[{"function":"set_data","data":1},{"function":"set_count","count":{"min":1,"max":2}}]}]}]}))@luck=2
[22:16:22] [Server thread/INFO] [STDOUT]: [mod.lucky.drop.func.DropProcessor:processRandomDrop:122]: Chosen Lucky Block Drop: type=entity,ID=llama,amount=8,posOffset=#circleOffset(4),NBTTag=(CustomName=#randList("$5$lLlaura","$5$lLlauretta","$5$lLlavender","$5$lLlinda","$5$lLlisa","$5$lLlouise","$5$lLlucy","$5$lLlydia"),Variant=#rand(0,3),CustomNameVisible=true)@luck=0
[22:16:22] [Server thread/INFO] [STDOUT]: [mod.lucky.drop.func.DropProcessor:processRandomDrop:122]: Chosen Lucky Block Drop: type=entity,ID=#randList(horse,skeleton_horse,zombie_horse),amount=12,posOffset=#circleOffset(4),NBTTag=(Tame=true,OwnerUUID=#pUUID)@luck=1
[22:16:23] [Server thread/INFO] [net.minecraft.server.dedicated.DedicatedServer]: [@: Set Jer_efece's spawn point to (-419, 29, -123)]
[22:16:23] [Server thread/INFO] [net.minecraft.server.dedicated.DedicatedServer]: [@: Set stph_xmx's spawn point to (-431, 28, -120)]
[22:16:24] [Server thread/INFO] [STDOUT]: [mod.lucky.drop.func.DropProcessor:processRandomDrop:122]: Chosen Lucky Block Drop: type=entity,ID=Sheep,NBTTag=(CustomName="$cM$6r. $eR$aa$2i$bn$3b$5o$dw",CustomNameVisible=true,Color=#rand(0,15)),posOffset=#circleOffset(4),amount=16@luck=1
[22:16:24] [Server thread/INFO] [STDOUT]: [mod.lucky.drop.func.DropProcessor:processRandomDrop:122]: Chosen Lucky Block Drop: type=item,ID=lucky:lucky_bow@chance=1.5@luck=2
[22:16:25] [Server thread/INFO] [STDOUT]: [mod.lucky.drop.func.DropProcessor:processRandomDrop:122]: Chosen Lucky Block Drop: ID=dropper,amount=8@luck=0
[22:16:25] [Server thread/INFO] [net.minecraft.server.dedicated.DedicatedServer]: [@: Set netz_zk's spawn point to (-453, 29, -139)]
[22:16:26] [Server thread/INFO] [STDOUT]: [mod.lucky.drop.func.DropProcessor:processRandomDrop:122]: Chosen Lucky Block Drop: group(type=difficulty,ID=hard;type=entity,ID=Creeper;type=entity,ID=LightningBolt)@luck=-2
[22:16:26] [Server thread/INFO] [STDOUT]: [mod.lucky.drop.func.DropProcessor:processRandomDrop:122]: Chosen Lucky Block Drop: ID=end_portal_frame,amount=#rand(2,6)@luck=2
[22:16:27] [Server thread/INFO] [STDOUT]: [mod.lucky.drop.func.DropProcessor:processRandomDrop:122]: Chosen Lucky Block Drop: type=entity,ID=xp_bottle,NBTTag=(Motion=#randLaunchMotion),amount=#rand(16,32)@luck=2
[22:16:29] [Server thread/INFO] [STDOUT]: [mod.lucky.drop.func.DropProcessor:processRandomDrop:122]: Chosen Lucky Block Drop: group(type=fill,ID=air,size=(1,51,1);group(NBTTag=(Block=stained_hardened_clay,Data=14),posY=#bPosY+5;NBTTag=(Block=stained_hardened_clay,Data=1),posY=#bPosY+10;NBTTag=(Block=stained_hardened_clay,Data=4),posY=#bPosY+15;NBTTag=(Block=stained_hardened_clay,Data=5),posY=#bPosY+20;NBTTag=(Block=stained_hardened_clay,Data=3),posY=#bPosY+25;NBTTag=(Block=stained_hardened_clay,Data=11),posY=#bPosY+30;NBTTag=(Block=stained_hardened_clay,Data=10),posY=#bPosY+35;NBTTag=(Block=stained_hardened_clay,Data=2),posY=#bPosY+40;NBTTag=(Block=stained_hardened_clay,Data=6),posY=#bPosY+45),type=entity,ID=falling_block;type=entity,ID=falling_block,NBTTag=(Block=diamond_block),posY=#bPosY+50;type=entity,ID=LightningBolt,posY=#bPosY+10,delay=5.3)@luck=2
[22:16:30] [Server thread/INFO] [net.minecraft.server.dedicated.DedicatedServer]: stph_xmx has made the advancement [Acquire Hardware]
[22:16:30] [Server thread/INFO] [net.minecraft.server.dedicated.DedicatedServer]: stph_xmx has made the advancement [Diamonds!]
[22:16:30] [Server thread/INFO] [STDOUT]: [mod.lucky.drop.func.DropProcessor:processRandomDrop:122]: Chosen Lucky Block Drop: group(type=structure,ID=wishing_well;type=message,ID="A wishing well? Maybe you should throw in a coin...";type=command,ID="/give #pName gold_nugget 1 0 {display:{Name:\"$6Coin\"}}";type=block,ID=lucky:lucky_block,posY=#bPosY-3,NBTTag=(Drops=["group(type=message,ID=\"$bYour wish came true!\";type=block,ID=air,posY='#'bPosY+3;type=block,ID=beacon,posY='#'bPosY+2;type=entity,ID=fireworks_rocket,NBTTag=(LifeTime=20,FireworksItem=(id=fireworks,Count=1,tag='#'randFireworksRocket)),amount=20,posY='#'bPosY+3,posOffset='#'circleOffset(2);ID=gold_ingot,amount=#rand(20,30),posY='#'bPosY+10,posOffset='#'circleOffset(2);ID=diamond,amount=#rand(20,30),posY='#'bPosY+10,posOffset='#'circleOffset(2);ID=emerald,amount=#rand(20,30),posY='#'bPosY+10,posOffset='#'circleOffset(2);ID=dye,damage=4,amount=#rand(20,30),posY='#'bPosY+10,posOffset='#'circleOffset(2))"]))@luck=2
[22:16:30] [Server thread/INFO] [net.minecraft.server.dedicated.DedicatedServer]: [@: Given [Coin] * 1 to RompOrTos]
[22:16:32] [Server thread/INFO] [net.minecraft.server.dedicated.DedicatedServer]: [@: Set stph_xmx's spawn point to (-431, 29, -121)]
[22:16:32] [Server thread/INFO] [net.minecraft.server.dedicated.DedicatedServer]: [@: Set stph_xmx's spawn point to (-432, 28, -119)]
[22:16:33] [Server thread/INFO] [net.minecraft.server.dedicated.DedicatedServer]: [@: Set netz_zk's spawn point to (-454, 29, -143)]
[22:16:34] [Server thread/INFO] [net.minecraft.server.dedicated.DedicatedServer]: [@: Set stph_xmx's spawn point to (-431, 28, -118)]
[22:16:34] [Server thread/INFO] [net.minecraft.server.dedicated.DedicatedServer]: [@: Set TTottaly_RED's spawn point to (-447, 29, -140)]
[22:16:34] [Server thread/INFO] [STDOUT]: [mod.lucky.drop.func.DropProcessor:processRandomDrop:135]: Chosen Lucky Block Drop: group(type=message,ID="Your wish came true!";type=block,ID=air,posY=#bPosY+3;type=block,ID=beacon,posY=#bPosY+2;type=entity,ID=fireworks_rocket,NBTTag=(LifeTime=20,FireworksItem=(id=fireworks,Count=1,tag=#randFireworksRocket)),amount=20,posY=#bPosY+3,posOffset=#circleOffset(2);ID=gold_ingot,amount=#rand(20,30),posY=#bPosY+10,posOffset=#circleOffset(2);ID=diamond,amount=#rand(20,30),posY=#bPosY+10,posOffset=#circleOffset(2);ID=emerald,amount=#rand(20,30),posY=#bPosY+10,posOffset=#circleOffset(2);ID=dye,damage=4,amount=#rand(20,30),posY=#bPosY+10,posOffset=#circleOffset(2))
[22:16:34] [Server thread/INFO] [net.minecraft.server.dedicated.DedicatedServer]: netz_zk has made the advancement [Bring Home the Beacon]
[22:16:34] [Server thread/INFO] [net.minecraft.server.dedicated.DedicatedServer]: RompOrTos has made the advancement [Bring Home the Beacon]
[22:16:34] [Server thread/INFO] [net.minecraft.server.dedicated.DedicatedServer]: TTottaly_RED has made the advancement [Bring Home the Beacon]
[22:16:35] [Server thread/INFO] [STDOUT]: [mod.lucky.drop.func.DropProcessor:processRandomDrop:122]: Chosen Lucky Block Drop: type=entity,ID=xp_bottle,NBTTag=(Motion=#randLaunchMotion),amount=#rand(16,32)@luck=2
[22:16:35] [Server thread/INFO] [net.minecraft.server.dedicated.DedicatedServer]: [@: Set stph_xmx's spawn point to (-432, 28, -120)]
[22:16:35] [Server thread/INFO] [net.minecraft.server.dedicated.DedicatedServer]: TTottaly_RED has made the advancement [Diamonds!]
[22:16:35] [Server thread/INFO] [net.minecraft.server.dedicated.DedicatedServer]: [@: Set stph_xmx's spawn point to (-432, 28, -119)]
[22:16:35] [Server thread/INFO] [net.minecraft.server.dedicated.DedicatedServer]: RompOrTos has made the advancement [Diamonds!]
[22:16:36] [Server thread/INFO] [STDOUT]: [mod.lucky.drop.func.DropProcessor:processRandomDrop:122]: Chosen Lucky Block Drop: group(ID=golden_helmet;ID=golden_chestplate;ID=golden_leggings;ID=golden_boots;ID=golden_horse_armor)@luck=1
[22:16:37] [Server thread/INFO] [net.minecraft.server.dedicated.DedicatedServer]: [@: Set stph_xmx's spawn point to (-431, 28, -118)]
[22:16:37] [Server thread/INFO] [net.minecraft.server.dedicated.DedicatedServer]: [@: Set netz_zk's spawn point to (-448, 30, -137)]
[22:16:37] [Server thread/INFO] [net.minecraft.server.dedicated.DedicatedServer]: netz_zk has made the advancement [Diamonds!]
[22:16:37] [Server thread/INFO] [net.minecraft.server.dedicated.DedicatedServer]: TTottaly_RED has made the advancement [Monster Hunter]
[22:16:38] [Server thread/INFO] [net.minecraft.server.dedicated.DedicatedServer]: [@: Set stph_xmx's spawn point to (-433, 28, -119)]
[22:16:40] [Server thread/INFO] [net.minecraft.server.dedicated.DedicatedServer]: [@: Set Jer_efece's spawn point to (-418, 29, -139)]
[22:16:40] [Server thread/INFO] [STDOUT]: [mod.lucky.drop.func.DropProcessor:processRandomDrop:122]: Chosen Lucky Block Drop: type=structure,ID=water_trap,pos=#pPos@luck=-2
[22:16:40] [Server thread/INFO] [STDOUT]: [mod.lucky.drop.func.DropProcessor:processRandomDrop:122]: Chosen Lucky Block Drop: group(type=difficulty,ID=hard;type=entity,ID=Giant)@luck=-2
[22:16:41] [Server thread/INFO] [STDOUT]: [mod.lucky.drop.func.DropProcessor:processRandomDrop:122]: Chosen Lucky Block Drop: ID=skull,damage=#rand(0,4),amount=#rand(1,3)@luck=0
[22:16:41] [Server thread/INFO] [net.minecraft.server.dedicated.DedicatedServer]: [@: Set Jer_efece's spawn point to (-418, 29, -141)]
[22:16:41] [Server thread/INFO] [net.minecraft.server.dedicated.DedicatedServer]: TTottaly_RED has made the advancement [Spooky Scary Skeleton]
[22:16:41] [Server thread/INFO] [STDOUT]: [mod.lucky.drop.func.DropProcessor:processRandomDrop:122]: Chosen Lucky Block Drop: group(ID=ender_pearl,amount=10;ID=ender_eye,amount=5)@luck=2
[22:16:43] [Server thread/INFO] [STDOUT]: [mod.lucky.drop.func.DropProcessor:processRandomDrop:122]: Chosen Lucky Block Drop: ID=bow,NBTTag=(ench=#luckyBowEnchantments,display=(Name="$9$lHero's Bow"))@luck=2
[22:16:44] [Server thread/INFO] [STDOUT]: [mod.lucky.drop.func.DropProcessor:processRandomDrop:122]: Chosen Lucky Block Drop: group(type=difficulty,ID=hard;type=entity,ID=Witch;type=entity,ID=Bat,posY=#bPosY+#rand(0,2),posOffset=#circleOffset(0,1),amount=64)@luck=-1
[22:16:45] [Server thread/INFO] [net.minecraft.server.dedicated.DedicatedServer]: [@: Set TTottaly_RED's spawn point to (-439, 29, -140)]
[22:16:46] [Server thread/INFO] [STDOUT]: [mod.lucky.drop.func.DropProcessor:processRandomDrop:122]: Chosen Lucky Block Drop: ID=diamond_sword,NBTTag=(ench=#luckySwordEnchantments,display=(Name="$9$lHero's Sword"))@luck=2
[22:16:47] [Server thread/INFO] [net.minecraft.server.dedicated.DedicatedServer]: [@: Set TTottaly_RED's spawn point to (-439, 29, -143)]
[22:16:51] [Server thread/INFO] [net.minecraft.server.dedicated.DedicatedServer]: netz_zk fell out of the world
[22:16:54] [Server thread/INFO] [STDOUT]: [mod.lucky.drop.func.DropProcessor:processRandomDrop:122]: Chosen Lucky Block Drop: group(ID=dispenser,amount=2;ID=noteblock,amount=1;ID=sticky_piston,amount=4;ID=piston,amount=4;ID=tnt,amount=6;ID=lever,amount=2;ID=stone_pressure_plate,amount=2;ID=wooden_pressure_plate,amount=2;ID=redstone_torch,amount=8;ID=stone_button,amount=2;ID=trapdoor,amount=2;ID=iron_trapdoor,amount=2;ID=fence_gate,amount=1;ID=redstone_lamp,amount=4;ID=tripwire_hook,amount=2;ID=wooden_button,amount=2;ID=light_weighted_pressure_plate,amount=1;ID=heavy_weighted_pressure_plate,amount=1;ID=daylight_detector,amount=1;ID=hopper,amount=4;ID=dropper,amount=#rand(2,4);ID=wooden_door,amount=1;ID=iron_door,amount=1;ID=redstone,amount=#rand(32,64);ID=repeater,amount=8;ID=comparator,amount=2;type=particle,ID=splashpotion,potion="healing")@luck=2
[22:16:54] [Server thread/INFO] [net.minecraft.server.dedicated.DedicatedServer]: Jer_efece fell out of the world
[22:16:54] [Server thread/INFO] [net.minecraft.server.dedicated.DedicatedServer]: [@: Set RompOrTos's spawn point to (-447, 29, -141)]
[22:16:56] [Server thread/INFO] [net.minecraft.server.dedicated.DedicatedServer]: [@: Set netz_zk's spawn point to (-453, 29, -141)]
[22:16:57] [Server thread/INFO] [STDOUT]: [mod.lucky.drop.func.DropProcessor:processRandomDrop:122]: Chosen Lucky Block Drop: ID=diamond_sword,NBTTag=(ench=#luckySwordEnchantments,display=(Name="$9$lHero's Sword"))@luck=2
[22:17:02] [Server thread/INFO] [net.minecraft.server.dedicated.DedicatedServer]: [@: Set stph_xmx's spawn point to (-432, 29, -137)]
[22:17:06] [Server thread/INFO] [STDOUT]: [mod.lucky.drop.func.DropProcessor:processRandomDrop:122]: Chosen Lucky Block Drop: group:#rand(2,3):(ID=iron_shovel;ID=iron_pickaxe;ID=iron_axe;ID=iron_sword;ID=iron_hoe)@luck=1
[22:17:06] [Server thread/INFO] [net.minecraft.server.dedicated.DedicatedServer]: netz_zk fell out of the world
[22:17:07] [Server thread/INFO] [net.minecraft.server.dedicated.DedicatedServer]: RompOrTos has made the advancement [Isn't It Iron Pick]
[22:17:07] [Server thread/INFO] [net.minecraft.server.dedicated.DedicatedServer]: RompOrTos drowned
[22:17:08] [Server thread/INFO] [net.minecraft.server.dedicated.DedicatedServer]: [@: Set netz_zk's spawn point to (-453, 29, -141)]
[22:17:10] [Server thread/INFO] [net.minecraft.server.dedicated.DedicatedServer]: [@: Set stph_xmx's spawn point to (-431, 29, -141)]
[22:17:12] [Server thread/INFO] [net.minecraft.server.dedicated.DedicatedServer]: [@: Set stph_xmx's spawn point to (-437, 30, -134)]
[22:17:12] [Server thread/INFO] [net.minecraft.server.dedicated.DedicatedServer]: [@: Teleported RompOrTos to -445.5, 28.0, -117.5]
[22:17:13] [Server thread/INFO] [STDOUT]: [mod.lucky.drop.func.DropProcessor:processRandomDrop:122]: Chosen Lucky Block Drop: group:1:(group(ID=porkchop,amount=#rand(8,16);ID=cooked_porkchop,amount=#rand(4,8));group(ID=fish,amount=#rand(8,16);ID=cooked_fish,amount=#rand(4,8));group(ID=beef,amount=#rand(8,16);ID=cooked_beef,amount=#rand(4,8));group(ID=chicken,amount=#rand(8,16);ID=cooked_chicken,amount=#rand(4,8));group(ID=mutton,amount=#rand(8,16);ID=cooked_mutton,amount=#rand(4,8));group(ID=rabbit,amount=#rand(8,16);ID=cooked_rabbit,amount=#rand(4,8)))@luck=1
[22:17:13] [Server thread/INFO] [net.minecraft.server.dedicated.DedicatedServer]: [@: Set Jer_efece's spawn point to (-418, 33, -174)]
[22:17:14] [Server thread/INFO] [net.minecraft.server.dedicated.DedicatedServer]: [@: Set RompOrTos's spawn point to (-447, 28, -119)]
[22:17:16] [Server thread/INFO] [STDOUT]: [mod.lucky.drop.func.DropProcessor:processRandomDrop:122]: Chosen Lucky Block Drop: type=structure,ID=lucky_temple,pos=#pPos@chance=0.4@luck=2
[22:17:17] [Server thread/INFO] [net.minecraft.server.dedicated.DedicatedServer]: [@: Set stph_xmx's spawn point to (-442, 31, -123)]
[22:17:17] [Server thread/INFO] [net.minecraft.server.dedicated.DedicatedServer]: [@: Set stph_xmx's spawn point to (-443, 30, -122)]
[22:17:18] [Server thread/INFO] [STDOUT]: [mod.lucky.drop.func.DropProcessor:processRandomDrop:122]: Chosen Lucky Block Drop: group:#rand(2,3):(ID=iron_helmet;ID=iron_chestplate;ID=iron_leggings;ID=iron_boots;ID=iron_horse_armor)@luck=1
[22:17:19] [Server thread/INFO] [net.minecraft.server.dedicated.DedicatedServer]: [@: Set stph_xmx's spawn point to (-443, 31, -123)]
[22:17:19] [Server thread/INFO] [net.minecraft.server.dedicated.DedicatedServer]: Jer_efece has made the advancement [Suit Up]
[22:17:20] [Server thread/INFO] [net.minecraft.server.dedicated.DedicatedServer]: [@: Set stph_xmx's spawn point to (-445, 30, -120)]
[22:17:20] [Server thread/INFO] [STDOUT]: [mod.lucky.drop.func.DropProcessor:processRandomDrop:122]: Chosen Lucky Block Drop: group(type=entity,ID=Rabbit,amount=#rand(5,10),posOffset=#circleOffset(3),NBTTag=(RabbitType=#rand(0,5),OwnerUUID=#pUUID,Sitting=1);type=particle,ID="heart",size=(2,0,2),particleAmount=20)@luck=1
[22:17:21] [Server thread/INFO] [net.minecraft.server.dedicated.DedicatedServer]: [@: Set stph_xmx's spawn point to (-446, 28, -119)]
[22:17:21] [Server thread/INFO] [STDOUT]: [mod.lucky.drop.func.DropProcessor:processRandomDrop:122]: Chosen Lucky Block Drop: ID=beacon@luck=2
[22:17:21] [Server thread/INFO] [net.minecraft.server.dedicated.DedicatedServer]: [@: Set RompOrTos's spawn point to (-446, 29, -149)]
[22:17:21] [Server thread/INFO] [STDOUT]: [mod.lucky.drop.func.DropProcessor:processRandomDrop:122]: Chosen Lucky Block Drop: type=structure,ID=giant_lucky_block_good,rotation=#pDirect@luck=2
[22:17:22] [Server thread/INFO] [net.minecraft.server.dedicated.DedicatedServer]: [@: Set stph_xmx's spawn point to (-446, 28, -120)]
[22:17:22] [Server thread/INFO] [net.minecraft.server.dedicated.DedicatedServer]: stph_xmx has made the advancement [Monster Hunter]
[22:17:22] [Server thread/INFO] [STDOUT]: [mod.lucky.drop.func.DropProcessor:processRandomDrop:122]: Chosen Lucky Block Drop: ID=end_portal_frame,amount=#rand(2,6)@luck=2
[22:17:24] [Server thread/INFO] [STDOUT]: [mod.lucky.drop.func.DropProcessor:processRandomDrop:122]: Chosen Lucky Block Drop: type=block,ID=chest,tileEntity=(Items=#chestLootTable("chests/simple_dungeon"))@luck=1
[22:17:24] [Server thread/INFO] [STDOUT]: [mod.lucky.drop.func.DropProcessor:processRandomDrop:122]: Chosen Lucky Block Drop: group:#rand(1,2):(ID=diamond_helmet,NBTTag=(ench=#luckyHelmetEnchantments,display=(Name="$9$lHero's Helmet"));ID=diamond_chestplate,NBTTag=(ench=#luckyChestplateEnchantments,display=(Name="$9$lHero's Chestplate"));ID=diamond_leggings,NBTTag=(ench=#luckyLeggingsEnchantments,display=(Name="$9$lHero's Leggings"));ID=diamond_boots,NBTTag=(ench=#luckyBootsEnchantments,display=(Name="$9$lHero's Boots")))@luck=2
[22:17:25] [Server thread/INFO] [STDOUT]: [mod.lucky.drop.func.DropProcessor:processRandomDrop:122]: Chosen Lucky Block Drop: ID=diamond_sword,NBTTag=(ench=#luckySwordEnchantments,display=(Name="$9$lHero's Sword"))@luck=2
[22:17:26] [Server thread/INFO] [STDOUT]: [mod.lucky.drop.func.DropProcessor:processRandomDrop:122]: Chosen Lucky Block Drop: group:#rand(1,2):(ID=diamond_shovel,NBTTag=(ench=#luckyToolEnchantments,display=(Name="$9$lHero's Shovel"));ID=diamond_pickaxe,NBTTag=(ench=#luckyToolEnchantments,display=(Name="$9$lHero's Pickaxe"));ID=diamond_axe,NBTTag=(ench=#luckyAxeEnchantments,display=(Name="$9$lHero's Axe"));ID=diamond_hoe,NBTTag=(ench=#luckyToolEnchantments,display=(Name="$9$lHero's Hoe")))@luck=2
[22:17:27] [Server thread/INFO] [net.minecraft.server.dedicated.DedicatedServer]: RompOrTos fell out of the world
[22:17:27] [Server thread/INFO] [net.minecraft.server.dedicated.DedicatedServer]: [@: Set netz_zk's spawn point to (-447, 33, -174)]
[22:17:27] [Server thread/INFO] [STDOUT]: [mod.lucky.drop.func.DropProcessor:processRandomDrop:122]: Chosen Lucky Block Drop: group(ID=golden_apple,amount=#rand(2,4);ID=golden_apple,amount=#rand(1,2),damage=1)@luck=2
[22:17:29] [Server thread/INFO] [STDOUT]: [mod.lucky.drop.func.DropProcessor:processRandomDrop:135]: Chosen Lucky Block Drop: group(group(ID=giant_block_break_stage_1;ID=giant_block_break_stage_2,delay=1;ID=giant_block_break_stage_3,delay=2;ID=giant_block_break_stage_4,delay=3;ID=giant_block_break_stage_5,delay=4),type=structure,pos=(-452.5,33.0,-171.5),rotation=0;type=fill,ID=air,pos=(-457,33,-179),pos2=(-450,40,-172),delay=5;type=entity,ID=fireworks_rocket,pos=(-453,37,-175),posOffset=(#rand(-4,4),#rand(-4,4),#rand(-4,4)),amount=50,NBTTag=(LifeTime=5,FireworksItem=(id=fireworks,Count=1,tag=#randFireworksRocket)),delay=5;group(ID=iron_ingot;ID=gold_ingot;ID=diamond;ID=emerald),pos=(-453,37,-175),amount=#rand(16,24),delay=5)
[22:17:31] [Server thread/INFO] [STDOUT]: [mod.lucky.drop.func.DropProcessor:processRandomDrop:122]: Chosen Lucky Block Drop: group:#rand(2,3):(ID=iron_shovel;ID=iron_pickaxe;ID=iron_axe;ID=iron_sword;ID=iron_hoe)@luck=1
[22:17:31] [Server thread/INFO] [net.minecraft.server.dedicated.DedicatedServer]: [@: Set TTottaly_RED's spawn point to (-438, 33, -175)]
[22:17:31] [Server thread/INFO] [net.minecraft.server.dedicated.DedicatedServer]: [@: Teleported RompOrTos to -445.5, 28.0, -117.5]
[22:17:32] [Server thread/INFO] [net.minecraft.server.dedicated.DedicatedServer]: [@: Set RompOrTos's spawn point to (-446, 28, -118)]
[22:17:35] [Server thread/INFO] [net.minecraft.server.dedicated.DedicatedServer]: netz_zk has made the advancement [Acquire Hardware]
[22:17:35] [Server thread/INFO] [net.minecraft.server.dedicated.DedicatedServer]: [@: Set TTottaly_RED's spawn point to (-431, 33, -175)]
[22:17:36] [Server thread/INFO] [STDOUT]: [mod.lucky.drop.func.DropProcessor:processRandomDrop:122]: Chosen Lucky Block Drop: group(ID=bookshelf,amount=#rand(6,12);ID=book,amount=#rand(8,16))@luck=0
[22:17:37] [Server thread/INFO] [STDOUT]: [mod.lucky.drop.func.DropProcessor:processRandomDrop:122]: Chosen Lucky Block Drop: group(type=fill,ID=air,size=(1,8,1);type=entity,ID=falling_block,posY=#bPosY+7,NBTTag=(Block=iron_block);type=particle,ID=largesmoke,size=(1,2,1),particleAmount=500;type=sound,ID=block.fire.extinguish)@luck=0
[22:17:38] [Server thread/INFO] [STDOUT]: [mod.lucky.drop.func.DropProcessor:processRandomDrop:122]: Chosen Lucky Block Drop: group(type=entity,ID=Rabbit,amount=#rand(5,10),posOffset=#circleOffset(3),NBTTag=(RabbitType=#rand(0,5),OwnerUUID=#pUUID,Sitting=1);type=particle,ID="heart",size=(2,0,2),particleAmount=20)@luck=1
[22:17:39] [Server thread/INFO] [STDOUT]: [mod.lucky.drop.func.DropProcessor:processRandomDrop:122]: Chosen Lucky Block Drop: group(type=entity,ID=Rabbit,amount=#rand(5,10),posOffset=#circleOffset(3),NBTTag=(RabbitType=#rand(0,5),OwnerUUID=#pUUID,Sitting=1);type=particle,ID="heart",size=(2,0,2),particleAmount=20)@luck=1
[22:17:40] [Server thread/INFO] [STDOUT]: [mod.lucky.drop.func.DropProcessor:processRandomDrop:122]: Chosen Lucky Block Drop: type=structure,ID=anvil_trap,pos=#pPos,rotation=#pDirect@luck=-2
[22:17:41] [Server thread/INFO] [net.minecraft.server.dedicated.DedicatedServer]: [@: Set RompOrTos's spawn point to (-446, 30, -149)]
[22:17:43] [Server thread/INFO] [net.minecraft.server.dedicated.DedicatedServer]: TTottaly_RED was squashed by a falling anvil
[22:17:43] [Server thread/INFO] [net.minecraft.server.dedicated.DedicatedServer]: stph_xmx fell out of the world
[22:17:45] [Server thread/INFO] [STDOUT]: [mod.lucky.drop.func.DropProcessor:processRandomDrop:122]: Chosen Lucky Block Drop: group(type=difficulty,ID=hard;type=entity,ID=Rabbit,NBTTag=(RabbitType=99))@luck=-1
[22:17:45] [Server thread/INFO] [net.minecraft.server.dedicated.DedicatedServer]: [@: Set RompOrTos's spawn point to (-447, 31, -150)]
[22:17:45] [Server thread/INFO] [net.minecraft.server.dedicated.DedicatedServer]: [@: Set stph_xmx's spawn point to (-446, 28, -120)]
[22:17:47] [Server thread/INFO] [STDOUT]: [mod.lucky.drop.func.DropProcessor:processRandomDrop:122]: Chosen Lucky Block Drop: ID=fishing_rod,NBTTag=(ench=#luckyFishingRodEnchantments,display=(Name="$9$lHero's Fishing Rod"))@luck=2
[22:17:49] [Server thread/INFO] [STDOUT]: [mod.lucky.drop.func.DropProcessor:processRandomDrop:122]: Chosen Lucky Block Drop: ID=painting,amount=4@luck=0
[22:17:49] [Server thread/INFO] [STDOUT]: [mod.lucky.drop.func.DropProcessor:processRandomDrop:122]: Chosen Lucky Block Drop: ID=dropper,amount=8@luck=0
[22:17:51] [Server thread/INFO] [STDOUT]: [mod.lucky.drop.func.DropProcessor:processRandomDrop:122]: Chosen Lucky Block Drop: group(type=difficulty,ID=hard;type=entity,ID=Giant)@luck=-2
[22:17:53] [Server thread/INFO] [STDOUT]: [mod.lucky.drop.func.DropProcessor:processRandomDrop:122]: Chosen Lucky Block Drop: ID=hay_block,amount=8@luck=0
[22:17:55] [Server thread/INFO] [net.minecraft.server.dedicated.DedicatedServer]: [@: Set TTottaly_RED's spawn point to (-440, 33, -175)]
[22:17:55] [Server thread/INFO] [STDOUT]: [mod.lucky.drop.func.DropProcessor:processRandomDrop:122]: Chosen Lucky Block Drop: group(type=difficulty,ID=hard;type=entity,ID=Rabbit,NBTTag=(RabbitType=99))@luck=-1
[22:17:56] [Server thread/INFO] [net.minecraft.server.dedicated.DedicatedServer]: RompOrTos fell out of the world
[22:17:58] [Server thread/INFO] [net.minecraft.server.dedicated.DedicatedServer]: netz_zk was slain by The Killer Bunny
[22:18:00] [Server thread/INFO] [STDOUT]: [mod.lucky.drop.func.DropProcessor:processRandomDrop:122]: Chosen Lucky Block Drop: group:#rand(1,2):(ID=diamond_sword;ID=diamond_shovel;ID=diamond_pickaxe;ID=diamond_axe;ID=diamond_hoe)@luck=2
[22:18:00] [Server thread/INFO] [net.minecraft.server.dedicated.DedicatedServer]: [@: Set stph_xmx's spawn point to (-438, 31, -149)]
[22:18:00] [Server thread/INFO] [net.minecraft.server.dedicated.DedicatedServer]: [@: Set TTottaly_RED's spawn point to (-438, 33, -176)]
[22:18:00] [Server thread/INFO] [net.minecraft.server.dedicated.DedicatedServer]: [@: Teleported RompOrTos to -445.5, 28.0, -117.5]
[22:18:02] [Server thread/INFO] [net.minecraft.server.dedicated.DedicatedServer]: [@: Set RompOrTos's spawn point to (-447, 28, -118)]
[22:18:02] [Server thread/INFO] [STDOUT]: [mod.lucky.drop.func.DropProcessor:processRandomDrop:122]: Chosen Lucky Block Drop: group(type=difficulty,ID=hard;type=entity,ID=Bat,NBTTag=(Silent=true,ActiveEffects=[(Id=14,Duration=100000,Amplifier=1,ShowParticles=false)],Passengers=[(id=skeleton_horse,Tame=true,Type=4,Passengers=[(id=Skeleton,HandItems=[(id=bow,Count=1,tag=(ench=#luckyBowEnchantments))],ArmorItems=[(id=chainmail_boots,Count=1,tag=(ench=#luckyBootsEnchantments)),(id=chainmail_leggings,Count=1,tag=(ench=#luckyLeggingsEnchantments)),(id=chainmail_chestplate,Count=1,tag=(ench=#luckyChestplateEnchantments)),(id=chainmail_helmet,Count=1,tag=(ench=#luckyHelmetEnchantments))],HandDropChances=[0.5f,0f],ArmorDropChances=[0.3f,0.3f,0.3f,0.3f],CustomName="$7$lGhostly Horseman",CustomNameVisible=true)])]))@luck=-2
[22:18:04] [Server thread/INFO] [STDOUT]: [mod.lucky.drop.func.DropProcessor:processRandomDrop:122]: Chosen Lucky Block Drop: type=structure,ID=anvil_trap,pos=#pPos,rotation=#pDirect@luck=-2
[22:18:05] [Server thread/INFO] [net.minecraft.server.dedicated.DedicatedServer]: stph_xmx fell out of the world
[22:18:07] [Server thread/INFO] [net.minecraft.server.dedicated.DedicatedServer]: [@: Set RompOrTos's spawn point to (-447, 30, -145)]
[22:18:07] [Server thread/INFO] [STDOUT]: [mod.lucky.drop.func.DropProcessor:processRandomDrop:122]: Chosen Lucky Block Drop: group(ID=stone_sword;ID=stone_shovel;ID=stone_pickaxe;ID=stone_axe;ID=stone_hoe)@luck=0
[22:18:07] [Server thread/INFO] [net.minecraft.server.dedicated.DedicatedServer]: Jer_efece was squashed by a falling anvil
[22:18:08] [Server thread/INFO] [net.minecraft.server.dedicated.DedicatedServer]: TTottaly_RED has made the advancement [Getting an Upgrade]
[22:18:10] [Server thread/INFO] [net.minecraft.server.dedicated.DedicatedServer]: netz_zk was slain by The Killer Bunny
[22:18:12] [Server thread/INFO] [net.minecraft.server.dedicated.DedicatedServer]: stph_xmx fell out of the world
[22:18:14] [Server thread/INFO] [STDOUT]: [mod.lucky.drop.func.DropProcessor:processRandomDrop:122]: Chosen Lucky Block Drop: group(ID=wooden_sword;type=difficulty,ID=hard;type=time,ID=18750;type=effect,ID=slowness,duration=30,amplifier=4;type=effect,ID=blindness,duration=30;group:1:(type=entity,ID=Zombie,amount=#rand(20,50);type=entity,ID=Creeper,amount=#rand(10,30);group(type=entity,ID=Spider,amount=#rand(15,45);type=entity,ID=CaveSpider,amount=#rand(5,10));group(type=entity,ID=Silverfish,amount=#rand(15,45);type=entity,ID=Endermite,amount=#rand(5,10));type=entity,ID=Guardian,amount=#rand(10,30);group(type=entity,ID=Zombie,amount=#rand(20,50);type=entity,ID=Creeper,amount=#rand(10,30);group(type=entity,ID=Spider,amount=#rand(15,45);type=entity,ID=CaveSpider,amount=#rand(5,10);type=entity,ID=Silverfish,amount=#rand(15,45);type=entity,ID=Endermite,amount=#rand(5,10);type=entity,ID=Guardian,amount=#rand(10,30)))),posOffset=#circleOffset(8,10))@luck=-2
[22:18:14] [Server thread/WARN] [net.minecraft.entity.EntityList]: Skipping Entity with id minecraft:cavespider
[22:18:14] [Server thread/WARN] [net.minecraft.entity.EntityList]: Skipping Entity with id minecraft:cavespider
[22:18:14] [Server thread/WARN] [net.minecraft.entity.EntityList]: Skipping Entity with id minecraft:cavespider
[22:18:14] [Server thread/WARN] [net.minecraft.entity.EntityList]: Skipping Entity with id minecraft:cavespider
[22:18:14] [Server thread/WARN] [net.minecraft.entity.EntityList]: Skipping Entity with id minecraft:cavespider
[22:18:14] [Server thread/WARN] [net.minecraft.entity.EntityList]: Skipping Entity with id minecraft:cavespider
[22:18:14] [Server thread/WARN] [net.minecraft.entity.EntityList]: Skipping Entity with id minecraft:cavespider
[22:18:14] [Server thread/WARN] [net.minecraft.entity.EntityList]: Skipping Entity with id minecraft:cavespider
[22:18:16] [Server thread/INFO] [STDOUT]: [mod.lucky.drop.func.DropProcessor:processRandomDrop:122]: Chosen Lucky Block Drop: ID=hay_block,amount=8@luck=0
[22:18:18] [Server thread/INFO] [STDOUT]: [mod.lucky.drop.func.DropProcessor:processRandomDrop:122]: Chosen Lucky Block Drop: ID=obsidian,amount=14@luck=1
[22:18:19] [Server thread/INFO] [net.minecraft.server.dedicated.DedicatedServer]: stph_xmx fell out of the world
[22:18:19] [Server thread/INFO] [net.minecraft.server.dedicated.DedicatedServer]: Jer_efece has made the advancement [Ice Bucket Challenge]
[22:18:20] [Server thread/INFO] [STDOUT]: [mod.lucky.drop.func.DropProcessor:processRandomDrop:122]: Chosen Lucky Block Drop: group(ID=red_flower,damage=#rand(0,8),amount=64)@luck=0
[22:18:20] [Server thread/INFO] [STDOUT]: [mod.lucky.drop.func.DropProcessor:processRandomDrop:122]: Chosen Lucky Block Drop: ID=red_flower,NBTTag=(display=(Name="$cRomantic Rose"))@luck=-1
[22:18:20] [Server thread/INFO] [net.minecraft.server.dedicated.DedicatedServer]: [@: Set Jer_efece's spawn point to (-418, 33, -223)]
[22:18:22] [Server thread/INFO] [STDOUT]: [mod.lucky.drop.func.DropProcessor:processRandomDrop:122]: Chosen Lucky Block Drop: group(type=entity,ID=Rabbit,amount=#rand(5,10),posOffset=#circleOffset(3),NBTTag=(RabbitType=#rand(0,5),OwnerUUID=#pUUID,Sitting=1);type=particle,ID="heart",size=(2,0,2),particleAmount=20)@luck=1
[22:18:22] [Server thread/INFO] [net.minecraft.server.dedicated.DedicatedServer]: [@: Set netz_zk's spawn point to (-453, 33, -219)]
[22:18:23] [Server thread/INFO] [STDOUT]: [mod.lucky.drop.func.DropProcessor:processRandomDrop:122]: Chosen Lucky Block Drop: group(ID=fishing_rod;ID=349,damage=#rand(0,3),amount=#rand(10,20))@luck=1
[22:18:24] [Server thread/INFO] [net.minecraft.server.dedicated.DedicatedServer]: TTottaly_RED was slain by Spider
[22:18:25] [Server thread/INFO] [net.minecraft.server.dedicated.DedicatedServer]: [@: Set RompOrTos's spawn point to (-447, 32, -150)]
[22:18:26] [Server thread/INFO] [net.minecraft.server.dedicated.DedicatedServer]: stph_xmx fell out of the world
[22:18:28] [Server thread/INFO] [net.minecraft.server.dedicated.DedicatedServer]: Jer_efece fell from a high place
[22:18:28] [Server thread/INFO] [net.minecraft.server.dedicated.DedicatedServer]: [@: Set netz_zk's spawn point to (-453, 33, -226)]
[22:18:29] [Server thread/INFO] [net.minecraft.server.dedicated.DedicatedServer]: [@: Set Jer_efece's spawn point to (-418, 33, -223)]
[22:18:31] [Server thread/INFO] [net.minecraft.server.dedicated.DedicatedServer]: [@: Set Jer_efece's spawn point to (-419, 33, -223)]
[22:18:31] [Server thread/INFO] [net.minecraft.server.dedicated.DedicatedServer]: [@: Set netz_zk's spawn point to (-452, 33, -229)]
[22:18:33] [Server thread/INFO] [net.minecraft.server.dedicated.DedicatedServer]: stph_xmx fell out of the world
[22:18:35] [Server thread/INFO] [STDOUT]: [mod.lucky.drop.func.DropProcessor:processRandomDrop:122]: Chosen Lucky Block Drop: ID=red_flower,NBTTag=(display=(Name="$cRomantic Rose"))@luck=-1
[22:18:36] [Server thread/INFO] [net.minecraft.server.dedicated.DedicatedServer]: RompOrTos fell out of the world
[22:18:36] [Server thread/INFO] [net.minecraft.server.dedicated.DedicatedServer]: [@: Set netz_zk's spawn point to (-453, 7, -240)]
[22:18:37] [Server thread/INFO] [STDOUT]: [mod.lucky.drop.func.DropProcessor:processRandomDrop:122]: Chosen Lucky Block Drop: ID=rotten_flesh@luck=-1
[22:18:38] [Server thread/INFO] [STDOUT]: [mod.lucky.drop.func.DropProcessor:processRandomDrop:122]: Chosen Lucky Block Drop: type=entity,ID=llama,amount=8,posOffset=#circleOffset(4),NBTTag=(CustomName=#randList("$5$lLlaura","$5$lLlauretta","$5$lLlavender","$5$lLlinda","$5$lLlisa","$5$lLlouise","$5$lLlucy","$5$lLlydia"),Variant=#rand(0,3),CustomNameVisible=true)@luck=0
[22:18:38] [Server thread/INFO] [net.minecraft.server.dedicated.DedicatedServer]: [@: Set RompOrTos's spawn point to (-447, 28, -150)]
[22:18:39] [Server thread/INFO] [STDOUT]: [mod.lucky.drop.func.DropProcessor:processRandomDrop:122]: Chosen Lucky Block Drop: group(type=item,ID=lucky:lucky_sword;type=item,ID=lucky:lucky_bow;type=item,ID=lucky:lucky_potion,NBTTag=(Luck=#randList(100,-100)),amount=#rand(10,15);type=entity,ID=fireworks_rocket,NBTTag=(LifeTime=20,FireworksItem=(id=fireworks,Count=1,tag=#randFireworksRocket)),amount=20,posOffset=#circleOffset(0,2))@luck=2
[22:18:39] [Server thread/INFO] [STDOUT]: [mod.lucky.drop.func.DropProcessor:processRandomDrop:122]: Chosen Lucky Block Drop: group(type=fill,ID=air,size=(1,8,1);type=entity,ID=falling_block,posY=#bPosY+7,NBTTag=(Block=gold_block);type=particle,ID=flame,size=(1,2,1),particleAmount=500;type=sound,ID=entity.ghast.shoot)@luck=0
[22:18:40] [Server thread/INFO] [net.minecraft.server.dedicated.DedicatedServer]: [@: Set TTottaly_RED's spawn point to (-431, 33, -184)]
[22:18:40] [Server thread/INFO] [net.minecraft.server.dedicated.DedicatedServer]: stph_xmx fell out of the world
[22:18:41] [Server thread/INFO] [STDOUT]: [mod.lucky.drop.func.DropProcessor:processRandomDrop:122]: Chosen Lucky Block Drop: group(ID=fishing_rod;ID=349,damage=#rand(0,3),amount=#rand(10,20))@luck=1
[22:18:41] [Server thread/INFO] [net.minecraft.server.dedicated.DedicatedServer]: [@: Set RompOrTos's spawn point to (-446, 9, -147)]
[22:18:43] [Server thread/INFO] [net.minecraft.server.dedicated.DedicatedServer]: TTottaly_RED was slain by Spider
[22:18:44] [Server thread/INFO] [STDOUT]: [mod.lucky.drop.func.DropProcessor:processRandomDrop:122]: Chosen Lucky Block Drop: group(type=effect,ID=1,range=4,amplifier=2,duration=600;type=particle,ID=splashpotion,potion="swiftness";type=item,ID=#randList(cookie,sugar),posOffset=#circleOffset(0.0,2.0),amount=30)@luck=2
[22:18:45] [Server thread/INFO] [STDOUT]: [mod.lucky.drop.func.DropProcessor:processRandomDrop:122]: Chosen Lucky Block Drop: group(type=item,ID=anvil;ID=enchanted_book,NBTTag=(StoredEnchantments=#randEnchantment),posOffset=#circleOffset(0.0,2.0),amount=#rand(7,10);type=particle,ID=splashpotion,potion="strength")@luck=2
[22:18:45] [Server thread/INFO] [STDOUT]: [mod.lucky.drop.func.DropProcessor:processRandomDrop:122]: Chosen Lucky Block Drop: group(type=effect,ID=21,range=4,amplifier=1,duration=600;type=effect,ID=6,range=4,amplifier=3;type=effect,ID=22,range=4,amplifier=1,duration=600;type=particle,ID=splashpotion,potion="healing";type=entity,ID=horse,NBTTag=(OwnerUUID=#pUUID,ArmorItem=(id=golden_horse_armor,Count=1),SaddleItem=(id=saddle,Count=1)))@luck=2
[22:18:45] [Server thread/INFO] [STDOUT]: [mod.lucky.drop.func.DropProcessor:processRandomDrop:122]: Chosen Lucky Block Drop: group(type=item,ID=anvil;ID=enchanted_book,NBTTag=(StoredEnchantments=#randEnchantment),posOffset=#circleOffset(0.0,2.0),amount=#rand(7,10);type=particle,ID=splashpotion,potion="strength")@luck=2
[22:18:45] [Server thread/INFO] [STDOUT]: [mod.lucky.drop.func.DropProcessor:processRandomDrop:122]: Chosen Lucky Block Drop: group(type=item,ID=anvil;ID=enchanted_book,NBTTag=(StoredEnchantments=#randEnchantment),posOffset=#circleOffset(0.0,2.0),amount=#rand(7,10);type=particle,ID=splashpotion,potion="strength")@luck=2
[22:18:46] [Server thread/INFO] [STDOUT]: [mod.lucky.drop.func.DropProcessor:processRandomDrop:122]: Chosen Lucky Block Drop: group(type=difficulty,ID=hard;type=entity,ID=Giant)@luck=-2
[22:18:49] [Server thread/INFO] [STDOUT]: [mod.lucky.drop.func.DropProcessor:processRandomDrop:122]: Chosen Lucky Block Drop: type=entity,ID=Villager,NBTTag=(Offers=(Recipes=[(buy=(id=diamond,Count=#rand(12,17)),sell=(id=diamond_helmet,Count=1,tag=(ench=#luckyHelmetEnchantments,display=(Name="$9$lHero's Helmet"))),maxUses=1),(buy=(id=diamond,Count=#rand(20,25)),sell=(id=diamond_chestplate,Count=1,tag=(ench=#luckyChestplateEnchantments,display=(Name="$9$lHero's Chestplate"))),maxUses=1),(buy=(id=diamond,Count=#rand(15,20)),sell=(id=diamond_leggings,Count=1,tag=(ench=#luckyLeggingsEnchantments,display=(Name="$9$lHero's Leggings"))),maxUses=1),(buy=(id=diamond,Count=#rand(12,17)),sell=(id=diamond_boots,Count=1,tag=(ench=#luckyBootsEnchantments,display=(Name="$9$lHero's Boots"))),maxUses=1)]),CustomName="$9$lHero Villager",CustomNameVisible=true)@luck=1
[22:18:50] [Server thread/INFO] [net.minecraft.server.dedicated.DedicatedServer]: stph_xmx fell out of the world
[22:18:51] [Server thread/INFO] [net.minecraft.server.dedicated.DedicatedServer]: [@: Set RompOrTos's spawn point to (-446, 26, -147)]
[22:18:51] [Server thread/INFO] [net.minecraft.server.dedicated.DedicatedServer]: [@: Set TTottaly_RED's spawn point to (-434, 33, -175)]
[22:18:52] [Server thread/INFO] [net.minecraft.server.dedicated.DedicatedServer]: [@: Set TTottaly_RED's spawn point to (-434, 34, -175)]
[22:18:53] [Server thread/INFO] [net.minecraft.server.dedicated.DedicatedServer]: [@: Set TTottaly_RED's spawn point to (-434, 34, -174)]
[22:18:55] [Server thread/INFO] [net.minecraft.server.dedicated.DedicatedServer]: [@: Set TTottaly_RED's spawn point to (-434, 34, -174)]
[22:18:55] [Server thread/INFO] [net.minecraft.server.dedicated.DedicatedServer]: [@: Set TTottaly_RED's spawn point to (-433, 33, -174)]
[22:18:57] [Server thread/INFO] [net.minecraft.server.dedicated.DedicatedServer]: [@: Set TTottaly_RED's spawn point to (-433, 33, -175)]
[22:18:58] [Server thread/INFO] [net.minecraft.server.dedicated.DedicatedServer]: stph_xmx fell out of the world
[22:19:05] [Server thread/INFO] [net.minecraft.server.dedicated.DedicatedServer]: stph_xmx fell out of the world
[22:19:08] [Server thread/INFO] [net.minecraft.server.dedicated.DedicatedServer]: [@: Set netz_zk's spawn point to (-444, 8, -272)]
[22:19:12] [Server thread/INFO] [net.minecraft.server.dedicated.DedicatedServer]: [@: Set TTottaly_RED's spawn point to (-433, 33, -174)]
[22:19:12] [Server thread/INFO] [net.minecraft.server.dedicated.DedicatedServer]: stph_xmx fell out of the world
[22:19:14] [Server thread/INFO] [STDOUT]: [mod.lucky.drop.func.DropProcessor:processRandomDrop:122]: Chosen Lucky Block Drop: ID=painting,amount=4@luck=0
[22:19:16] [Server thread/INFO] [STDOUT]: [mod.lucky.drop.func.DropProcessor:processRandomDrop:122]: Chosen Lucky Block Drop: type=entity,ID=Pig,NBTTag=(Passengers=[(id=Pig,Passengers=[(id=Pig,Passengers=[(id=Pig,Passengers=[(id=Pig,Passengers=[(id=Pig,Passengers=[(id=Pig,Passengers=[(id=Pig,Passengers=[(id=Villager)])])])])])])])])@luck=0
[22:19:16] [Server thread/INFO] [STDOUT]: [mod.lucky.drop.func.DropProcessor:processRandomDrop:122]: Chosen Lucky Block Drop: group(type=difficulty,ID=hard;type=entity,ID=Zombie,NBTTag=(HandItems=[(id=diamond_sword,Count=1,tag=(ench=#luckySwordEnchantments))],ArmorItems=[(id=diamond_boots,Count=1,tag=(ench=#luckyBootsEnchantments)),(id=diamond_leggings,Count=1,tag=(ench=#luckyLeggingsEnchantments)),(id=diamond_chestplate,Count=1,tag=(ench=#luckyChestplateEnchantments)),(id=diamond_helmet,Count=1,tag=(ench=#luckyHelmetEnchantments))],HandDropChances=[0.5f,0f],ArmorDropChances=[0.3f,0.3f,0.3f,0.3f],CustomName="$9$lBob",CustomNameVisible=true))@luck=-2
[22:19:17] [Server thread/INFO] [net.minecraft.server.dedicated.DedicatedServer]: [@: Set netz_zk's spawn point to (-453, 7, -287)]
[22:19:18] [Server thread/INFO] [net.minecraft.server.dedicated.DedicatedServer]: [@: Set netz_zk's spawn point to (-452, 7, -288)]
[22:19:18] [Server thread/INFO] [STDOUT]: [mod.lucky.drop.func.DropProcessor:processRandomDrop:122]: Chosen Lucky Block Drop: group(type=structure,ID=wishing_well;type=message,ID="A wishing well? Maybe you should throw in a coin...";type=command,ID="/give #pName gold_nugget 1 0 {display:{Name:\"$6Coin\"}}";type=block,ID=lucky:lucky_block,posY=#bPosY-3,NBTTag=(Drops=["group(type=message,ID=\"$bYour wish came true!\";type=block,ID=air,posY='#'bPosY+3;type=block,ID=beacon,posY='#'bPosY+2;type=entity,ID=fireworks_rocket,NBTTag=(LifeTime=20,FireworksItem=(id=fireworks,Count=1,tag='#'randFireworksRocket)),amount=20,posY='#'bPosY+3,posOffset='#'circleOffset(2);ID=gold_ingot,amount=#rand(20,30),posY='#'bPosY+10,posOffset='#'circleOffset(2);ID=diamond,amount=#rand(20,30),posY='#'bPosY+10,posOffset='#'circleOffset(2);ID=emerald,amount=#rand(20,30),posY='#'bPosY+10,posOffset='#'circleOffset(2);ID=dye,damage=4,amount=#rand(20,30),posY='#'bPosY+10,posOffset='#'circleOffset(2))"]))@luck=2
[22:19:18] [Server thread/INFO] [net.minecraft.server.dedicated.DedicatedServer]: [@: Given [Coin] * 1 to TTottaly_RED]
[22:19:19] [Server thread/INFO] [net.minecraft.server.dedicated.DedicatedServer]: [@: Set netz_zk's spawn point to (-453, 7, -286)]
[22:19:19] [Server thread/INFO] [net.minecraft.server.dedicated.DedicatedServer]: stph_xmx fell out of the world
[22:19:20] [Server thread/INFO] [net.minecraft.server.dedicated.DedicatedServer]: [@: Set Jer_efece's spawn point to (-418, 7, -240)]
[22:19:21] [Server thread/INFO] [net.minecraft.server.dedicated.DedicatedServer]: [@: Set netz_zk's spawn point to (-456, 9, -294)]
[22:19:21] [Server thread/INFO] [net.minecraft.server.dedicated.DedicatedServer]: netz_zk was shot by Skeleton
[22:19:23] [Server thread/INFO] [net.minecraft.server.dedicated.DedicatedServer]: [RompOrTos: Set the time to 1000]
[22:19:23] [Server thread/INFO] [net.minecraft.server.dedicated.DedicatedServer]: [@: Set Jer_efece's spawn point to (-419, 7, -240)]
[22:19:25] [Server thread/INFO] [net.minecraft.server.dedicated.DedicatedServer]: [@: Set netz_zk's spawn point to (-452, 7, -295)]
[22:19:27] [Server thread/INFO] [net.minecraft.server.dedicated.DedicatedServer]: TTottaly_RED was slain by Spider
[22:19:27] [Server thread/INFO] [net.minecraft.server.dedicated.DedicatedServer]: stph_xmx fell out of the world
[22:19:27] [Server thread/INFO] [net.minecraft.server.dedicated.DedicatedServer]: Jer_efece has made the advancement [Monster Hunter]
[22:19:29] [Server thread/INFO] [net.minecraft.server.dedicated.DedicatedServer]: [@: Set netz_zk's spawn point to (-436, 7, -297)]
[22:19:29] [Server thread/INFO] [net.minecraft.server.dedicated.DedicatedServer]: [@: Set Jer_efece's spawn point to (-420, 8, -237)]
[22:19:29] [Server thread/INFO] [net.minecraft.server.dedicated.DedicatedServer]: [@: Set netz_zk's spawn point to (-436, 7, -297)]
[22:19:33] [Server thread/INFO] [STDOUT]: [mod.lucky.drop.func.DropProcessor:processRandomDrop:122]: Chosen Lucky Block Drop: group(ID=red_flower,damage=#rand(0,8),amount=64)@luck=0
[22:19:34] [Server thread/INFO] [net.minecraft.server.dedicated.DedicatedServer]: [@: Set RompOrTos's spawn point to (-446, 33, -175)]
[22:19:34] [Server thread/INFO] [STDOUT]: [mod.lucky.drop.func.DropProcessor:processRandomDrop:122]: Chosen Lucky Block Drop: ID=saddle,amount=2@luck=0
[22:19:35] [Server thread/INFO] [STDOUT]: [mod.lucky.drop.func.DropProcessor:processRandomDrop:122]: Chosen Lucky Block Drop: type=entity,ID=#randList(horse,skeleton_horse,zombie_horse),amount=12,posOffset=#circleOffset(4),NBTTag=(Tame=true,OwnerUUID=#pUUID)@luck=1
[22:19:36] [Server thread/INFO] [STDOUT]: [mod.lucky.drop.func.DropProcessor:processRandomDrop:122]: Chosen Lucky Block Drop: ID=skull,damage=#rand(0,4),amount=#rand(1,3)@luck=0
[22:19:37] [Server thread/INFO] [STDOUT]: [mod.lucky.drop.func.DropProcessor:processRandomDrop:122]: Chosen Lucky Block Drop: group(type=entity,ID=Rabbit,amount=#rand(5,10),posOffset=#circleOffset(3),NBTTag=(RabbitType=#rand(0,5),OwnerUUID=#pUUID,Sitting=1);type=particle,ID="heart",size=(2,0,2),particleAmount=20)@luck=1
[22:19:38] [Server thread/INFO] [STDOUT]: [mod.lucky.drop.func.DropProcessor:processRandomDrop:122]: Chosen Lucky Block Drop: type=entity,ID=Villager,NBTTag=(Offers=(Recipes=[(buy=(id=diamond,Count=#rand(20,25)),sell=(id=diamond_sword,Count=1,tag=(ench=#luckySwordEnchantments,display=(Name="$9$lHero's Sword"))),maxUses=1),(buy=(id=diamond,Count=#rand(20,25)),sell=(id=bow,Count=1,tag=(ench=#luckyBowEnchantments,display=(Name="$9$lHero's Bow"))),maxUses=1),(buy=(id=diamond,Count=#rand(10,15)),sell=(id=fishing_rod,Count=1,tag=(ench=#luckyFishingRodEnchantments,display=(Name="$9$lHero's Fishing Rod"))),maxUses=1),(buy=(id=diamond,Count=#rand(10,15)),sell=(id=potion,Count=1,tag=(Potion="fire_resistance",CustomPotionEffects=#luckyPotionEffects,display=(Name="$9$lHero's Potion"))),maxUses=1),(buy=(id=diamond,Count=#rand(7,12)),sell=(id=splash_potion,Count=1,tag=(Potion="harming",CustomPotionEffects=#unluckyPotionEffects,display=(Name="$4$lEvil Potion"))),maxUses=1)]),CustomName="$9$lHero Villager",CustomNameVisible=true)@luck=1
[22:19:38] [Server thread/INFO] [net.minecraft.server.dedicated.DedicatedServer]: [@: Set Jer_efece's spawn point to (-417, 7, -240)]
[22:19:40] [Server thread/INFO] [STDOUT]: [mod.lucky.drop.func.DropProcessor:processRandomDrop:122]: Chosen Lucky Block Drop: group:#rand(1,2):(ID=diamond_helmet;ID=diamond_chestplate;ID=diamond_leggings;ID=diamond_boots;ID=diamond_horse_armor)@luck=2
[22:19:40] [Server thread/INFO] [STDOUT]: [mod.lucky.drop.func.DropProcessor:processRandomDrop:122]: Chosen Lucky Block Drop: group(ID=pumpkin,amount=#rand(8,16);ID=lit_pumpkin,amount=#rand(8,16))@luck=0
[22:19:41] [Server thread/INFO] [STDOUT]: [mod.lucky.drop.func.DropProcessor:processRandomDrop:122]: Chosen Lucky Block Drop: ID=beacon@luck=2
[22:19:41] [Server thread/INFO] [STDOUT]: [mod.lucky.drop.func.DropProcessor:processRandomDrop:122]: Chosen Lucky Block Drop: group(ID=stone_sword;ID=stone_shovel;ID=stone_pickaxe;ID=stone_axe;ID=stone_hoe)@luck=0
[22:19:41] [Server thread/INFO] [net.minecraft.server.dedicated.DedicatedServer]: netz_zk has made the advancement [What a Deal!]
[22:19:41] [Server thread/INFO] [net.minecraft.server.dedicated.DedicatedServer]: netz_zk has made the advancement [Cover Me With Diamonds]
[22:19:43] [Server thread/INFO] [net.minecraft.server.dedicated.DedicatedServer]: [@: Set TTottaly_RED's spawn point to (-439, 33, -216)]
[22:19:44] [Server thread/INFO] [net.minecraft.server.dedicated.DedicatedServer]: RompOrTos has made the advancement [Cover Me With Diamonds]
[22:19:44] [Server thread/INFO] [net.minecraft.server.dedicated.DedicatedServer]: [@: Set netz_zk's spawn point to (-428, 8, -256)]
[22:19:44] [Server thread/INFO] [STDOUT]: [mod.lucky.drop.func.DropProcessor:processRandomDrop:122]: Chosen Lucky Block Drop: ID=stick@luck=-1
[22:19:45] [Server thread/INFO] [STDOUT]: [mod.lucky.drop.func.DropProcessor:processRandomDrop:122]: Chosen Lucky Block Drop: ID=rabbit_stew,amount=#rand(5,7)@luck=1
[22:19:46] [Server thread/INFO] [net.minecraft.server.dedicated.DedicatedServer]: [@: Set TTottaly_RED's spawn point to (-439, 33, -223)]
[22:19:46] [Server thread/INFO] [net.minecraft.server.dedicated.DedicatedServer]: [@: Set stph_xmx's spawn point to (-439, 34, -150)]
[22:19:46] [Server thread/INFO] [STDOUT]: [mod.lucky.drop.func.DropProcessor:processRandomDrop:122]: Chosen Lucky Block Drop: group:#rand(1,2):(ID=diamond_shovel,NBTTag=(ench=#luckyToolEnchantments,display=(Name="$9$lHero's Shovel"));ID=diamond_pickaxe,NBTTag=(ench=#luckyToolEnchantments,display=(Name="$9$lHero's Pickaxe"));ID=diamond_axe,NBTTag=(ench=#luckyAxeEnchantments,display=(Name="$9$lHero's Axe"));ID=diamond_hoe,NBTTag=(ench=#luckyToolEnchantments,display=(Name="$9$lHero's Hoe")))@luck=2
[22:19:47] [Server thread/INFO] [STDOUT]: [mod.lucky.drop.func.DropProcessor:processRandomDrop:122]: Chosen Lucky Block Drop: type=item,ID=lucky:lucky_potion,NBTTag=(Luck=#randList(100,-100)),amount=#rand(10,15)@chance=1.5@luck=2
[22:19:53] [Server thread/INFO] [STDOUT]: [mod.lucky.drop.func.DropProcessor:processRandomDrop:122]: Chosen Lucky Block Drop: type=entity,ID=xp_bottle,NBTTag=(Motion=#motionFromDirection(#rand(0,360),-70,0.4)),amount=#rand(20,30)@luck=2
[22:19:53] [Server thread/INFO] [net.minecraft.server.dedicated.DedicatedServer]: stph_xmx fell out of the world
[22:19:53] [Server thread/INFO] [STDOUT]: [mod.lucky.drop.func.DropProcessor:processRandomDrop:122]: Chosen Lucky Block Drop: group(type=effect,ID=21,range=4,amplifier=1,duration=600;type=effect,ID=6,range=4,amplifier=3;type=effect,ID=22,range=4,amplifier=1,duration=600;type=particle,ID=splashpotion,potion="healing";type=entity,ID=horse,NBTTag=(OwnerUUID=#pUUID,ArmorItem=(id=golden_horse_armor,Count=1),SaddleItem=(id=saddle,Count=1)))@luck=2
[22:19:53] [Server thread/INFO] [STDOUT]: [mod.lucky.drop.func.DropProcessor:processRandomDrop:122]: Chosen Lucky Block Drop: group(type=item,ID=anvil;ID=enchanted_book,NBTTag=(StoredEnchantments=#randEnchantment),posOffset=#circleOffset(0.0,2.0),amount=#rand(7,10);type=particle,ID=splashpotion,potion="strength")@luck=2
[22:19:54] [Server thread/INFO] [STDOUT]: [mod.lucky.drop.func.DropProcessor:processRandomDrop:122]: Chosen Lucky Block Drop: group(type=item,ID=anvil;ID=enchanted_book,NBTTag=(StoredEnchantments=#randEnchantment),posOffset=#circleOffset(0.0,2.0),amount=#rand(7,10);type=particle,ID=splashpotion,potion="strength")@luck=2
[22:19:54] [Server thread/INFO] [STDOUT]: [mod.lucky.drop.func.DropProcessor:processRandomDrop:122]: Chosen Lucky Block Drop: group(ID=jukebox;ID=#rand(2256,2267),amount=#rand(1,3))@luck=1
[22:19:54] [Server thread/WARN] [net.minecraft.entity.EntityTrackerEntry]: Fetching addPacket for removed entity
[22:19:55] [Server thread/INFO] [STDOUT]: [mod.lucky.drop.func.DropProcessor:processRandomDrop:122]: Chosen Lucky Block Drop: type=entity,ID=xp_bottle,NBTTag=(Motion=#motionFromDirection(#rand(0,360),-70,0.4)),amount=#rand(20,30)@luck=2
[22:19:55] [Server thread/INFO] [net.minecraft.server.dedicated.DedicatedServer]: [@: Set stph_xmx's spawn point to (-439, 34, -150)]
[22:19:56] [Server thread/INFO] [STDOUT]: [mod.lucky.drop.func.DropProcessor:processRandomDrop:122]: Chosen Lucky Block Drop: group:#rand(2,3):(ID=iron_helmet;ID=iron_chestplate;ID=iron_leggings;ID=iron_boots;ID=iron_horse_armor)@luck=1
[22:19:56] [Server thread/INFO] [STDOUT]: [mod.lucky.drop.func.DropProcessor:processRandomDrop:122]: Chosen Lucky Block Drop: group(ID=stone_slab,damage=7,amount=#rand(4,8);ID=quartz_ore,amount=#rand(16,32);ID=quartz_block,amount=#rand(4,8);ID=quartz_block,damage=1,amount=#rand(4,8);ID=quartz_block,damage=2,amount=#rand(4,8);ID=quartz_stairs,amount=#rand(4,8);ID=quartz,amount=#rand(24,32);type=particle,ID=splashpotion,potion="invisibility")@luck=1
[22:19:57] [Server thread/INFO] [net.minecraft.server.dedicated.DedicatedServer]: [@: Set netz_zk's spawn point to (-450, 8, -284)]
[22:19:58] [Server thread/INFO] [net.minecraft.server.dedicated.DedicatedServer]: netz_zk has made the advancement [Suit Up]
[22:19:58] [Server thread/INFO] [STDOUT]: [mod.lucky.drop.func.DropProcessor:processRandomDrop:122]: Chosen Lucky Block Drop: ID=obsidian,amount=14@luck=1
[22:19:59] [Server thread/INFO] [net.minecraft.server.dedicated.DedicatedServer]: TTottaly_RED has made the advancement [Ice Bucket Challenge]
[22:20:00] [Server thread/INFO] [net.minecraft.server.dedicated.DedicatedServer]: [@: Set TTottaly_RED's spawn point to (-439, 7, -239)]
[22:20:01] [Server thread/INFO] [net.minecraft.server.dedicated.DedicatedServer]: [@: Set RompOrTos's spawn point to (-447, 33, -223)]
[22:20:01] [Server thread/INFO] [net.minecraft.server.dedicated.DedicatedServer]: [@: Set netz_zk's spawn point to (-446, 8, -295)]
[22:20:01] [Server thread/INFO] [STDOUT]: [mod.lucky.drop.func.DropProcessor:processRandomDrop:122]: Chosen Lucky Block Drop: type=structure,ID=water_trap,pos=#pPos@luck=-2
[22:20:01] [Server thread/INFO] [STDOUT]: [mod.lucky.drop.func.DropProcessor:processRandomDrop:122]: Chosen Lucky Block Drop: group(ID=fishing_rod;ID=349,damage=#rand(0,3),amount=#rand(10,20))@luck=1
[22:20:02] [Server thread/INFO] [net.minecraft.server.dedicated.DedicatedServer]: [@: Set stph_xmx's spawn point to (-439, 32, -162)]
[22:20:03] [Server thread/INFO] [STDOUT]: [mod.lucky.drop.func.DropProcessor:processRandomDrop:122]: Chosen Lucky Block Drop: group:#rand(1,2):(ID=diamond_helmet;ID=diamond_chestplate;ID=diamond_leggings;ID=diamond_boots;ID=diamond_horse_armor)@luck=2
[22:20:04] [Server thread/INFO] [net.minecraft.server.dedicated.DedicatedServer]: netz_zk was blown up by Creeper
[22:20:04] [Server thread/INFO] [net.minecraft.server.dedicated.DedicatedServer]: TTottaly_RED has made the advancement [Cover Me With Diamonds]
[22:20:13] [Server thread/INFO] [STDOUT]: [mod.lucky.drop.func.DropProcessor:processRandomDrop:122]: Chosen Lucky Block Drop: group(type=difficulty,ID=hard;type=entity,ID=Bat,NBTTag=(Silent=true,ActiveEffects=[(Id=14,Duration=100000,Amplifier=1,ShowParticles=false)],Passengers=[(id=skeleton_horse,Tame=true,Type=4,Passengers=[(id=Skeleton,HandItems=[(id=bow,Count=1,tag=(ench=#luckyBowEnchantments))],ArmorItems=[(id=chainmail_boots,Count=1,tag=(ench=#luckyBootsEnchantments)),(id=chainmail_leggings,Count=1,tag=(ench=#luckyLeggingsEnchantments)),(id=chainmail_chestplate,Count=1,tag=(ench=#luckyChestplateEnchantments)),(id=chainmail_helmet,Count=1,tag=(ench=#luckyHelmetEnchantments))],HandDropChances=[0.5f,0f],ArmorDropChances=[0.3f,0.3f,0.3f,0.3f],CustomName="$7$lGhostly Horseman",CustomNameVisible=true)])]))@luck=-2
[22:20:14] [Server thread/INFO] [STDOUT]: [mod.lucky.drop.func.DropProcessor:processRandomDrop:122]: Chosen Lucky Block Drop: group(ID=dispenser,amount=2;ID=noteblock,amount=1;ID=sticky_piston,amount=4;ID=piston,amount=4;ID=tnt,amount=6;ID=lever,amount=2;ID=stone_pressure_plate,amount=2;ID=wooden_pressure_plate,amount=2;ID=redstone_torch,amount=8;ID=stone_button,amount=2;ID=trapdoor,amount=2;ID=iron_trapdoor,amount=2;ID=fence_gate,amount=1;ID=redstone_lamp,amount=4;ID=tripwire_hook,amount=2;ID=wooden_button,amount=2;ID=light_weighted_pressure_plate,amount=1;ID=heavy_weighted_pressure_plate,amount=1;ID=daylight_detector,amount=1;ID=hopper,amount=4;ID=dropper,amount=#rand(2,4);ID=wooden_door,amount=1;ID=iron_door,amount=1;ID=redstone,amount=#rand(32,64);ID=repeater,amount=8;ID=comparator,amount=2;type=particle,ID=splashpotion,potion="healing")@luck=2
[22:20:14] [Server thread/INFO] [net.minecraft.server.dedicated.DedicatedServer]: [@: Set stph_xmx's spawn point to (-432, 33, -195)]
[22:20:16] [Server thread/INFO] [STDOUT]: [mod.lucky.drop.func.DropProcessor:processRandomDrop:122]: Chosen Lucky Block Drop: group:1:(type=entity,ID=Slime,NBTTag=(Size=10);type=entity,ID=magma_cube,NBTTag=(Size=10))@luck=-2
[22:20:16] [Server thread/INFO] [STDOUT]: [mod.lucky.drop.func.DropProcessor:processRandomDrop:122]: Chosen Lucky Block Drop: group:#rand(1,2):(ID=diamond_shovel,NBTTag=(ench=#luckyToolEnchantments,display=(Name="$9$lHero's Shovel"));ID=diamond_pickaxe,NBTTag=(ench=#luckyToolEnchantments,display=(Name="$9$lHero's Pickaxe"));ID=diamond_axe,NBTTag=(ench=#luckyAxeEnchantments,display=(Name="$9$lHero's Axe"));ID=diamond_hoe,NBTTag=(ench=#luckyToolEnchantments,display=(Name="$9$lHero's Hoe")))@luck=2
[22:20:16] [Server thread/INFO] [net.minecraft.server.dedicated.DedicatedServer]: netz_zk fell from a high place
[22:20:18] [Server thread/INFO] [STDOUT]: [mod.lucky.drop.func.DropProcessor:processRandomDrop:122]: Chosen Lucky Block Drop: group(ID=jukebox;ID=#rand(2256,2267),amount=#rand(1,3))@luck=1
[22:20:19] [Server thread/INFO] [STDOUT]: [mod.lucky.drop.func.DropProcessor:processRandomDrop:122]: Chosen Lucky Block Drop: group(ID=prismarine,amount=#rand(4,8);ID=prismarine,damage=1,amount=#rand(4,8);ID=prismarine,damage=2,amount=#rand(4,8);ID=sea_lantern,amount=#rand(4,8);ID=prismarine_shard,amount=#rand(15,30);ID=prismarine_crystals,amount=#rand(10,20);type=particle,ID=splashpotion,potion="invisibility")@luck=1
[22:20:20] [Server thread/INFO] [net.minecraft.server.dedicated.DedicatedServer]: stph_xmx was slain by Magma Cube
[22:20:21] [Server thread/INFO] [STDOUT]: [mod.lucky.drop.func.DropProcessor:processRandomDrop:122]: Chosen Lucky Block Drop: type=structure,ID=giant_lucky_block_bad,rotation=#pDirect@luck=-2
[22:20:23] [Server thread/INFO] [STDOUT]: [mod.lucky.drop.func.DropProcessor:processRandomDrop:122]: Chosen Lucky Block Drop: type=structure,ID=giant_lucky_block_bad,rotation=#pDirect@luck=-2
[22:20:23] [Server thread/INFO] [STDOUT]: [mod.lucky.drop.func.DropProcessor:processRandomDrop:135]: Chosen Lucky Block Drop: group(group(ID=giant_block_break_stage_1;ID=giant_block_break_stage_2,delay=1;ID=giant_block_break_stage_3,delay=2;ID=giant_block_break_stage_4,delay=3;ID=giant_block_break_stage_5,delay=4),type=structure,pos=(-438.5,7.0,-260.5),rotation=0;type=fill,ID=air,pos=(-443,7,-268),pos2=(-436,14,-261),delay=5;type=entity,ID=tnt,pos=(-439,11,-264),NBTTag=(Fuse=50b,Motion=#randLaunchMotion),amount=15,delay=5)
[22:20:24] [Server thread/INFO] [STDOUT]: [mod.lucky.drop.func.DropProcessor:processRandomDrop:135]: Chosen Lucky Block Drop: group(group(ID=giant_block_break_stage_1;ID=giant_block_break_stage_2,delay=1;ID=giant_block_break_stage_3,delay=2;ID=giant_block_break_stage_4,delay=3;ID=giant_block_break_stage_5,delay=4),type=structure,pos=(-417.5,7.0,-272.5),rotation=0;type=fill,ID=air,pos=(-422,7,-280),pos2=(-415,14,-273),delay=5;type=entity,ID=tnt,pos=(-418,11,-276),NBTTag=(Fuse=50b,Motion=#randLaunchMotion),amount=15,delay=5)
[22:20:27] [Server thread/INFO] [net.minecraft.server.dedicated.DedicatedServer]: RompOrTos drowned
[22:20:32] [Server thread/INFO] [STDOUT]: [mod.lucky.drop.func.DropProcessor:processRandomDrop:122]: Chosen Lucky Block Drop: ID=end_portal_frame,amount=#rand(2,6)@luck=2
[22:20:37] [Server thread/INFO] [net.minecraft.server.dedicated.DedicatedServer]: [@: Set Jer_efece's spawn point to (-418, 7, -287)]
[22:20:37] [Server thread/INFO] [STDOUT]: [mod.lucky.drop.func.DropProcessor:processRandomDrop:122]: Chosen Lucky Block Drop: ID=dropper,amount=8@luck=0
[22:20:38] [Server thread/INFO] [net.minecraft.server.dedicated.DedicatedServer]: [RompOrTos: Teleported RompOrTos to TTottaly_RED]
[22:20:39] [Server thread/INFO] [STDOUT]: [mod.lucky.drop.func.DropProcessor:processRandomDrop:122]: Chosen Lucky Block Drop: group:#rand(1,2):(ID=diamond_shovel,NBTTag=(ench=#luckyToolEnchantments,display=(Name="$9$lHero's Shovel"));ID=diamond_pickaxe,NBTTag=(ench=#luckyToolEnchantments,display=(Name="$9$lHero's Pickaxe"));ID=diamond_axe,NBTTag=(ench=#luckyAxeEnchantments,display=(Name="$9$lHero's Axe"));ID=diamond_hoe,NBTTag=(ench=#luckyToolEnchantments,display=(Name="$9$lHero's Hoe")))@luck=2
[22:20:42] [Server thread/INFO] [STDOUT]: [mod.lucky.drop.func.DropProcessor:processRandomDrop:122]: Chosen Lucky Block Drop: group(ID=ender_pearl,amount=10;ID=ender_eye,amount=5)@luck=2
[22:20:45] [Server thread/INFO] [net.minecraft.server.dedicated.DedicatedServer]: [@: Set stph_xmx's spawn point to (-439, 34, -150)]
[22:20:46] [Server thread/INFO] [net.minecraft.server.dedicated.DedicatedServer]: [@: Set stph_xmx's spawn point to (-439, 33, -145)]
[22:20:47] [Server thread/INFO] [net.minecraft.server.dedicated.DedicatedServer]: [@: Set stph_xmx's spawn point to (-439, 29, -141)]
[22:20:52] [Server thread/INFO] [STDOUT]: [mod.lucky.drop.func.DropProcessor:processRandomDrop:122]: Chosen Lucky Block Drop: type=structure,ID=giant_lucky_block_bad,rotation=#pDirect@luck=-2
[22:20:53] [Server thread/INFO] [net.minecraft.server.dedicated.DedicatedServer]: [@: Set stph_xmx's spawn point to (-439, 29, -139)]
[22:20:55] [Server thread/INFO] [STDOUT]: [mod.lucky.drop.func.DropProcessor:processRandomDrop:135]: Chosen Lucky Block Drop: group(group(ID=giant_block_break_stage_1;ID=giant_block_break_stage_2,delay=1;ID=giant_block_break_stage_3,delay=2;ID=giant_block_break_stage_4,delay=3;ID=giant_block_break_stage_5,delay=4),type=structure,pos=(-445.5,7.0,-272.5),rotation=2;type=fill,ID=air,pos=(-442,7,-266),pos2=(-449,14,-273),delay=5;type=entity,ID=tnt,pos=(-446,11,-270),NBTTag=(Fuse=50b,Motion=#randLaunchMotion),amount=15,delay=5)
[22:21:00] [Server thread/INFO] [net.minecraft.server.dedicated.DedicatedServer]: [@: Set stph_xmx's spawn point to (-438, 32, -150)]
[22:21:02] [Server thread/INFO] [STDOUT]: [mod.lucky.drop.func.DropProcessor:processRandomDrop:122]: Chosen Lucky Block Drop: group:#rand(1,2):(ID=diamond_helmet,NBTTag=(ench=#luckyHelmetEnchantments,display=(Name="$9$lHero's Helmet"));ID=diamond_chestplate,NBTTag=(ench=#luckyChestplateEnchantments,display=(Name="$9$lHero's Chestplate"));ID=diamond_leggings,NBTTag=(ench=#luckyLeggingsEnchantments,display=(Name="$9$lHero's Leggings"));ID=diamond_boots,NBTTag=(ench=#luckyBootsEnchantments,display=(Name="$9$lHero's Boots")))@luck=2
[22:21:03] [Server thread/INFO] [net.minecraft.server.dedicated.DedicatedServer]: [@: Set stph_xmx's spawn point to (-439, 30, -155)]
[22:21:06] [Server thread/INFO] [net.minecraft.server.dedicated.DedicatedServer]: TTottaly_RED was blown up by Creeper
[22:21:09] [Server thread/INFO] [net.minecraft.server.dedicated.DedicatedServer]: [@: Set TTottaly_RED's spawn point to (-439, 7, -239)]
[22:21:09] [Server thread/INFO] [STDOUT]: [mod.lucky.drop.func.DropProcessor:processRandomDrop:122]: Chosen Lucky Block Drop: ID=gold_ingot,amount=#rand(8,16)@luck=1
[22:21:11] [Server thread/INFO] [STDOUT]: [mod.lucky.drop.func.DropProcessor:processRandomDrop:122]: Chosen Lucky Block Drop: group:#rand(1,2):(ID=diamond_sword;ID=diamond_shovel;ID=diamond_pickaxe;ID=diamond_axe;ID=diamond_hoe)@luck=2
[22:21:12] [Server thread/INFO] [STDOUT]: [mod.lucky.drop.func.DropProcessor:processRandomDrop:122]: Chosen Lucky Block Drop: ID=cake@luck=0
[22:21:13] [Server thread/INFO] [STDOUT]: [mod.lucky.drop.func.DropProcessor:processRandomDrop:122]: Chosen Lucky Block Drop: group:1:(type=entity,ID=Pig,NBTTag=(CustomName="$e$lLucky Pig",CustomNameVisible=true);type=entity,ID=Cow,NBTTag=(CustomName="$e$lLucky Cow",CustomNameVisible=true);type=entity,ID=Chicken,NBTTag=(CustomName="$e$lLucky Chicken",CustomNameVisible=true);type=entity,ID=Sheep,NBTTag=(CustomName="$e$lLucky Sheep",CustomNameVisible=true);type=entity,ID=Rabbit,NBTTag=(CustomName="$e$lLucky Rabbit",CustomNameVisible=true);type=entity,ID=Squid,NBTTag=(CustomName="$e$lUnlucky Squid",CustomNameVisible=true))@luck=0
[22:21:15] [Server thread/INFO] [STDOUT]: [mod.lucky.drop.func.DropProcessor:processRandomDrop:122]: Chosen Lucky Block Drop: group(type=structure,ID=wishing_well;type=message,ID="A wishing well? Maybe you should throw in a coin...";type=command,ID="/give #pName gold_nugget 1 0 {display:{Name:\"$6Coin\"}}";type=block,ID=lucky:lucky_block,posY=#bPosY-3,NBTTag=(Drops=["group(type=message,ID=\"$bYour wish came true!\";type=block,ID=air,posY='#'bPosY+3;type=block,ID=beacon,posY='#'bPosY+2;type=entity,ID=fireworks_rocket,NBTTag=(LifeTime=20,FireworksItem=(id=fireworks,Count=1,tag='#'randFireworksRocket)),amount=20,posY='#'bPosY+3,posOffset='#'circleOffset(2);ID=gold_ingot,amount=#rand(20,30),posY='#'bPosY+10,posOffset='#'circleOffset(2);ID=diamond,amount=#rand(20,30),posY='#'bPosY+10,posOffset='#'circleOffset(2);ID=emerald,amount=#rand(20,30),posY='#'bPosY+10,posOffset='#'circleOffset(2);ID=dye,damage=4,amount=#rand(20,30),posY='#'bPosY+10,posOffset='#'circleOffset(2))"]))@luck=2
[22:21:15] [Server thread/INFO] [net.minecraft.server.dedicated.DedicatedServer]: [@: Given [Coin] * 1 to RompOrTos]
[22:21:17] [Server thread/INFO] [STDOUT]: [mod.lucky.drop.func.DropProcessor:processRandomDrop:135]: Chosen Lucky Block Drop: group(type=message,ID="Your wish came true!";type=block,ID=air,posY=#bPosY+3;type=block,ID=beacon,posY=#bPosY+2;type=entity,ID=fireworks_rocket,NBTTag=(LifeTime=20,FireworksItem=(id=fireworks,Count=1,tag=#randFireworksRocket)),amount=20,posY=#bPosY+3,posOffset=#circleOffset(2);ID=gold_ingot,amount=#rand(20,30),posY=#bPosY+10,posOffset=#circleOffset(2);ID=diamond,amount=#rand(20,30),posY=#bPosY+10,posOffset=#circleOffset(2);ID=emerald,amount=#rand(20,30),posY=#bPosY+10,posOffset=#circleOffset(2);ID=dye,damage=4,amount=#rand(20,30),posY=#bPosY+10,posOffset=#circleOffset(2))
[22:21:19] [Server thread/INFO] [net.minecraft.server.dedicated.DedicatedServer]: [@: Set stph_xmx's spawn point to (-439, 33, -171)]
[22:21:20] [Server thread/INFO] [net.minecraft.server.dedicated.DedicatedServer]: netz_zk fell from a high place
[22:21:26] [Server thread/INFO] [STDOUT]: [mod.lucky.drop.func.DropProcessor:processRandomDrop:122]: Chosen Lucky Block Drop: group(type=structure,ID=wishing_well;type=message,ID="A wishing well? Maybe you should throw in a coin...";type=command,ID="/give #pName gold_nugget 1 0 {display:{Name:\"$6Coin\"}}";type=block,ID=lucky:lucky_block,posY=#bPosY-3,NBTTag=(Drops=["group(type=message,ID=\"$4Your death wish came true!\";type=block,ID=air,posY='#'bPosY+3;type=block,ID=beacon,posY='#'bPosY+2;type=entity,ID=tnt,NBTTag=(Fuse=50b,Motion='#'randLaunchMotion),posY='#'bPosY+7,amount=20)"]))@luck=-2
[22:21:26] [Server thread/INFO] [net.minecraft.server.dedicated.DedicatedServer]: [@: Given [Coin] * 1 to TTottaly_RED]
[22:21:32] [Server thread/INFO] [STDOUT]: [mod.lucky.drop.func.DropProcessor:processRandomDrop:122]: Chosen Lucky Block Drop: ID=cake@luck=0
[22:21:33] [Server thread/INFO] [STDOUT]: [mod.lucky.drop.func.DropProcessor:processRandomDrop:122]: Chosen Lucky Block Drop: group(ID=prismarine,amount=#rand(4,8);ID=prismarine,damage=1,amount=#rand(4,8);ID=prismarine,damage=2,amount=#rand(4,8);ID=sea_lantern,amount=#rand(4,8);ID=prismarine_shard,amount=#rand(15,30);ID=prismarine_crystals,amount=#rand(10,20);type=particle,ID=splashpotion,potion="invisibility")@luck=1
[22:21:33] [Server thread/INFO] [STDOUT]: [mod.lucky.drop.func.DropProcessor:processRandomDrop:122]: Chosen Lucky Block Drop: type=entity,ID=Pig,NBTTag=(Passengers=[(id=Pig,Passengers=[(id=Pig,Passengers=[(id=Pig,Passengers=[(id=Pig,Passengers=[(id=Pig,Passengers=[(id=Pig,Passengers=[(id=Pig,Passengers=[(id=Villager)])])])])])])])])@luck=0
[22:21:35] [Server thread/INFO] [STDOUT]: [mod.lucky.drop.func.DropProcessor:processRandomDrop:122]: Chosen Lucky Block Drop: type=item,ID=lucky:lucky_bow@chance=1.5@luck=2
[22:21:35] [Server thread/INFO] [net.minecraft.server.dedicated.DedicatedServer]: [@: Set TTottaly_RED's spawn point to (-426, 7, -284)]
[22:21:36] [Server thread/INFO] [net.minecraft.server.dedicated.DedicatedServer]: [@: Set TTottaly_RED's spawn point to (-425, 7, -288)]
[22:21:38] [Server thread/INFO] [net.minecraft.server.dedicated.DedicatedServer]: [@: Set RompOrTos's spawn point to (-432, 7, -239)]
[22:21:48] [Server thread/INFO] [net.minecraft.server.dedicated.DedicatedServer]: [@: Set TTottaly_RED's spawn point to (-425, 7, -289)]
[22:21:48] [Server thread/INFO] [STDOUT]: [mod.lucky.drop.func.DropProcessor:processRandomDrop:122]: Chosen Lucky Block Drop: group(type=entity,ID=Wolf,amount=#rand(5,10),posOffset=#circleOffset(3),NBTTag=(CollarColor=#rand(0,14),OwnerUUID=#pUUID,Sitting=1);type=particle,ID="heart",size=(2,0,2),particleAmount=20)@luck=1
[22:21:48] [Server thread/INFO] [net.minecraft.server.dedicated.DedicatedServer]: [@: Set RompOrTos's spawn point to (-445, 7, -240)]
[22:21:49] [Server thread/INFO] [STDOUT]: [mod.lucky.drop.func.DropProcessor:processRandomDrop:122]: Chosen Lucky Block Drop: ID=dropper,amount=8@luck=0
[22:21:50] [Server thread/INFO] [STDOUT]: [mod.lucky.drop.func.DropProcessor:processRandomDrop:122]: Chosen Lucky Block Drop: group(ID=jukebox;ID=#rand(2256,2267),amount=#rand(1,3))@luck=1
[22:21:51] [Server thread/INFO] [STDOUT]: [mod.lucky.drop.func.DropProcessor:processRandomDrop:122]: Chosen Lucky Block Drop: ID=splash_potion,NBTTag=(Potion="harming",CustomPotionEffects=#unluckyPotionEffects,display=(Name="$4$lEvil Potion"))@luck=1
[22:21:54] [Server thread/INFO] [STDOUT]: [mod.lucky.drop.func.DropProcessor:processRandomDrop:122]: Chosen Lucky Block Drop: type=structure,ID=water_trap,pos=#pPos@luck=-2
[22:22:11] [Server thread/INFO] [STDOUT]: [mod.lucky.drop.func.DropProcessor:processRandomDrop:122]: Chosen Lucky Block Drop: type=structure,ID=giant_lucky_block_bad,rotation=#pDirect@luck=-2
[22:22:13] [Server thread/INFO] [STDOUT]: [mod.lucky.drop.func.DropProcessor:processRandomDrop:135]: Chosen Lucky Block Drop: group(group(ID=giant_block_break_stage_1;ID=giant_block_break_stage_2,delay=1;ID=giant_block_break_stage_3,delay=2;ID=giant_block_break_stage_4,delay=3;ID=giant_block_break_stage_5,delay=4),type=structure,pos=(-431.5,33.0,-225.5),rotation=1;type=fill,ID=air,pos=(-425,33,-230),pos2=(-432,40,-223),delay=5;type=entity,ID=tnt,pos=(-429,37,-226),NBTTag=(Fuse=50b,Motion=#randLaunchMotion),amount=15,delay=5)
[22:22:17] [Server thread/INFO] [net.minecraft.server.dedicated.DedicatedServer]: TTottaly_RED has made the advancement [Take Aim]
[22:22:19] [Server thread/INFO] [net.minecraft.server.dedicated.DedicatedServer]: netz_zk fell out of the world
[22:22:26] [Server thread/INFO] [STDOUT]: [mod.lucky.drop.func.DropProcessor:processRandomDrop:122]: Chosen Lucky Block Drop: group(ID=ender_pearl,amount=10;ID=ender_eye,amount=5)@luck=2
[22:22:27] [Server thread/INFO] [STDOUT]: [mod.lucky.drop.func.DropProcessor:processRandomDrop:122]: Chosen Lucky Block Drop: type=entity,ID=Villager,NBTTag=(Offers=(Recipes=[(buy=(id=diamond,Count=#rand(12,17)),sell=(id=diamond_helmet,Count=1,tag=(ench=#luckyHelmetEnchantments,display=(Name="$9$lHero's Helmet"))),maxUses=1),(buy=(id=diamond,Count=#rand(20,25)),sell=(id=diamond_chestplate,Count=1,tag=(ench=#luckyChestplateEnchantments,display=(Name="$9$lHero's Chestplate"))),maxUses=1),(buy=(id=diamond,Count=#rand(15,20)),sell=(id=diamond_leggings,Count=1,tag=(ench=#luckyLeggingsEnchantments,display=(Name="$9$lHero's Leggings"))),maxUses=1),(buy=(id=diamond,Count=#rand(12,17)),sell=(id=diamond_boots,Count=1,tag=(ench=#luckyBootsEnchantments,display=(Name="$9$lHero's Boots"))),maxUses=1)]),CustomName="$9$lHero Villager",CustomNameVisible=true)@luck=1
[22:22:28] [Server thread/INFO] [net.minecraft.server.dedicated.DedicatedServer]: stph_xmx fell from a high place
[22:22:28] [Server thread/INFO] [STDOUT]: [mod.lucky.drop.func.DropProcessor:processRandomDrop:122]: Chosen Lucky Block Drop: type=item,ID=lucky:lucky_potion,NBTTag=(Luck=#randList(100,-100)),amount=#rand(10,15)@chance=1.5@luck=2
[22:22:30] [Server thread/INFO] [net.minecraft.server.dedicated.DedicatedServer]: [@: Set stph_xmx's spawn point to (-439, 33, -171)]
[22:22:32] [Server thread/INFO] [STDOUT]: [mod.lucky.drop.func.DropProcessor:processRandomDrop:122]: Chosen Lucky Block Drop: group(type=effect,ID=6,range=4,amplifier=3;type=effect,ID=10,range=4,amplifier=1,duration=300;type=particle,ID=splashpotion,potion="healing";type=particle,ID=heart,size=(1.5,0.5,1.5),particleAmount=300)@luck=2
[22:22:33] [Server thread/INFO] [STDOUT]: [mod.lucky.drop.func.DropProcessor:processRandomDrop:122]: Chosen Lucky Block Drop: type=entity,ID=xp_bottle,NBTTag=(Motion=#motionFromDirection(#rand(0,360),-70,0.4)),amount=#rand(20,30)@luck=2
[22:22:34] [Server thread/INFO] [STDOUT]: [mod.lucky.drop.func.DropProcessor:processRandomDrop:122]: Chosen Lucky Block Drop: group(type=effect,ID=14,range=4,duration=300;type=particle,ID=splashpotion,potion="invisibility";type=particle,ID=explode,size=(2.0,1.0,2.0),particleAmount=300,amount=30,delay=#rand(0.0,8.0))@luck=2
[22:22:34] [Server thread/INFO] [STDOUT]: [mod.lucky.drop.func.DropProcessor:processRandomDrop:122]: Chosen Lucky Block Drop: type=entity,ID=xp_bottle,NBTTag=(Motion=#motionFromDirection(#rand(0,360),-70,0.4)),amount=#rand(20,30)@luck=2
[22:22:35] [Server thread/INFO] [STDOUT]: [mod.lucky.drop.func.DropProcessor:processRandomDrop:122]: Chosen Lucky Block Drop: group(type=entity,ID=potion,NBTTag=(Potion=(id=splash_potion,tag=(Potion=#randList("night_vision","leaping","fire_resistance","swiftness","water_breathing","healing","regeneration","strength")),Count=1),Motion=#motionFromDirection(#rand(0,360),-70,0.4)),amount=10)@luck=2
[22:22:36] [Server thread/INFO] [STDOUT]: [mod.lucky.drop.func.DropProcessor:processRandomDrop:122]: Chosen Lucky Block Drop: group(type=item,ID=anvil;ID=enchanted_book,NBTTag=(StoredEnchantments=#randEnchantment),posOffset=#circleOffset(0.0,2.0),amount=#rand(7,10);type=particle,ID=splashpotion,potion="strength")@luck=2
[22:22:37] [Server thread/INFO] [STDOUT]: [mod.lucky.drop.func.DropProcessor:processRandomDrop:122]: Chosen Lucky Block Drop: group(type=effect,ID=5,range=4,amplifier=1,duration=600;type=effect,ID=11,range=4,amplifier=1,duration=600;type=particle,ID=splashpotion,potion="strength";type=item,ID=iron_sword,posOffset=#circleOffset(0.0,2.0);type=item,ID=iron_helmet,posOffset=#circleOffset(0.0,2.0);type=item,ID=iron_chestplate,posOffset=#circleOffset(0.0,2.0);type=item,ID=iron_leggings,posOffset=#circleOffset(0.0,2.0);type=item,ID=iron_boots,posOffset=#circleOffset(0.0,2.0))@luck=2
[22:22:38] [Server thread/INFO] [STDOUT]: [mod.lucky.drop.func.DropProcessor:processRandomDrop:122]: Chosen Lucky Block Drop: group(type=effect,ID=14,range=4,duration=300;type=particle,ID=splashpotion,potion="invisibility";type=particle,ID=explode,size=(2.0,1.0,2.0),particleAmount=300,amount=30,delay=#rand(0.0,8.0))@luck=2
[22:22:38] [Server thread/INFO] [STDOUT]: [mod.lucky.drop.func.DropProcessor:processRandomDrop:122]: Chosen Lucky Block Drop: group(type=effect,ID=21,range=4,amplifier=1,duration=600;type=effect,ID=6,range=4,amplifier=3;type=effect,ID=22,range=4,amplifier=1,duration=600;type=particle,ID=splashpotion,potion="healing";type=entity,ID=horse,NBTTag=(OwnerUUID=#pUUID,ArmorItem=(id=golden_horse_armor,Count=1),SaddleItem=(id=saddle,Count=1)))@luck=2
[22:22:38] [Server thread/INFO] [STDOUT]: [mod.lucky.drop.func.DropProcessor:processRandomDrop:122]: Chosen Lucky Block Drop: group(type=effect,ID=5,range=4,amplifier=1,duration=600;type=effect,ID=11,range=4,amplifier=1,duration=600;type=particle,ID=splashpotion,potion="strength";type=item,ID=iron_sword,posOffset=#circleOffset(0.0,2.0);type=item,ID=iron_helmet,posOffset=#circleOffset(0.0,2.0);type=item,ID=iron_chestplate,posOffset=#circleOffset(0.0,2.0);type=item,ID=iron_leggings,posOffset=#circleOffset(0.0,2.0);type=item,ID=iron_boots,posOffset=#circleOffset(0.0,2.0))@luck=2
[22:22:38] [Server thread/INFO] [STDOUT]: [mod.lucky.drop.func.DropProcessor:processRandomDrop:122]: Chosen Lucky Block Drop: group(type=effect,ID=21,range=4,amplifier=1,duration=600;type=effect,ID=6,range=4,amplifier=3;type=effect,ID=22,range=4,amplifier=1,duration=600;type=particle,ID=splashpotion,potion="healing";type=entity,ID=horse,NBTTag=(OwnerUUID=#pUUID,ArmorItem=(id=golden_horse_armor,Count=1),SaddleItem=(id=saddle,Count=1)))@luck=2
[22:22:38] [Server thread/INFO] [STDOUT]: [mod.lucky.drop.func.DropProcessor:processRandomDrop:122]: Chosen Lucky Block Drop: group(type=effect,ID=6,range=4,amplifier=3;type=effect,ID=10,range=4,amplifier=1,duration=300;type=particle,ID=splashpotion,potion="healing";type=particle,ID=heart,size=(1.5,0.5,1.5),particleAmount=300)@luck=2
[22:22:39] [Server thread/INFO] [STDOUT]: [mod.lucky.drop.func.DropProcessor:processRandomDrop:122]: Chosen Lucky Block Drop: group(type=entity,ID=potion,NBTTag=(Potion=(id=splash_potion,tag=(Potion=#randList("night_vision","leaping","fire_resistance","swiftness","water_breathing","healing","regeneration","strength")),Count=1),Motion=#motionFromDirection(#rand(0,360),-70,0.4)),amount=10)@luck=2
[22:22:44] [Server thread/INFO] [net.minecraft.server.dedicated.DedicatedServer]: [@: Set stph_xmx's spawn point to (-438, 8, -246)]
[22:22:45] [Server thread/INFO] [net.minecraft.server.dedicated.DedicatedServer]: [@: Set stph_xmx's spawn point to (-436, 9, -251)]
[22:22:47] [Server thread/INFO] [STDOUT]: [mod.lucky.drop.func.DropProcessor:processRandomDrop:122]: Chosen Lucky Block Drop: type=structure,ID=pit_trap,pos=#pPos@luck=-2
[22:22:49] [Server thread/INFO] [STDOUT]: [mod.lucky.drop.func.DropProcessor:processRandomDrop:122]: Chosen Lucky Block Drop: ID=gold_ingot,amount=#rand(8,16)@luck=1
[22:22:54] [Server thread/INFO] [net.minecraft.server.dedicated.DedicatedServer]: [@: Set stph_xmx's spawn point to (-429, 8, -270)]
[22:22:55] [Server thread/INFO] [net.minecraft.server.dedicated.DedicatedServer]: [@: Set stph_xmx's spawn point to (-430, 8, -277)]
[22:22:55] [Server thread/INFO] [STDOUT]: [mod.lucky.drop.func.DropProcessor:processRandomDrop:122]: Chosen Lucky Block Drop: type=structure,ID=bedrock_problem,rotation=#pDirect@luck=-1
[22:23:00] [Server thread/INFO] [net.minecraft.server.dedicated.DedicatedServer]: [@: Set Jer_efece's spawn point to (-434, 51, -351)]
[22:23:00] [Server thread/INFO] [net.minecraft.server.dedicated.DedicatedServer]: [@: Set RompOrTos's spawn point to (-435, 45, -303)]
[22:23:00] [Server thread/INFO] [net.minecraft.server.dedicated.DedicatedServer]: [@: Set netz_zk's spawn point to (-434, 26, -300)]
[22:23:00] [Server thread/INFO] [net.minecraft.server.dedicated.DedicatedServer]: [@: Set TTottaly_RED's spawn point to (-438, 27, -297)]
[22:23:00] [Server thread/INFO] [net.minecraft.server.dedicated.DedicatedServer]: [@: Set stph_xmx's spawn point to (-436, 8, -288)]
[22:23:07] [Server thread/INFO] [net.minecraft.server.dedicated.DedicatedServer]: Jer_efece has reached the goal [Sky's the Limit]
[22:23:14] [Server thread/INFO] [net.minecraft.server.dedicated.DedicatedServer]: TTottaly_RED fell from a high place
[22:23:19] [Server thread/INFO] [net.minecraft.server.dedicated.DedicatedServer]: netz_zk fell from a high place
[22:23:25] [Server thread/INFO] [net.minecraft.server.dedicated.DedicatedServer]: Jer_efece fell out of the world
[22:23:28] [Server thread/INFO] [net.minecraft.server.dedicated.DedicatedServer]: [@: Set TTottaly_RED's spawn point to (-442, 6, -295)]
[22:23:45] [Server thread/INFO] [net.minecraft.server.dedicated.DedicatedServer]: RompOrTos fell out of the world
[22:23:48] [Server thread/INFO] [net.minecraft.server.dedicated.DedicatedServer]: [@: Set stph_xmx's spawn point to (-435, 51, -351)]
[22:23:48] [Server thread/INFO] [net.minecraft.server.dedicated.DedicatedServer]: [@: Set netz_zk's spawn point to (-434, 45, -305)]
[22:23:48] [Server thread/INFO] [net.minecraft.server.dedicated.DedicatedServer]: [@: Set RompOrTos's spawn point to (-435, 44, -303)]
[22:23:48] [Server thread/INFO] [net.minecraft.server.dedicated.DedicatedServer]: [@: Set TTottaly_RED's spawn point to (-436, 30, -300)]
[22:23:48] [Server thread/INFO] [net.minecraft.server.dedicated.DedicatedServer]: [@: Set Jer_efece's spawn point to (-427, 32, -411)]
[22:23:50] [Server thread/INFO] [net.minecraft.server.dedicated.DedicatedServer]: [Jer_efece: Set own game mode to Creative Mode]
[22:23:51] [Server thread/INFO] [net.minecraft.server.dedicated.DedicatedServer]: stph_xmx has reached the goal [Sky's the Limit]
[22:23:52] [Server thread/INFO] [net.minecraft.server.dedicated.DedicatedServer]: RompOrTos fell from a high place
[22:23:56] [Server thread/INFO] [net.minecraft.server.dedicated.DedicatedServer]: [@: Set netz_zk's spawn point to (-435, 51, -350)]
[22:23:56] [Server thread/INFO] [net.minecraft.server.dedicated.DedicatedServer]: [@: Set stph_xmx's spawn point to (-436, 51, -351)]
[22:23:56] [Server thread/INFO] [net.minecraft.server.dedicated.DedicatedServer]: [@: Set RompOrTos's spawn point to (-435, 44, -300)]
[22:23:56] [Server thread/INFO] [net.minecraft.server.dedicated.DedicatedServer]: [@: Set TTottaly_RED's spawn point to (-435, 31, -299)]
[22:23:56] [Server thread/INFO] [net.minecraft.server.dedicated.DedicatedServer]: [@: Set Jer_efece's spawn point to (-417, 69, -486)]
[22:23:57] [Server thread/INFO] [net.minecraft.server.dedicated.DedicatedServer]: [@: Set netz_zk's spawn point to (-434, 51, -351)]
[22:23:57] [Server thread/INFO] [net.minecraft.server.dedicated.DedicatedServer]: [@: Set stph_xmx's spawn point to (-438, 51, -352)]
[22:23:57] [Server thread/INFO] [net.minecraft.server.dedicated.DedicatedServer]: [@: Set RompOrTos's spawn point to (-435, 44, -300)]
[22:23:57] [Server thread/INFO] [net.minecraft.server.dedicated.DedicatedServer]: [@: Set TTottaly_RED's spawn point to (-435, 32, -299)]
[22:23:57] [Server thread/INFO] [net.minecraft.server.dedicated.DedicatedServer]: [@: Set Jer_efece's spawn point to (-417, 69, -490)]
[22:24:00] [Server thread/INFO] [net.minecraft.server.dedicated.DedicatedServer]: [Jer_efece: Set own game mode to Survival Mode]
[22:24:00] [Server thread/INFO] [net.minecraft.server.dedicated.DedicatedServer]: netz_zk has reached the goal [Sky's the Limit]
[22:24:06] [Server thread/INFO] [net.minecraft.server.dedicated.DedicatedServer]: [@: Set Jer_efece's spawn point to (-416, 68, -492)]
[22:24:06] [Server thread/INFO] [STDOUT]: [mod.lucky.drop.func.DropProcessor:processRandomDrop:122]: Chosen Lucky Block Drop: group(ID=golden_helmet;ID=golden_chestplate;ID=golden_leggings;ID=golden_boots;ID=golden_horse_armor)@luck=1
[22:24:11] [Server thread/INFO] [net.minecraft.server.dedicated.DedicatedServer]: netz_zk experienced kinetic energy
[22:24:13] [Server thread/INFO] [net.minecraft.server.dedicated.DedicatedServer]: [@: Set Jer_efece's spawn point to (-416, 68, -493)]
[22:24:13] [Server thread/INFO] [STDOUT]: [mod.lucky.drop.func.DropProcessor:processRandomDrop:122]: Chosen Lucky Block Drop: group(type=fill,ID=air,size=(1,8,1);type=entity,ID=falling_block,posY=#bPosY+7,NBTTag=(Block=iron_block);type=particle,ID=largesmoke,size=(1,2,1),particleAmount=500;type=sound,ID=block.fire.extinguish)@luck=0
[22:24:14] [Server thread/INFO] [STDOUT]: [mod.lucky.drop.func.DropProcessor:processRandomDrop:122]: Chosen Lucky Block Drop: type=structure,ID=bouncing_castle,pos=#pPos,rotation=#pDirect
[22:24:16] [Server thread/INFO] [STDOUT]: [mod.lucky.drop.func.DropProcessor:processRandomDrop:122]: Chosen Lucky Block Drop: ID=diamond_sword,NBTTag=(ench=#luckySwordEnchantments,display=(Name="$9$lHero's Sword"))@luck=2
[22:24:18] [Server thread/INFO] [STDOUT]: [mod.lucky.drop.func.DropProcessor:processRandomDrop:122]: Chosen Lucky Block Drop: type=item,ID=lucky:lucky_potion,NBTTag=(Luck=#randList(100,-100)),amount=#rand(10,15)@chance=1.5@luck=2
[22:24:19] [Server thread/INFO] [net.minecraft.server.dedicated.DedicatedServer]: RompOrTos has made the advancement [What a Deal!]
[22:24:21] [Server thread/INFO] [STDOUT]: [mod.lucky.drop.func.DropProcessor:processRandomDrop:122]: Chosen Lucky Block Drop: group:#rand(2,3):(ID=chainmail_helmet;ID=chainmail_chestplate;ID=chainmail_leggings;ID=chainmail_boots)@luck=2
[22:24:24] [Server thread/INFO] [STDOUT]: [mod.lucky.drop.func.DropProcessor:processRandomDrop:122]: Chosen Lucky Block Drop: group(type=fill,ID=air,size=(1,8,1);type=entity,ID=falling_block,posY=#bPosY+7,NBTTag=(Block=iron_block);type=particle,ID=largesmoke,size=(1,2,1),particleAmount=500;type=sound,ID=block.fire.extinguish)@luck=0
[22:24:26] [Server thread/INFO] [STDOUT]: [mod.lucky.drop.func.DropProcessor:processRandomDrop:122]: Chosen Lucky Block Drop: group(type=difficulty,ID=hard;type=explosion,damage=4;type=particle,ID=splashpotion,potion="harming")@luck=-2
[22:24:26] [Server thread/INFO] [net.minecraft.server.dedicated.DedicatedServer]: stph_xmx blew up
[22:24:27] [Server thread/INFO] [STDOUT]: [mod.lucky.drop.func.DropProcessor:processRandomDrop:122]: Chosen Lucky Block Drop: group(type=entity,ID=Wolf,amount=#rand(5,10),posOffset=#circleOffset(3),NBTTag=(CollarColor=#rand(0,14),OwnerUUID=#pUUID,Sitting=1);type=particle,ID="heart",size=(2,0,2),particleAmount=20)@luck=1
[22:24:29] [Server thread/INFO] [STDOUT]: [mod.lucky.drop.func.DropProcessor:processRandomDrop:122]: Chosen Lucky Block Drop: type=structure,ID=bedrock_problem,rotation=#pDirect@luck=-1
[22:24:30] [Server thread/INFO] [net.minecraft.server.dedicated.DedicatedServer]: [@: Set stph_xmx's spawn point to (-436, 51, -352)]
[22:24:30] [Server thread/INFO] [net.minecraft.server.dedicated.DedicatedServer]: [@: Set netz_zk's spawn point to (-428, 45, -333)]
[22:24:30] [Server thread/INFO] [net.minecraft.server.dedicated.DedicatedServer]: [@: Set TTottaly_RED's spawn point to (-435, 44, -323)]
[22:24:30] [Server thread/INFO] [net.minecraft.server.dedicated.DedicatedServer]: [@: Set RompOrTos's spawn point to (-443, 4, -318)]
[22:24:30] [Server thread/INFO] [net.minecraft.server.dedicated.DedicatedServer]: [@: Set Jer_efece's spawn point to (-416, 68, -523)]
[22:24:32] [Server thread/INFO] [net.minecraft.server.dedicated.DedicatedServer]: RompOrTos fell out of the world
[22:24:38] [Server thread/INFO] [net.minecraft.server.dedicated.DedicatedServer]: RompOrTos fell out of the world
[22:24:40] [Server thread/INFO] [STDOUT]: [mod.lucky.drop.func.DropProcessor:processRandomDrop:122]: Chosen Lucky Block Drop: group(type=effect,ID=18,range=4,duration=30;type=particle,ID=splashpotion,potion="weakness";type=difficulty,ID=hard;type=entity,ID=#randList(Zombie,Skeleton,Spider),posOffset=#circleOffset(0.0,2.0),amount=#rand(7,10))@luck=-2
[22:24:41] [Server thread/INFO] [STDOUT]: [mod.lucky.drop.func.DropProcessor:processRandomDrop:122]: Chosen Lucky Block Drop: type=item,ID=lucky:lucky_potion,NBTTag=(Luck=#randList(100,-100)),amount=#rand(10,15)@chance=1.5@luck=2
[22:24:41] [Server thread/INFO] [net.minecraft.server.dedicated.DedicatedServer]: [@: Set netz_zk's spawn point to (-452, 68, -493)]
[22:24:41] [Server thread/INFO] [STDOUT]: [mod.lucky.drop.func.DropProcessor:processRandomDrop:122]: Chosen Lucky Block Drop: type=structure,ID=anvil_trap,pos=#pPos,rotation=#pDirect@luck=-2
[22:24:43] [Server thread/INFO] [STDOUT]: [mod.lucky.drop.func.DropProcessor:processRandomDrop:122]: Chosen Lucky Block Drop: group(type=effect,ID=15,range=4,duration=10;type=effect,ID=2,range=4,duration=10;type=particle,ID=splashpotion,potion="slowness";type=particle,ID=largesmoke,size=(2.0,1.0,2.0),particleAmount=300,amount=30,delay=#rand(0.0,8.0))@luck=-2
[22:24:44] [Server thread/INFO] [STDOUT]: [mod.lucky.drop.func.DropProcessor:processRandomDrop:122]: Chosen Lucky Block Drop: ID=dropper,amount=8@luck=0
[22:24:44] [Server thread/INFO] [net.minecraft.server.dedicated.DedicatedServer]: netz_zk was squashed by a falling anvil
[22:24:45] [Server thread/INFO] [net.minecraft.server.dedicated.DedicatedServer]: RompOrTos fell out of the world
[22:24:48] [Server thread/INFO] [net.minecraft.server.dedicated.DedicatedServer]: [@: Teleported netz_zk to -452.5, 28.0, -117.5]
[22:24:48] [Server thread/INFO] [net.minecraft.server.dedicated.DedicatedServer]: [@: Set Jer_efece's spawn point to (-416, 68, -540)]
[22:24:49] [Server thread/INFO] [STDOUT]: [mod.lucky.drop.func.DropProcessor:processRandomDrop:122]: Chosen Lucky Block Drop: group(type=effect,ID=23,range=4,amplifier=3,duration=600;type=particle,ID=splashpotion,potion="strength";type=block,ID=cake;type=item,ID=#randList(apple,baked_potato,bread,carrot,cooked_chicken,cooked_fish,cooked_mutton,cooked_porkchop,cooked_beef,cooked_rabbit,cookie,golden_apple,golden_carrot,melon,mushroom_stew,potato,pumpkin_pie,rabbit_stew,beef,fish,mutton,porkchop),amount=20)@luck=2
[22:24:49] [Server thread/INFO] [net.minecraft.server.dedicated.DedicatedServer]: [@: Set netz_zk's spawn point to (-454, 28, -118)]
[22:24:49] [Server thread/INFO] [STDOUT]: [mod.lucky.drop.func.DropProcessor:processRandomDrop:122]: Chosen Lucky Block Drop: group(type=fill,ID=air,size=(1,8,1);type=entity,ID=falling_block,posY=#bPosY+7,NBTTag=(Block=iron_block);type=particle,ID=largesmoke,size=(1,2,1),particleAmount=500;type=sound,ID=block.fire.extinguish)@luck=0
[22:24:50] [Server thread/INFO] [net.minecraft.server.dedicated.DedicatedServer]: [RompOrTos: Set own game mode to Survival Mode]
[22:24:50] [Server thread/INFO] [STDOUT]: [mod.lucky.drop.func.DropProcessor:processRandomDrop:122]: Chosen Lucky Block Drop: type=entity,ID=xp_bottle,NBTTag=(Motion=#motionFromDirection(#rand(0,360),-70,0.4)),amount=#rand(20,30)@luck=2
[22:24:51] [Server thread/INFO] [net.minecraft.server.dedicated.DedicatedServer]: [@: Set Jer_efece's spawn point to (-414, 68, -546)]
[22:24:51] [Server thread/INFO] [net.minecraft.server.dedicated.DedicatedServer]: RompOrTos fell out of the world
[22:24:52] [Server thread/INFO] [net.minecraft.server.dedicated.DedicatedServer]: [@: Set Jer_efece's spawn point to (-415, 69, -548)]
[22:24:52] [Server thread/INFO] [net.minecraft.server.dedicated.DedicatedServer]: [@: Given Jump Boost (ID 8) * 30 to Jer_efece for 6 seconds]
[22:24:54] [Server thread/INFO] [STDOUT]: [mod.lucky.drop.func.DropProcessor:processRandomDrop:122]: Chosen Lucky Block Drop: group(type=effect,ID=5,range=4,amplifier=1,duration=600;type=effect,ID=11,range=4,amplifier=1,duration=600;type=particle,ID=splashpotion,potion="strength";type=item,ID=iron_sword,posOffset=#circleOffset(0.0,2.0);type=item,ID=iron_helmet,posOffset=#circleOffset(0.0,2.0);type=item,ID=iron_chestplate,posOffset=#circleOffset(0.0,2.0);type=item,ID=iron_leggings,posOffset=#circleOffset(0.0,2.0);type=item,ID=iron_boots,posOffset=#circleOffset(0.0,2.0))@luck=2
[22:24:55] [Server thread/INFO] [STDOUT]: [mod.lucky.drop.func.DropProcessor:processRandomDrop:122]: Chosen Lucky Block Drop: group(ID=leather_helmet;ID=leather_chestplate;ID=leather_leggings;ID=leather_boots)@luck=0
[22:24:57] [Server thread/INFO] [net.minecraft.server.dedicated.DedicatedServer]: [RompOrTos: Set own game mode to Creative Mode]
[22:24:58] [Server thread/INFO] [net.minecraft.server.dedicated.DedicatedServer]: RompOrTos fell out of the world
[22:25:00] [Server thread/INFO] [net.minecraft.server.dedicated.DedicatedServer]: stph_xmx has made the advancement [Suit Up]
[22:25:07] [Server thread/INFO] [net.minecraft.server.dedicated.DedicatedServer]: [@: Teleported Jer_efece to -126.5, 120.0, -3.5]
[22:25:09] [Server thread/INFO] [STDOUT]: [mod.lucky.drop.func.DropProcessor:processRandomDrop:122]: Chosen Lucky Block Drop: group(type=difficulty,ID=hard;type=entity,ID=Creeper;type=entity,ID=LightningBolt)@luck=-2
[22:25:10] [Server thread/INFO] [net.minecraft.server.dedicated.DedicatedServer]: [@: Set netz_zk's spawn point to (-436, 30, -130)]
[22:25:12] [Server thread/INFO] [STDOUT]: [mod.lucky.drop.func.DropProcessor:processRandomDrop:122]: Chosen Lucky Block Drop: type=entity,ID=Villager,NBTTag=(Offers=(Recipes=[(buy=(id=diamond,Count=#rand(20,25)),sell=(id=diamond_sword,Count=1,tag=(ench=#luckySwordEnchantments,display=(Name="$9$lHero's Sword"))),maxUses=1),(buy=(id=diamond,Count=#rand(20,25)),sell=(id=bow,Count=1,tag=(ench=#luckyBowEnchantments,display=(Name="$9$lHero's Bow"))),maxUses=1),(buy=(id=diamond,Count=#rand(10,15)),sell=(id=fishing_rod,Count=1,tag=(ench=#luckyFishingRodEnchantments,display=(Name="$9$lHero's Fishing Rod"))),maxUses=1),(buy=(id=diamond,Count=#rand(10,15)),sell=(id=potion,Count=1,tag=(Potion="fire_resistance",CustomPotionEffects=#luckyPotionEffects,display=(Name="$9$lHero's Potion"))),maxUses=1),(buy=(id=diamond,Count=#rand(7,12)),sell=(id=splash_potion,Count=1,tag=(Potion="harming",CustomPotionEffects=#unluckyPotionEffects,display=(Name="$4$lEvil Potion"))),maxUses=1)]),CustomName="$9$lHero Villager",CustomNameVisible=true)@luck=1
[22:25:12] [Server thread/INFO] [STDOUT]: [mod.lucky.drop.func.DropProcessor:processRandomDrop:122]: Chosen Lucky Block Drop: ID=splash_potion,NBTTag=(Potion="harming",CustomPotionEffects=#unluckyPotionEffects,display=(Name="$4$lEvil Potion"))@luck=1
[22:25:13] [Server thread/INFO] [STDOUT]: [mod.lucky.drop.func.DropProcessor:processRandomDrop:122]: Chosen Lucky Block Drop: ID=cake@luck=0
[22:25:13] [Server thread/INFO] [net.minecraft.server.dedicated.DedicatedServer]: [@: Set netz_zk's spawn point to (-428, 30, -131)]
[22:25:15] [Server thread/INFO] [STDOUT]: [mod.lucky.drop.func.DropProcessor:processRandomDrop:122]: Chosen Lucky Block Drop: ID=potion,NBTTag=(Potion="fire_resistance",CustomPotionEffects=#luckyPotionEffects,display=(Name="$9$lHero's Potion"))@luck=2
[22:25:15] [Server thread/INFO] [net.minecraft.server.dedicated.DedicatedServer]: [RompOrTos: Teleported netz_zk to RompOrTos]
[22:25:20] [Server thread/INFO] [STDOUT]: [mod.lucky.drop.func.DropProcessor:processRandomDrop:122]: Chosen Lucky Block Drop: group(ID=leather_helmet;ID=leather_chestplate;ID=leather_leggings;ID=leather_boots)@luck=0
[22:25:22] [Server thread/INFO] [STDOUT]: [mod.lucky.drop.func.DropProcessor:processRandomDrop:122]: Chosen Lucky Block Drop: type=item,ID=lucky:lucky_bow@chance=1.5@luck=2
[22:25:22] [Server thread/INFO] [net.minecraft.server.dedicated.DedicatedServer]: [RompOrTos: Set own game mode to Survival Mode]
[22:25:24] [Server thread/INFO] [STDOUT]: [mod.lucky.drop.func.DropProcessor:processRandomDrop:122]: Chosen Lucky Block Drop: type=item,ID=lucky:lucky_sword@chance=1.5@luck=2
[22:25:28] [Server thread/INFO] [STDOUT]: [mod.lucky.drop.func.DropProcessor:processRandomDrop:122]: Chosen Lucky Block Drop: group(type=difficulty,ID=hard;type=entity,ID=Creeper;type=entity,ID=LightningBolt)@luck=-2
[22:25:33] [Server thread/INFO] [STDOUT]: [mod.lucky.drop.func.DropProcessor:processRandomDrop:122]: Chosen Lucky Block Drop: ID=spawn_egg,NBTTag=(EntityTag=(id=#randSpawnEgg)),amount=#rand(4,8)@luck=1
[22:25:34] [Server thread/INFO] [STDOUT]: [mod.lucky.drop.func.DropProcessor:processRandomDrop:122]: Chosen Lucky Block Drop: ID=rabbit_stew,amount=#rand(5,7)@luck=1
[22:25:35] [Server thread/INFO] [STDOUT]: [mod.lucky.drop.func.DropProcessor:processRandomDrop:122]: Chosen Lucky Block Drop: group(type=fill,ID=air,size=(1,51,1);type=entity,ID=falling_block,NBTTag=(Block=redstone_block),posY=#bPosY+5;group(posY=#bPosY+10;posY=#bPosY+15;posY=#bPosY+20;posY=#bPosY+25;posY=#bPosY+30;posY=#bPosY+35;posY=#bPosY+40;posY=#bPosY+45;posY=#bPosY+50),type=entity,ID=falling_block,NBTTag=(Block=tnt))@luck=2
[22:25:36] [Server thread/INFO] [STDOUT]: [mod.lucky.drop.func.DropProcessor:processRandomDrop:122]: Chosen Lucky Block Drop: ID=obsidian,amount=14@luck=1
[22:25:36] [Server thread/INFO] [net.minecraft.server.dedicated.DedicatedServer]: netz_zk has made the advancement [Ice Bucket Challenge]
[22:25:36] [Server thread/INFO] [net.minecraft.server.dedicated.DedicatedServer]: [@: Set stph_xmx's spawn point to (-437, 68, -540)]
[22:25:37] [Server thread/INFO] [STDOUT]: [mod.lucky.drop.func.DropProcessor:processRandomDrop:122]: Chosen Lucky Block Drop: type=item,ID=lucky:lucky_potion,NBTTag=(Luck=#randList(100,-100)),amount=#rand(10,15)@chance=1.5@luck=2
[22:25:37] [Server thread/INFO] [STDOUT]: [mod.lucky.drop.func.DropProcessor:processRandomDrop:122]: Chosen Lucky Block Drop: type=entity,ID=llama,amount=8,posOffset=#circleOffset(4),NBTTag=(CustomName=#randList("$5$lLlaura","$5$lLlauretta","$5$lLlavender","$5$lLlinda","$5$lLlisa","$5$lLlouise","$5$lLlucy","$5$lLlydia"),Variant=#rand(0,3),CustomNameVisible=true)@luck=0
[22:25:37] [Server thread/INFO] [net.minecraft.server.dedicated.DedicatedServer]: [@: Set RompOrTos's spawn point to (-434, 51, -351)]
[22:25:37] [Server thread/INFO] [net.minecraft.server.dedicated.DedicatedServer]: [@: Set TTottaly_RED's spawn point to (-440, 51, -325)]
[22:25:37] [Server thread/INFO] [net.minecraft.server.dedicated.DedicatedServer]: [@: Set netz_zk's spawn point to (-452, 68, -518)]
[22:25:37] [Server thread/INFO] [net.minecraft.server.dedicated.DedicatedServer]: [@: Set stph_xmx's spawn point to (-437, 68, -544)]
[22:25:37] [Server thread/INFO] [net.minecraft.server.dedicated.DedicatedServer]: [@: Set Jer_efece's spawn point to (-154, 119, -26)]
[22:25:39] [Server thread/INFO] [STDOUT]: [mod.lucky.drop.func.DropProcessor:processRandomDrop:122]: Chosen Lucky Block Drop: type=structure,ID=bedrock_problem,rotation=#pDirect@luck=-1
[22:25:39] [Server thread/INFO] [STDOUT]: [mod.lucky.drop.func.DropProcessor:processRandomDrop:122]: Chosen Lucky Block Drop: group(type=effect,ID=1,range=4,amplifier=2,duration=600;type=particle,ID=splashpotion,potion="swiftness";type=item,ID=#randList(cookie,sugar),posOffset=#circleOffset(0.0,2.0),amount=30)@luck=2
[22:25:40] [Server thread/INFO] [net.minecraft.server.dedicated.DedicatedServer]: [@: Given Jump Boost (ID 8) * 30 to stph_xmx for 6 seconds]
[22:25:41] [Server thread/INFO] [net.minecraft.server.dedicated.DedicatedServer]: RompOrTos has reached the goal [Sky's the Limit]
[22:25:42] [Server thread/INFO] [STDOUT]: [mod.lucky.drop.func.DropProcessor:processRandomDrop:122]: Chosen Lucky Block Drop: ID=enchanting_table@luck=2
[22:25:42] [Server thread/INFO] [STDOUT]: [mod.lucky.drop.func.DropProcessor:processRandomDrop:122]: Chosen Lucky Block Drop: type=entity,ID=xp_bottle,NBTTag=(Motion=#motionFromDirection(#rand(0,360),-70,0.4)),amount=#rand(20,30)@luck=2
[22:25:43] [Server thread/INFO] [STDOUT]: [mod.lucky.drop.func.DropProcessor:processRandomDrop:122]: Chosen Lucky Block Drop: type=entity,ID=Villager,NBTTag=(Offers=(Recipes=[(buy=(id=diamond,Count=#rand(20,25)),sell=(id=diamond_sword,Count=1,tag=(ench=#luckySwordEnchantments,display=(Name="$9$lHero's Sword"))),maxUses=1),(buy=(id=diamond,Count=#rand(20,25)),sell=(id=bow,Count=1,tag=(ench=#luckyBowEnchantments,display=(Name="$9$lHero's Bow"))),maxUses=1),(buy=(id=diamond,Count=#rand(10,15)),sell=(id=fishing_rod,Count=1,tag=(ench=#luckyFishingRodEnchantments,display=(Name="$9$lHero's Fishing Rod"))),maxUses=1),(buy=(id=diamond,Count=#rand(10,15)),sell=(id=potion,Count=1,tag=(Potion="fire_resistance",CustomPotionEffects=#luckyPotionEffects,display=(Name="$9$lHero's Potion"))),maxUses=1),(buy=(id=diamond,Count=#rand(7,12)),sell=(id=splash_potion,Count=1,tag=(Potion="harming",CustomPotionEffects=#unluckyPotionEffects,display=(Name="$4$lEvil Potion"))),maxUses=1)]),CustomName="$9$lHero Villager",CustomNameVisible=true)@luck=1
[22:25:44] [Server thread/INFO] [net.minecraft.server.dedicated.DedicatedServer]: [@: Given Jump Boost (ID 8) * 30 to stph_xmx for 6 seconds]
[22:25:45] [Server thread/INFO] [STDOUT]: [mod.lucky.drop.func.DropProcessor:processRandomDrop:122]: Chosen Lucky Block Drop: group(type=item,ID=anvil;ID=enchanted_book,NBTTag=(StoredEnchantments=#randEnchantment),posOffset=#circleOffset(0.0,2.0),amount=#rand(7,10);type=particle,ID=splashpotion,potion="strength")@luck=2
[22:25:45] [Server thread/INFO] [net.minecraft.server.dedicated.DedicatedServer]: [@: Set netz_zk's spawn point to (-451, 68, -541)]
[22:25:46] [Server thread/INFO] [STDOUT]: [mod.lucky.drop.func.DropProcessor:processRandomDrop:122]: Chosen Lucky Block Drop: group(type=structure,ID=wishing_well;type=message,ID="A wishing well? Maybe you should throw in a coin...";type=command,ID="/give #pName gold_nugget 1 0 {display:{Name:\"$6Coin\"}}";type=block,ID=lucky:lucky_block,posY=#bPosY-3,NBTTag=(Drops=["group(type=message,ID=\"$eYour wish came true! (If you like potatoes)\";type=block,ID=air,posY='#'bPosY+3;type=block,ID=beacon,posY='#'bPosY+2;ID=potato,amount=128,posY='#'bPosY+10,posOffset='#'circleOffset(2);ID=baked_potato,amount=64,posY='#'bPosY+10,posOffset='#'circleOffset(2);ID=poisonous_potato,amount=32,posY='#'bPosY+10,posOffset='#'circleOffset(2))"]))@luck=1
[22:25:46] [Server thread/INFO] [net.minecraft.server.dedicated.DedicatedServer]: [@: Given [Coin] * 1 to netz_zk]
[22:25:47] [Server thread/INFO] [net.minecraft.server.dedicated.DedicatedServer]: [@: Set netz_zk's spawn point to (-452, 68, -542)]
[22:25:48] [Server thread/INFO] [STDOUT]: [mod.lucky.drop.func.DropProcessor:processRandomDrop:122]: Chosen Lucky Block Drop: group(type=effect,ID=6,range=4,amplifier=3;type=effect,ID=10,range=4,amplifier=1,duration=300;type=particle,ID=splashpotion,potion="healing";type=particle,ID=heart,size=(1.5,0.5,1.5),particleAmount=300)@luck=2
[22:25:49] [Server thread/INFO] [net.minecraft.server.dedicated.DedicatedServer]: [@: Set netz_zk's spawn point to (-451, 68, -542)]
[22:25:50] [Server thread/INFO] [STDOUT]: [mod.lucky.drop.func.DropProcessor:processRandomDrop:122]: Chosen Lucky Block Drop: group(type=entity,ID=potion,NBTTag=(Potion=(id=splash_potion,tag=(Potion=#randList("night_vision","leaping","fire_resistance","swiftness","water_breathing","healing","regeneration","strength")),Count=1),Motion=#motionFromDirection(#rand(0,360),-70,0.4)),amount=10)@luck=2
[22:25:52] [Server thread/INFO] [STDOUT]: [mod.lucky.drop.func.DropProcessor:processRandomDrop:135]: Chosen Lucky Block Drop: group(type=message,ID="Your wish came true! (If you like potatoes)";type=block,ID=air,posY=#bPosY+3;type=block,ID=beacon,posY=#bPosY+2;ID=potato,amount=128,posY=#bPosY+10,posOffset=#circleOffset(2);ID=baked_potato,amount=64,posY=#bPosY+10,posOffset=#circleOffset(2);ID=poisonous_potato,amount=32,posY=#bPosY+10,posOffset=#circleOffset(2))
[22:25:53] [Server thread/INFO] [STDOUT]: [mod.lucky.drop.func.DropProcessor:processRandomDrop:122]: Chosen Lucky Block Drop: type=entity,ID=xp_bottle,NBTTag=(Motion=#motionFromDirection(#rand(0,360),-70,0.4)),amount=#rand(20,30)@luck=2
[22:25:53] [Server thread/INFO] [net.minecraft.server.dedicated.DedicatedServer]: [@: Set netz_zk's spawn point to (-453, 69, -544)]
[22:25:55] [Server thread/INFO] [STDOUT]: [mod.lucky.drop.func.DropProcessor:processRandomDrop:122]: Chosen Lucky Block Drop: group(type=effect,ID=23,range=4,amplifier=3,duration=600;type=particle,ID=splashpotion,potion="strength";type=block,ID=cake;type=item,ID=#randList(apple,baked_potato,bread,carrot,cooked_chicken,cooked_fish,cooked_mutton,cooked_porkchop,cooked_beef,cooked_rabbit,cookie,golden_apple,golden_carrot,melon,mushroom_stew,potato,pumpkin_pie,rabbit_stew,beef,fish,mutton,porkchop),amount=20)@luck=2
[22:25:56] [Server thread/INFO] [STDOUT]: [mod.lucky.drop.func.DropProcessor:processRandomDrop:122]: Chosen Lucky Block Drop: group(type=entity,ID=Wolf,amount=#rand(5,10),posOffset=#circleOffset(3),NBTTag=(CollarColor=#rand(0,14),OwnerUUID=#pUUID,Sitting=1);type=particle,ID="heart",size=(2,0,2),particleAmount=20)@luck=1
[22:25:57] [Server thread/INFO] [STDOUT]: [mod.lucky.drop.func.DropProcessor:processRandomDrop:122]: Chosen Lucky Block Drop: group(type=fill,ID=air,size=(1,8,1);type=entity,ID=falling_block,posY=#bPosY+7,NBTTag=(Block=gold_block);type=particle,ID=flame,size=(1,2,1),particleAmount=500;type=sound,ID=entity.ghast.shoot)@luck=0
[22:25:59] [Server thread/INFO] [STDOUT]: [mod.lucky.drop.func.DropProcessor:processRandomDrop:122]: Chosen Lucky Block Drop: group(type=structure,ID=wishing_well;type=message,ID="A wishing well? Maybe you should throw in a coin...";type=command,ID="/give #pName gold_nugget 1 0 {display:{Name:\"$6Coin\"}}";type=block,ID=lucky:lucky_block,posY=#bPosY-3,NBTTag=(Drops=["group(type=message,ID=\"$eYour wish came true! (If you like potatoes)\";type=block,ID=air,posY='#'bPosY+3;type=block,ID=beacon,posY='#'bPosY+2;ID=potato,amount=128,posY='#'bPosY+10,posOffset='#'circleOffset(2);ID=baked_potato,amount=64,posY='#'bPosY+10,posOffset='#'circleOffset(2);ID=poisonous_potato,amount=32,posY='#'bPosY+10,posOffset='#'circleOffset(2))"]))@luck=1
[22:25:59] [Server thread/INFO] [net.minecraft.server.dedicated.DedicatedServer]: [@: Given [Coin] * 1 to netz_zk]
[22:26:01] [Server thread/INFO] [net.minecraft.server.dedicated.DedicatedServer]: stph_xmx fell from a high place
[22:26:10] [Server thread/INFO] [STDOUT]: [mod.lucky.drop.func.DropProcessor:processRandomDrop:135]: Chosen Lucky Block Drop: group(type=message,ID="Your wish came true! (If you like potatoes)";type=block,ID=air,posY=#bPosY+3;type=block,ID=beacon,posY=#bPosY+2;ID=potato,amount=128,posY=#bPosY+10,posOffset=#circleOffset(2);ID=baked_potato,amount=64,posY=#bPosY+10,posOffset=#circleOffset(2);ID=poisonous_potato,amount=32,posY=#bPosY+10,posOffset=#circleOffset(2))
[22:26:13] [Server thread/INFO] [STDOUT]: [mod.lucky.drop.func.DropProcessor:processRandomDrop:122]: Chosen Lucky Block Drop: group(type=entity,ID=Wolf,amount=#rand(5,10),posOffset=#circleOffset(3),NBTTag=(CollarColor=#rand(0,14),OwnerUUID=#pUUID,Sitting=1);type=particle,ID="heart",size=(2,0,2),particleAmount=20)@luck=1
[22:26:15] [Server thread/INFO] [STDOUT]: [mod.lucky.drop.func.DropProcessor:processRandomDrop:122]: Chosen Lucky Block Drop: group(type=difficulty,ID=hard;type=entity,ID=Giant)@luck=-2
[22:26:17] [Server thread/INFO] [STDOUT]: [mod.lucky.drop.func.DropProcessor:processRandomDrop:122]: Chosen Lucky Block Drop: group(ID=pumpkin,amount=#rand(8,16);ID=lit_pumpkin,amount=#rand(8,16))@luck=0
[22:26:18] [Server thread/INFO] [STDOUT]: [mod.lucky.drop.func.DropProcessor:processRandomDrop:122]: Chosen Lucky Block Drop: group:1:(group(ID=porkchop,amount=#rand(8,16);ID=cooked_porkchop,amount=#rand(4,8));group(ID=fish,amount=#rand(8,16);ID=cooked_fish,amount=#rand(4,8));group(ID=beef,amount=#rand(8,16);ID=cooked_beef,amount=#rand(4,8));group(ID=chicken,amount=#rand(8,16);ID=cooked_chicken,amount=#rand(4,8));group(ID=mutton,amount=#rand(8,16);ID=cooked_mutton,amount=#rand(4,8));group(ID=rabbit,amount=#rand(8,16);ID=cooked_rabbit,amount=#rand(4,8)))@luck=1
[22:26:26] [Server thread/INFO] [net.minecraft.server.dedicated.DedicatedServer]: [@: Given Jump Boost (ID 8) * 30 to netz_zk for 6 seconds]
[22:26:27] [Server thread/INFO] [net.minecraft.server.dedicated.DedicatedServer]: TTottaly_RED fell from a high place
[22:26:27] [Server thread/INFO] [net.minecraft.server.dedicated.DedicatedServer]: [@: Teleported stph_xmx to -126.5, 120.0, -3.5]
[22:26:33] [Server thread/INFO] [net.minecraft.server.dedicated.DedicatedServer]: RompOrTos was burnt to a crisp whilst fighting TTottaly_RED
[22:26:38] [Server thread/INFO] [net.minecraft.server.dedicated.DedicatedServer]: [@: Teleported netz_zk to -126.5, 120.0, -3.5]
[22:26:39] [Server thread/INFO] [net.minecraft.server.dedicated.DedicatedServer]: [@: Given [Lapis Lazuli Block] * 1 to Jer_efece]
[22:26:48] [Server thread/INFO] [net.minecraft.server.dedicated.DedicatedServer]: Jer_efece has made the advancement [Enchanter]
[22:26:53] [Server thread/INFO] [net.minecraft.server.dedicated.DedicatedServer]: [@: Teleported netz_zk to 14.5, 116.0, 13.5]
[22:26:55] [Server thread/INFO] [net.minecraft.server.dedicated.DedicatedServer]: [@: Set RompOrTos's spawn point to (-435, 51, -350)]
[22:26:55] [Server thread/INFO] [net.minecraft.server.dedicated.DedicatedServer]: [@: Set TTottaly_RED's spawn point to (-439, 44, -323)]
[22:26:55] [Server thread/INFO] [net.minecraft.server.dedicated.DedicatedServer]: [@: Set Jer_efece's spawn point to (-154, 119, -26)]
[22:26:55] [Server thread/INFO] [net.minecraft.server.dedicated.DedicatedServer]: [@: Set stph_xmx's spawn point to (-144, 119, -26)]
[22:26:55] [Server thread/INFO] [net.minecraft.server.dedicated.DedicatedServer]: [@: Set netz_zk's spawn point to (13, 116, 8)]
[22:27:00] [Server thread/INFO] [STDOUT]: [mod.lucky.drop.func.DropProcessor:processRandomDrop:122]: Chosen Lucky Block Drop: group(type=effect,ID=23,range=4,amplifier=3,duration=600;type=particle,ID=splashpotion,potion="strength";type=block,ID=cake;type=item,ID=#randList(apple,baked_potato,bread,carrot,cooked_chicken,cooked_fish,cooked_mutton,cooked_porkchop,cooked_beef,cooked_rabbit,cookie,golden_apple,golden_carrot,melon,mushroom_stew,potato,pumpkin_pie,rabbit_stew,beef,fish,mutton,porkchop),amount=20)@luck=2
[22:27:02] [Server thread/INFO] [STDOUT]: [mod.lucky.drop.func.DropProcessor:processRandomDrop:122]: Chosen Lucky Block Drop: group(type=effect,ID=5,range=4,amplifier=1,duration=600;type=effect,ID=11,range=4,amplifier=1,duration=600;type=particle,ID=splashpotion,potion="strength";type=item,ID=iron_sword,posOffset=#circleOffset(0.0,2.0);type=item,ID=iron_helmet,posOffset=#circleOffset(0.0,2.0);type=item,ID=iron_chestplate,posOffset=#circleOffset(0.0,2.0);type=item,ID=iron_leggings,posOffset=#circleOffset(0.0,2.0);type=item,ID=iron_boots,posOffset=#circleOffset(0.0,2.0))@luck=2
[22:27:03] [Server thread/INFO] [STDOUT]: [mod.lucky.drop.func.DropProcessor:processRandomDrop:122]: Chosen Lucky Block Drop: group(type=effect,ID=6,range=4,amplifier=3;type=effect,ID=10,range=4,amplifier=1,duration=300;type=particle,ID=splashpotion,potion="healing";type=particle,ID=heart,size=(1.5,0.5,1.5),particleAmount=300)@luck=2
[22:27:05] [Server thread/INFO] [STDOUT]: [mod.lucky.drop.func.DropProcessor:processRandomDrop:122]: Chosen Lucky Block Drop: group(type=effect,ID=21,range=4,amplifier=1,duration=600;type=effect,ID=6,range=4,amplifier=3;type=effect,ID=22,range=4,amplifier=1,duration=600;type=particle,ID=splashpotion,potion="healing";type=entity,ID=horse,NBTTag=(OwnerUUID=#pUUID,ArmorItem=(id=golden_horse_armor,Count=1),SaddleItem=(id=saddle,Count=1)))@luck=2
[22:27:07] [Server thread/INFO] [STDOUT]: [mod.lucky.drop.func.DropProcessor:processRandomDrop:122]: Chosen Lucky Block Drop: group(type=effect,ID=8,range=4,amplifier=2,duration=600;type=particle,ID=splashpotion,potion="leaping";type=entity,ID=Rabbit,posOffset=#circleOffset(0.0,2.0),amount=8)@luck=2
[22:27:13] [Server thread/INFO] [STDOUT]: [mod.lucky.drop.func.DropProcessor:processRandomDrop:122]: Chosen Lucky Block Drop: ID=obsidian,amount=14@luck=1
[22:27:13] [Server thread/INFO] [net.minecraft.server.dedicated.DedicatedServer]: RompOrTos has made the advancement [Ice Bucket Challenge]
[22:27:14] [Server thread/INFO] [net.minecraft.server.dedicated.DedicatedServer]: [@: Set RompOrTos's spawn point to (-437, 68, -492)]
[22:27:15] [Server thread/INFO] [STDOUT]: [mod.lucky.drop.func.DropProcessor:processRandomDrop:122]: Chosen Lucky Block Drop: group(type=effect,ID=5,range=4,amplifier=1,duration=600;type=effect,ID=11,range=4,amplifier=1,duration=600;type=particle,ID=splashpotion,potion="strength";type=item,ID=iron_sword,posOffset=#circleOffset(0.0,2.0);type=item,ID=iron_helmet,posOffset=#circleOffset(0.0,2.0);type=item,ID=iron_chestplate,posOffset=#circleOffset(0.0,2.0);type=item,ID=iron_leggings,posOffset=#circleOffset(0.0,2.0);type=item,ID=iron_boots,posOffset=#circleOffset(0.0,2.0))@luck=2
[22:27:17] [Server thread/INFO] [STDOUT]: [mod.lucky.drop.func.DropProcessor:processRandomDrop:122]: Chosen Lucky Block Drop: group(type=effect,ID=14,range=4,duration=300;type=particle,ID=splashpotion,potion="invisibility";type=particle,ID=explode,size=(2.0,1.0,2.0),particleAmount=300,amount=30,delay=#rand(0.0,8.0))@luck=2
[22:27:19] [Server thread/INFO] [net.minecraft.server.dedicated.DedicatedServer]: [@: Set RompOrTos's spawn point to (-437, 68, -494)]
[22:27:19] [Server thread/INFO] [STDOUT]: [mod.lucky.drop.func.DropProcessor:processRandomDrop:122]: Chosen Lucky Block Drop: type=entity,ID=Villager,NBTTag=(Offers=(Recipes=[(buy=(id=diamond,Count=#rand(10,15)),sell=(id=diamond_shovel,Count=1,tag=(ench=#luckyToolEnchantments,display=(Name="$9$lHero's Shovel"))),maxUses=1),(buy=(id=diamond,Count=#rand(15,20)),sell=(id=diamond_pickaxe,Count=1,tag=(ench=#luckyToolEnchantments,display=(Name="$9$lHero's Pickaxe"))),maxUses=1),(buy=(id=diamond,Count=#rand(15,20)),sell=(id=diamond_axe,Count=1,tag=(ench=#luckyAxeEnchantments,display=(Name="$9$lHero's Axe"))),maxUses=1),(buy=(id=diamond,Count=#rand(10,15)),sell=(id=diamond_hoe,Count=1,tag=(ench=#luckyToolEnchantments,display=(Name="$9$lHero's Hoe"))),maxUses=1)]),CustomName="$9$lHero Villager",CustomNameVisible=true)@luck=1
[22:27:20] [Server thread/INFO] [net.minecraft.server.dedicated.DedicatedServer]: [@: Set RompOrTos's spawn point to (-437, 68, -493)]
[22:27:27] [Server thread/INFO] [net.minecraft.server.dedicated.DedicatedServer]: [@: Teleported stph_xmx to -12.5, 116.0, 0.5]
[22:27:30] [Server thread/INFO] [STDOUT]: [mod.lucky.drop.func.DropProcessor:processRandomDrop:122]: Chosen Lucky Block Drop: ID=potion,NBTTag=(Potion="fire_resistance",CustomPotionEffects=#luckyPotionEffects,display=(Name="$9$lHero's Potion"))@luck=2
[22:27:32] [Server thread/INFO] [net.minecraft.server.dedicated.DedicatedServer]: [@: Set TTottaly_RED's spawn point to (-436, 51, -351)]
[22:27:32] [Server thread/INFO] [net.minecraft.server.dedicated.DedicatedServer]: [@: Set RompOrTos's spawn point to (-444, 68, -495)]
[22:27:32] [Server thread/INFO] [net.minecraft.server.dedicated.DedicatedServer]: [@: Set Jer_efece's spawn point to (-152, 120, -16)]
[22:27:32] [Server thread/INFO] [net.minecraft.server.dedicated.DedicatedServer]: [@: Set stph_xmx's spawn point to (-8, 117, 0)]
[22:27:32] [Server thread/INFO] [net.minecraft.server.dedicated.DedicatedServer]: [@: Set netz_zk's spawn point to (4, 117, 2)]
[22:27:33] [Server thread/INFO] [STDOUT]: [mod.lucky.drop.func.DropProcessor:processRandomDrop:122]: Chosen Lucky Block Drop: ID=enchanted_book,NBTTag=(StoredEnchantments=#randEnchantment),amount=#rand(7,10)@luck=1
[22:27:37] [Server thread/INFO] [net.minecraft.server.dedicated.DedicatedServer]: netz_zk was slain by stph_xmx
[22:27:42] [Server thread/INFO] [STDOUT]: [mod.lucky.drop.func.DropProcessor:processRandomDrop:122]: Chosen Lucky Block Drop: group(type=effect,ID=23,range=4,amplifier=3,duration=600;type=particle,ID=splashpotion,potion="strength";type=block,ID=cake;type=item,ID=#randList(apple,baked_potato,bread,carrot,cooked_chicken,cooked_fish,cooked_mutton,cooked_porkchop,cooked_beef,cooked_rabbit,cookie,golden_apple,golden_carrot,melon,mushroom_stew,potato,pumpkin_pie,rabbit_stew,beef,fish,mutton,porkchop),amount=20)@luck=2
[22:27:42] [Server thread/INFO] [STDOUT]: [mod.lucky.drop.func.DropProcessor:processRandomDrop:122]: Chosen Lucky Block Drop: type=entity,ID=xp_bottle,NBTTag=(Motion=#motionFromDirection(#rand(0,360),-70,0.4)),amount=#rand(20,30)@luck=2
[22:27:43] [Server thread/INFO] [STDOUT]: [mod.lucky.drop.func.DropProcessor:processRandomDrop:122]: Chosen Lucky Block Drop: type=block,ID=chest,tileEntity=(Items=#customChestLootTable({"pools":[{"rolls":{"min":6,"max":12},"entries":[{"type":"item","name":"minecraft:iron_ingot","weight":1,"functions":[{"function":"set_count","count":{"min":1,"max":8}}]},{"type":"item","name":"minecraft:gold_ingot","weight":1,"functions":[{"function":"set_count","count":{"min":1,"max":4}}]},{"type":"item","name":"minecraft:diamond","weight":1,"functions":[{"function":"set_count","count":{"min":1,"max":4}}]},{"type":"item","name":"minecraft:emerald","weight":1,"functions":[{"function":"set_count","count":{"min":1,"max":4}}]},{"type":"item","name":"minecraft:dye","weight":1,"functions":[{"function":"set_data","data":4},{"function":"set_count","count":{"min":1,"max":4}}]},{"type":"item","name":"lucky:lucky_block","weight":1,"functions":[{"function":"set_data","data":0},{"function":"set_count","count":{"min":1,"max":2}}]},{"type":"item","name":"minecraft:golden_apple","weight":1,"functions":[{"function":"set_data","data":0},{"function":"set_count","count":{"min":1,"max":2}}]},{"type":"item","name":"minecraft:golden_apple","weight":1,"functions":[{"function":"set_data","data":1},{"function":"set_count","count":{"min":1,"max":2}}]}]}]}))@luck=2
[22:27:43] [Server thread/INFO] [STDOUT]: [mod.lucky.drop.func.DropProcessor:processRandomDrop:122]: Chosen Lucky Block Drop: group(type=effect,ID=5,range=4,amplifier=1,duration=600;type=effect,ID=11,range=4,amplifier=1,duration=600;type=particle,ID=splashpotion,potion="strength";type=item,ID=iron_sword,posOffset=#circleOffset(0.0,2.0);type=item,ID=iron_helmet,posOffset=#circleOffset(0.0,2.0);type=item,ID=iron_chestplate,posOffset=#circleOffset(0.0,2.0);type=item,ID=iron_leggings,posOffset=#circleOffset(0.0,2.0);type=item,ID=iron_boots,posOffset=#circleOffset(0.0,2.0))@luck=2
[22:27:43] [Server thread/INFO] [STDOUT]: [mod.lucky.drop.func.DropProcessor:processRandomDrop:122]: Chosen Lucky Block Drop: type=entity,ID=xp_bottle,NBTTag=(Motion=#motionFromDirection(#rand(0,360),-70,0.4)),amount=#rand(20,30)@luck=2
[22:27:48] [Server thread/INFO] [net.minecraft.server.dedicated.DedicatedServer]: TTottaly_RED has reached the goal [Sky's the Limit]
[22:27:50] [Server thread/INFO] [net.minecraft.server.dedicated.DedicatedServer]: RompOrTos has made the advancement [Acquire Hardware]
[22:27:51] [Server thread/INFO] [STDOUT]: [mod.lucky.drop.func.DropProcessor:processRandomDrop:122]: Chosen Lucky Block Drop: type=entity,ID=Villager,NBTTag=(Offers=(Recipes=[(buy=(id=diamond,Count=#rand(12,17)),sell=(id=diamond_helmet,Count=1,tag=(ench=#luckyHelmetEnchantments,display=(Name="$9$lHero's Helmet"))),maxUses=1),(buy=(id=diamond,Count=#rand(20,25)),sell=(id=diamond_chestplate,Count=1,tag=(ench=#luckyChestplateEnchantments,display=(Name="$9$lHero's Chestplate"))),maxUses=1),(buy=(id=diamond,Count=#rand(15,20)),sell=(id=diamond_leggings,Count=1,tag=(ench=#luckyLeggingsEnchantments,display=(Name="$9$lHero's Leggings"))),maxUses=1),(buy=(id=diamond,Count=#rand(12,17)),sell=(id=diamond_boots,Count=1,tag=(ench=#luckyBootsEnchantments,display=(Name="$9$lHero's Boots"))),maxUses=1)]),CustomName="$9$lHero Villager",CustomNameVisible=true)@luck=1
[22:27:56] [Server thread/INFO] [net.minecraft.server.dedicated.DedicatedServer]: [@: Teleported Jer_efece to -12.5, 116.0, 0.5]
[22:27:57] [Server thread/INFO] [STDOUT]: [mod.lucky.drop.func.DropProcessor:processRandomDrop:122]: Chosen Lucky Block Drop: group:#rand(1,2):(ID=diamond_helmet;ID=diamond_chestplate;ID=diamond_leggings;ID=diamond_boots;ID=diamond_horse_armor)@luck=2
[22:28:02] [Server thread/INFO] [net.minecraft.server.dedicated.DedicatedServer]: netz_zk has made the advancement [Take Aim]
[22:28:02] [Server thread/INFO] [STDOUT]: [mod.lucky.drop.func.DropProcessor:processRandomDrop:122]: Chosen Lucky Block Drop: group(type=fill,ID=air,size=(1,8,1);type=entity,ID=falling_block,posY=#bPosY+7,NBTTag=(Block=diamond_block);type=entity,ID=LightningBolt)@luck=1
[22:28:03] [Server thread/INFO] [net.minecraft.server.dedicated.DedicatedServer]: [Jer_efece: Set own game mode to Creative Mode]
[22:28:07] [Server thread/INFO] [net.minecraft.server.dedicated.DedicatedServer]: [@: Teleported Jer_efece to -12.5, 116.0, 0.5]
[22:28:21] [Server thread/INFO] [net.minecraft.server.dedicated.DedicatedServer]: Jer_efece has made the advancement [Diamonds!]
[22:28:24] [Server thread/WARN] [net.minecraft.network.NetHandlerPlayServer]: stph_xmx moved wrongly!
[22:28:31] [Server thread/INFO] [STDOUT]: [mod.lucky.drop.func.DropProcessor:processRandomDrop:122]: Chosen Lucky Block Drop: group(type=effect,ID=19,range=4,duration=30;type=particle,ID=splashpotion,potion="poison";type=difficulty,ID=hard;type=entity,ID=cave_spider;type=item,ID=#randList(rotten_flesh,spider_eye,fermented_spider_eye),posOffset=#circleOffset(0.0,2.0),amount=30)@luck=-2
[22:28:31] [Server thread/INFO] [STDOUT]: [mod.lucky.drop.func.DropProcessor:processRandomDrop:122]: Chosen Lucky Block Drop: group(type=effect,ID=9,range=4,duration=10;type=effect,ID=17,range=3,amplifier=8,duration=10;type=particle,ID=splashpotion,potion="poison";type=difficulty,ID=hard;type=entity,ID=Slime;type=particle,ID=slime,size=(1.5,0.5,1.5),particleAmount=500)@luck=-2
[22:28:31] [Server thread/INFO] [STDOUT]: [mod.lucky.drop.func.DropProcessor:processRandomDrop:122]: Chosen Lucky Block Drop: group(type=effect,ID=7,range=4;type=particle,ID=splashpotion,potion="harming";type=entity,ID=lucky:LuckyProjectile,NBTTag=(Motion=#motionFromDirection(#rand(0,360),-50,0.4),item=(id=iron_sword),damage=4.0),amount=20)@luck=-2
[22:28:31] [Server thread/INFO] [STDOUT]: [mod.lucky.drop.func.DropProcessor:processRandomDrop:122]: Chosen Lucky Block Drop: group(type=effect,ID=special_knockback,power=2.5,range=4,delay=0.1;type=particle,ID=splashpotion,potion="swiftness";type=particle,ID=explode,size=(1.5,1.0,1.5),particleAmount=500)@luck=-2
[22:28:32] [Server thread/INFO] [STDOUT]: [mod.lucky.drop.func.DropProcessor:processRandomDrop:122]: Chosen Lucky Block Drop: group(type=entity,ID=potion,NBTTag=(Potion=(id=splash_potion,tag=(Potion=#randList("slowness","harming","poison","weakness")),Count=1),Motion=#motionFromDirection(#rand(0,360),-70,0.4)),amount=10)@luck=-2
[22:28:32] [Server thread/INFO] [STDOUT]: [mod.lucky.drop.func.DropProcessor:processRandomDrop:122]: Chosen Lucky Block Drop: group(type=effect,ID=special_knockback,power=2.5,range=4,delay=0.1;type=particle,ID=splashpotion,potion="swiftness";type=particle,ID=explode,size=(1.5,1.0,1.5),particleAmount=500)@luck=-2
[22:28:32] [Server thread/INFO] [STDOUT]: [mod.lucky.drop.func.DropProcessor:processRandomDrop:122]: Chosen Lucky Block Drop: group(type=effect,ID=special_knockback,power=2.5,range=4,delay=0.1;type=particle,ID=splashpotion,potion="swiftness";type=particle,ID=explode,size=(1.5,1.0,1.5),particleAmount=500)@luck=-2
[22:28:32] [Server thread/INFO] [STDOUT]: [mod.lucky.drop.func.DropProcessor:processRandomDrop:122]: Chosen Lucky Block Drop: group(type=entity,ID=potion,NBTTag=(Potion=(id=splash_potion,tag=(Potion=#randList("slowness","harming","poison","weakness")),Count=1),Motion=#motionFromDirection(#rand(0,360),-70,0.4)),amount=10)@luck=-2
[22:28:52] [Server thread/INFO] [net.minecraft.server.dedicated.DedicatedServer]: [@: Teleported Jer_efece to 1.5, 116.0, -13.5]
[22:28:56] [Server thread/INFO] [net.minecraft.server.dedicated.DedicatedServer]: [Jer_efece: Set own game mode to Survival Mode]
[22:29:14] [Server thread/INFO] [net.minecraft.server.dedicated.DedicatedServer]: netz_zk was slain by stph_xmx using [Hero's Sword]
[22:29:16] [Server thread/INFO] [net.minecraft.server.dedicated.DedicatedServer]: stph_xmx has made the advancement [Cover Me With Diamonds]
[22:29:17] [Server thread/INFO] [net.minecraft.server.dedicated.DedicatedServer]: [@: Set RompOrTos's spawn point to (-433, 69, -509)]
[22:29:37] [Server thread/INFO] [net.minecraft.server.dedicated.DedicatedServer]: [RompOrTos: Set the time to 1000]
[22:29:42] [Server thread/INFO] [net.minecraft.server.dedicated.DedicatedServer]: netz_zk was slain by stph_xmx using [Hero's Sword]
[22:29:44] [Server thread/INFO] [STDOUT]: [mod.lucky.drop.func.DropProcessor:processRandomDrop:122]: Chosen Lucky Block Drop: group(group:1:(ID=wool,damage=#rand(0,15),amount=#rand(32,64);ID=stained_hardened_clay,damage=#rand(0,15),amount=#rand(32,64);ID=dye,damage=#rand(0,15),amount=#rand(32,64));type=particle,ID=splashpotion,potion=#randPotion,amount=10)@luck=1
[22:29:45] [Server thread/INFO] [STDOUT]: [mod.lucky.drop.func.DropProcessor:processRandomDrop:122]: Chosen Lucky Block Drop: ID=sponge@luck=0
[22:29:46] [Server thread/INFO] [STDOUT]: [mod.lucky.drop.func.DropProcessor:processRandomDrop:122]: Chosen Lucky Block Drop: group(ID=pumpkin,amount=#rand(8,16);ID=lit_pumpkin,amount=#rand(8,16))@luck=0
[22:29:47] [Server thread/INFO] [STDOUT]: [mod.lucky.drop.func.DropProcessor:processRandomDrop:122]: Chosen Lucky Block Drop: group(type=difficulty,ID=hard;type=entity,ID=Witch;type=entity,ID=Bat,posY=#bPosY+#rand(0,2),posOffset=#circleOffset(0,1),amount=64)@luck=-1
[22:29:51] [Server thread/INFO] [STDOUT]: [mod.lucky.drop.func.DropProcessor:processRandomDrop:122]: Chosen Lucky Block Drop: type=block,ID=chest,tileEntity=(Items=#chestLootTable("chests/village_blacksmith"))@luck=1
[22:29:52] [Server thread/INFO] [STDOUT]: [mod.lucky.drop.func.DropProcessor:processRandomDrop:122]: Chosen Lucky Block Drop: type=entity,ID=Villager,NBTTag=(Offers=(Recipes=[(buy=(id=diamond,Count=#rand(20,25)),sell=(id=diamond_sword,Count=1,tag=(ench=#luckySwordEnchantments,display=(Name="$9$lHero's Sword"))),maxUses=1),(buy=(id=diamond,Count=#rand(20,25)),sell=(id=bow,Count=1,tag=(ench=#luckyBowEnchantments,display=(Name="$9$lHero's Bow"))),maxUses=1),(buy=(id=diamond,Count=#rand(10,15)),sell=(id=fishing_rod,Count=1,tag=(ench=#luckyFishingRodEnchantments,display=(Name="$9$lHero's Fishing Rod"))),maxUses=1),(buy=(id=diamond,Count=#rand(10,15)),sell=(id=potion,Count=1,tag=(Potion="fire_resistance",CustomPotionEffects=#luckyPotionEffects,display=(Name="$9$lHero's Potion"))),maxUses=1),(buy=(id=diamond,Count=#rand(7,12)),sell=(id=splash_potion,Count=1,tag=(Potion="harming",CustomPotionEffects=#unluckyPotionEffects,display=(Name="$4$lEvil Potion"))),maxUses=1)]),CustomName="$9$lHero Villager",CustomNameVisible=true)@luck=1
[22:29:54] [Server thread/INFO] [STDOUT]: [mod.lucky.drop.func.DropProcessor:processRandomDrop:122]: Chosen Lucky Block Drop: group:1:(ID=clock,NBTTag=(display=(Name="You're wasting your time"));ID=fish,damage=2,NBTTag=(display=(Name="I'm funny"));ID=fish,damage=3,NBTTag=(display=(Name="Oooooh!")))@luck=-1
[22:29:56] [Server thread/INFO] [STDOUT]: [mod.lucky.drop.func.DropProcessor:processRandomDrop:122]: Chosen Lucky Block Drop: ID=painting,amount=4@luck=0
[22:29:57] [Server thread/INFO] [net.minecraft.server.dedicated.DedicatedServer]: [@: Set TTottaly_RED's spawn point to (-422, 68, -504)]
[22:29:57] [Server thread/INFO] [net.minecraft.server.dedicated.DedicatedServer]: [@: Set RompOrTos's spawn point to (-430, 68, -541)]
[22:29:57] [Server thread/INFO] [STDOUT]: [mod.lucky.drop.func.DropProcessor:processRandomDrop:122]: Chosen Lucky Block Drop: group:#rand(1,2):(ID=diamond_helmet;ID=diamond_chestplate;ID=diamond_leggings;ID=diamond_boots;ID=diamond_horse_armor)@luck=2
[22:29:57] [Server thread/INFO] [STDOUT]: [mod.lucky.drop.func.DropProcessor:processRandomDrop:122]: Chosen Lucky Block Drop: group(ID=prismarine,amount=#rand(4,8);ID=prismarine,damage=1,amount=#rand(4,8);ID=prismarine,damage=2,amount=#rand(4,8);ID=sea_lantern,amount=#rand(4,8);ID=prismarine_shard,amount=#rand(15,30);ID=prismarine_crystals,amount=#rand(10,20);type=particle,ID=splashpotion,potion="invisibility")@luck=1
[22:29:59] [Server thread/INFO] [STDOUT]: [mod.lucky.drop.func.DropProcessor:processRandomDrop:122]: Chosen Lucky Block Drop: type=structure,ID=water_trap,pos=#pPos@luck=-2
[22:30:06] [Server thread/INFO] [net.minecraft.server.dedicated.DedicatedServer]: [@: Set TTottaly_RED's spawn point to (-423, 68, -512)]
[22:30:17] [Server thread/INFO] [net.minecraft.server.dedicated.DedicatedServer]: Jer_efece was slain by stph_xmx using [Hero's Sword]
[22:30:22] [Server thread/INFO] [net.minecraft.server.dedicated.DedicatedServer]: TTottaly_RED drowned
[22:30:23] [Server thread/INFO] [STDOUT]: [mod.lucky.drop.func.DropProcessor:processRandomDrop:122]: Chosen Lucky Block Drop: group(type=effect,ID=5,range=4,amplifier=1,duration=600;type=effect,ID=11,range=4,amplifier=1,duration=600;type=particle,ID=splashpotion,potion="strength";type=item,ID=iron_sword,posOffset=#circleOffset(0.0,2.0);type=item,ID=iron_helmet,posOffset=#circleOffset(0.0,2.0);type=item,ID=iron_chestplate,posOffset=#circleOffset(0.0,2.0);type=item,ID=iron_leggings,posOffset=#circleOffset(0.0,2.0);type=item,ID=iron_boots,posOffset=#circleOffset(0.0,2.0))@luck=2
[22:30:24] [Server thread/INFO] [net.minecraft.server.dedicated.DedicatedServer]: [@: Teleported Jer_efece to 1.5, 116.0, -13.5]
[22:30:24] [Server thread/INFO] [STDOUT]: [mod.lucky.drop.func.DropProcessor:processRandomDrop:122]: Chosen Lucky Block Drop: type=entity,ID=xp_bottle,NBTTag=(Motion=#motionFromDirection(#rand(0,360),-70,0.4)),amount=#rand(20,30)@luck=2
[22:30:24] [Server thread/INFO] [STDOUT]: [mod.lucky.drop.func.DropProcessor:processRandomDrop:122]: Chosen Lucky Block Drop: group(type=effect,ID=14,range=4,duration=300;type=particle,ID=splashpotion,potion="invisibility";type=particle,ID=explode,size=(2.0,1.0,2.0),particleAmount=300,amount=30,delay=#rand(0.0,8.0))@luck=2
[22:30:24] [Server thread/INFO] [STDOUT]: [mod.lucky.drop.func.DropProcessor:processRandomDrop:122]: Chosen Lucky Block Drop: type=entity,ID=xp_bottle,NBTTag=(Motion=#motionFromDirection(#rand(0,360),-70,0.4)),amount=#rand(20,30)@luck=2
[22:30:33] [Server thread/INFO] [net.minecraft.server.dedicated.DedicatedServer]: [RompOrTos: Teleported TTottaly_RED to RompOrTos]
[22:30:37] [Server thread/INFO] [STDOUT]: [mod.lucky.drop.func.DropProcessor:processRandomDrop:122]: Chosen Lucky Block Drop: type=item,ID=lucky:lucky_bow@chance=1.5@luck=2
[22:30:41] [Server thread/INFO] [net.minecraft.server.dedicated.DedicatedServer]: netz_zk was slain by stph_xmx using [Hero's Sword]
[22:30:46] [Server thread/INFO] [net.minecraft.network.NetHandlerPlayServer]: netz_zk lost connection: Disconnected
[22:30:46] [Server thread/INFO] [net.minecraft.server.dedicated.DedicatedServer]: netz_zk left the game
[22:30:48] [Server thread/INFO] [STDOUT]: [mod.lucky.drop.func.DropProcessor:processRandomDrop:122]: Chosen Lucky Block Drop: ID=end_portal_frame,amount=#rand(2,6)@luck=2
[22:30:49] [Server thread/INFO] [STDOUT]: [mod.lucky.drop.func.DropProcessor:processRandomDrop:122]: Chosen Lucky Block Drop: group(type=entity,ID=Wolf,amount=#rand(5,10),posOffset=#circleOffset(3),NBTTag=(CollarColor=#rand(0,14),OwnerUUID=#pUUID,Sitting=1);type=particle,ID="heart",size=(2,0,2),particleAmount=20)@luck=1
[22:30:49] [Server thread/INFO] [net.minecraft.server.dedicated.DedicatedServer]: [@: Set RompOrTos's spawn point to (-424, 68, -537)]
[22:30:51] [Server thread/INFO] [STDOUT]: [mod.lucky.drop.func.DropProcessor:processRandomDrop:122]: Chosen Lucky Block Drop: type=block,ID=chest,tileEntity=(Items=#customChestLootTable({"pools":[{"rolls":{"min":6,"max":12},"entries":[{"type":"item","name":"minecraft:iron_ingot","weight":1,"functions":[{"function":"set_count","count":{"min":1,"max":8}}]},{"type":"item","name":"minecraft:gold_ingot","weight":1,"functions":[{"function":"set_count","count":{"min":1,"max":4}}]},{"type":"item","name":"minecraft:diamond","weight":1,"functions":[{"function":"set_count","count":{"min":1,"max":4}}]},{"type":"item","name":"minecraft:emerald","weight":1,"functions":[{"function":"set_count","count":{"min":1,"max":4}}]},{"type":"item","name":"minecraft:dye","weight":1,"functions":[{"function":"set_data","data":4},{"function":"set_count","count":{"min":1,"max":4}}]},{"type":"item","name":"lucky:lucky_block","weight":1,"functions":[{"function":"set_data","data":0},{"function":"set_count","count":{"min":1,"max":2}}]},{"type":"item","name":"minecraft:golden_apple","weight":1,"functions":[{"function":"set_data","data":0},{"function":"set_count","count":{"min":1,"max":2}}]},{"type":"item","name":"minecraft:golden_apple","weight":1,"functions":[{"function":"set_data","data":1},{"function":"set_count","count":{"min":1,"max":2}}]}]}]}))@luck=2
[22:30:51] [Server thread/INFO] [STDOUT]: [mod.lucky.drop.func.DropProcessor:processRandomDrop:122]: Chosen Lucky Block Drop: type=item,ID=lucky:lucky_bow@chance=1.5@luck=2
[22:31:07] [Server thread/INFO] [net.minecraft.server.dedicated.DedicatedServer]: [@: Set RompOrTos's spawn point to (-422, 69, -544)]
[22:31:07] [Server thread/INFO] [STDOUT]: [mod.lucky.drop.func.DropProcessor:processRandomDrop:122]: Chosen Lucky Block Drop: group(type=effect,ID=9,range=4,duration=10;type=effect,ID=17,range=3,amplifier=8,duration=10;type=particle,ID=splashpotion,potion="poison";type=difficulty,ID=hard;type=entity,ID=Slime;type=particle,ID=slime,size=(1.5,0.5,1.5),particleAmount=500)@luck=-2
[22:31:11] [Server thread/INFO] [STDOUT]: [mod.lucky.drop.func.DropProcessor:processRandomDrop:122]: Chosen Lucky Block Drop: group(type=entity,ID=potion,NBTTag=(Potion=(id=splash_potion,tag=(Potion=#randList("slowness","harming","poison","weakness")),Count=1),Motion=#motionFromDirection(#rand(0,360),-70,0.4)),amount=10)@luck=-2
[22:31:11] [Server thread/INFO] [net.minecraft.server.dedicated.DedicatedServer]: Jer_efece was killed by Potion using magic
[22:31:13] [Server thread/INFO] [net.minecraft.server.dedicated.DedicatedServer]: TTottaly_RED fell out of the world
[22:31:18] [Server thread/INFO] [net.minecraft.server.dedicated.DedicatedServer]: [@: Given [Lapis Lazuli Block] * 1 to Jer_efece]
[22:31:22] [Server thread/INFO] [STDOUT]: [mod.lucky.drop.func.DropProcessor:processRandomDrop:122]: Chosen Lucky Block Drop: group(type=effect,ID=9,range=4,duration=10;type=effect,ID=17,range=3,amplifier=8,duration=10;type=particle,ID=splashpotion,potion="poison";type=difficulty,ID=hard;type=entity,ID=Slime;type=particle,ID=slime,size=(1.5,0.5,1.5),particleAmount=500)@luck=-2
[22:31:22] [Server thread/INFO] [STDOUT]: [mod.lucky.drop.func.DropProcessor:processRandomDrop:122]: Chosen Lucky Block Drop: group(type=entity,ID=potion,NBTTag=(Potion=(id=splash_potion,tag=(Potion=#randList("slowness","harming","poison","weakness")),Count=1),Motion=#motionFromDirection(#rand(0,360),-70,0.4)),amount=10)@luck=-2
[22:31:22] [Server thread/INFO] [STDOUT]: [mod.lucky.drop.func.DropProcessor:processRandomDrop:122]: Chosen Lucky Block Drop: group(type=effect,ID=7,range=4;type=particle,ID=splashpotion,potion="harming";type=entity,ID=lucky:LuckyProjectile,NBTTag=(Motion=#motionFromDirection(#rand(0,360),-50,0.4),item=(id=iron_sword),damage=4.0),amount=20)@luck=-2
[22:31:22] [Server thread/INFO] [STDOUT]: [mod.lucky.drop.func.DropProcessor:processRandomDrop:122]: Chosen Lucky Block Drop: group(type=block,ID=fire,posOffset=#circleOffset(0,3),amount=50;type=block,ID=flowing_lava;type=particle,ID=splashpotion,potion="fire_resistance")@luck=-2
[22:31:22] [Server thread/INFO] [STDOUT]: [mod.lucky.drop.func.DropProcessor:processRandomDrop:122]: Chosen Lucky Block Drop: group(type=effect,ID=7,range=4;type=particle,ID=splashpotion,potion="harming";type=entity,ID=lucky:LuckyProjectile,NBTTag=(Motion=#motionFromDirection(#rand(0,360),-50,0.4),item=(id=iron_sword),damage=4.0),amount=20)@luck=-2
[22:31:22] [Server thread/INFO] [STDOUT]: [mod.lucky.drop.func.DropProcessor:processRandomDrop:122]: Chosen Lucky Block Drop: group(type=effect,ID=9,range=4,duration=10;type=effect,ID=17,range=3,amplifier=8,duration=10;type=particle,ID=splashpotion,potion="poison";type=difficulty,ID=hard;type=entity,ID=Slime;type=particle,ID=slime,size=(1.5,0.5,1.5),particleAmount=500)@luck=-2
[22:31:22] [Server thread/INFO] [STDOUT]: [mod.lucky.drop.func.DropProcessor:processRandomDrop:122]: Chosen Lucky Block Drop: group(type=effect,ID=9,range=4,duration=10;type=effect,ID=17,range=3,amplifier=8,duration=10;type=particle,ID=splashpotion,potion="poison";type=difficulty,ID=hard;type=entity,ID=Slime;type=particle,ID=slime,size=(1.5,0.5,1.5),particleAmount=500)@luck=-2
[22:31:22] [Server thread/INFO] [STDOUT]: [mod.lucky.drop.func.DropProcessor:processRandomDrop:122]: Chosen Lucky Block Drop: group(type=effect,ID=20,range=4,duration=30;type=particle,ID=splashpotion,potion="weakness";type=item,ID=bone,posOffset=#circleOffset(0.0,2.0),amount=10;type=item,ID=dye,damage=15,posOffset=#circleOffset(0.0,2.0),amount=10;type=item,ID=skull,posOffset=#circleOffset(0.0,2.0),amount=10)@luck=-2
[22:31:23] [Server thread/INFO] [STDOUT]: [mod.lucky.drop.func.DropProcessor:processRandomDrop:122]: Chosen Lucky Block Drop: group(type=block,ID=fire,posOffset=#circleOffset(0,3),amount=50;type=block,ID=flowing_lava;type=particle,ID=splashpotion,potion="fire_resistance")@luck=-2
[22:31:24] [Server thread/INFO] [net.minecraft.server.dedicated.DedicatedServer]: [RompOrTos: Teleported TTottaly_RED to RompOrTos]
[22:31:26] [Server thread/INFO] [net.minecraft.server.dedicated.DedicatedServer]: [@: Teleported Jer_efece to -12.5, 116.0, 0.5]
[22:31:28] [Server thread/INFO] [net.minecraft.server.dedicated.DedicatedServer]: [@: Given Jump Boost (ID 8) * 30 to TTottaly_RED for 6 seconds]
[22:31:37] [Server thread/INFO] [net.minecraft.server.dedicated.DedicatedServer]: TTottaly_RED fell out of the world
[22:31:40] [Server thread/INFO] [net.minecraft.server.dedicated.DedicatedServer]: [RompOrTos: Teleported TTottaly_RED to RompOrTos]
[22:31:42] [Server thread/INFO] [net.minecraft.server.dedicated.DedicatedServer]: [@: Given Jump Boost (ID 8) * 30 to TTottaly_RED for 6 seconds]
[22:31:43] [Server thread/INFO] [net.minecraft.server.dedicated.DedicatedServer]: [@: Given Jump Boost (ID 8) * 30 to RompOrTos for 6 seconds]
[22:31:50] [Server thread/INFO] [net.minecraft.server.dedicated.DedicatedServer]: [@: Teleported TTottaly_RED to -126.5, 120.0, -3.5]
[22:31:51] [Server thread/INFO] [net.minecraft.server.dedicated.DedicatedServer]: TTottaly_RED fell from a high place
[22:31:52] [Server thread/INFO] [net.minecraft.server.dedicated.DedicatedServer]: [@: Teleported Jer_efece to -12.5, 116.0, 0.5]
[22:31:53] [Server thread/INFO] [net.minecraft.server.dedicated.DedicatedServer]: [@: Teleported RompOrTos to -126.5, 120.0, -3.5]
[22:31:56] [Server thread/INFO] [net.minecraft.server.dedicated.DedicatedServer]: [@: Teleported RompOrTos to -12.5, 116.0, 0.5]
[22:32:13] [Server thread/INFO] [net.minecraft.server.dedicated.DedicatedServer]: [@: Teleported TTottaly_RED to -445.5, 28.0, -117.5]
[22:32:14] [Server thread/INFO] [net.minecraft.server.dedicated.DedicatedServer]: [@: Set TTottaly_RED's spawn point to (-446, 28, -118)]
[22:32:15] [Server thread/INFO] [net.minecraft.server.dedicated.DedicatedServer]: [@: Set TTottaly_RED's spawn point to (-448, 29, -123)]
[22:32:16] [Server thread/INFO] [net.minecraft.server.dedicated.DedicatedServer]: Jer_efece was slain by stph_xmx using [Hero's Sword]
[22:32:16] [Server thread/INFO] [net.minecraft.server.dedicated.DedicatedServer]: stph_xmx was slain by Wolf
[22:32:20] [Server thread/INFO] [net.minecraft.server.dedicated.DedicatedServer]: [RompOrTos: Teleported TTottaly_RED to RompOrTos]
[22:32:25] [Server thread/INFO] [net.minecraft.server.dedicated.DedicatedServer]: [@: Teleported Jer_efece to 1.5, 116.0, -13.5]
[22:32:37] [Server thread/INFO] [STDOUT]: [mod.lucky.drop.func.DropProcessor:processRandomDrop:122]: Chosen Lucky Block Drop: group(type=effect,ID=20,range=4,duration=30;type=particle,ID=splashpotion,potion="weakness";type=item,ID=bone,posOffset=#circleOffset(0.0,2.0),amount=10;type=item,ID=dye,damage=15,posOffset=#circleOffset(0.0,2.0),amount=10;type=item,ID=skull,posOffset=#circleOffset(0.0,2.0),amount=10)@luck=-2
[22:32:37] [Server thread/INFO] [STDOUT]: [mod.lucky.drop.func.DropProcessor:processRandomDrop:122]: Chosen Lucky Block Drop: group(type=difficulty,ID=hard;type=explosion,damage=4;type=particle,ID=splashpotion,potion="harming")@luck=-2
[22:32:38] [Server thread/INFO] [STDOUT]: [mod.lucky.drop.func.DropProcessor:processRandomDrop:122]: Chosen Lucky Block Drop: group(type=effect,ID=9,range=4,duration=10;type=effect,ID=17,range=3,amplifier=8,duration=10;type=particle,ID=splashpotion,potion="poison";type=difficulty,ID=hard;type=entity,ID=Slime;type=particle,ID=slime,size=(1.5,0.5,1.5),particleAmount=500)@luck=-2
[22:32:38] [Server thread/INFO] [STDOUT]: [mod.lucky.drop.func.DropProcessor:processRandomDrop:122]: Chosen Lucky Block Drop: group(type=effect,ID=7,range=4;type=particle,ID=splashpotion,potion="harming";type=entity,ID=lucky:LuckyProjectile,NBTTag=(Motion=#motionFromDirection(#rand(0,360),-50,0.4),item=(id=iron_sword),damage=4.0),amount=20)@luck=-2
[22:32:39] [Server thread/INFO] [STDOUT]: [mod.lucky.drop.func.DropProcessor:processRandomDrop:122]: Chosen Lucky Block Drop: group(type=effect,ID=19,range=4,duration=30;type=particle,ID=splashpotion,potion="poison";type=difficulty,ID=hard;type=entity,ID=cave_spider;type=item,ID=#randList(rotten_flesh,spider_eye,fermented_spider_eye),posOffset=#circleOffset(0.0,2.0),amount=30)@luck=-2
[22:32:39] [Server thread/INFO] [STDOUT]: [mod.lucky.drop.func.DropProcessor:processRandomDrop:122]: Chosen Lucky Block Drop: group(type=entity,ID=potion,NBTTag=(Potion=(id=splash_potion,tag=(Potion=#randList("slowness","harming","poison","weakness")),Count=1),Motion=#motionFromDirection(#rand(0,360),-70,0.4)),amount=10)@luck=-2
[22:32:39] [Server thread/INFO] [STDOUT]: [mod.lucky.drop.func.DropProcessor:processRandomDrop:122]: Chosen Lucky Block Drop: group(type=effect,ID=7,range=4;type=particle,ID=splashpotion,potion="harming";type=entity,ID=lucky:LuckyProjectile,NBTTag=(Motion=#motionFromDirection(#rand(0,360),-50,0.4),item=(id=iron_sword),damage=4.0),amount=20)@luck=-2
[22:32:39] [Server thread/INFO] [net.minecraft.server.dedicated.DedicatedServer]: TTottaly_RED has made the advancement [Suit Up]
[22:32:50] [Server thread/INFO] [STDOUT]: [mod.lucky.drop.func.DropProcessor:processRandomDrop:122]: Chosen Lucky Block Drop: group(type=effect,ID=21,range=4,amplifier=1,duration=600;type=effect,ID=6,range=4,amplifier=3;type=effect,ID=22,range=4,amplifier=1,duration=600;type=particle,ID=splashpotion,potion="healing";type=entity,ID=horse,NBTTag=(OwnerUUID=#pUUID,ArmorItem=(id=golden_horse_armor,Count=1),SaddleItem=(id=saddle,Count=1)))@luck=2
[22:32:51] [Server thread/INFO] [STDOUT]: [mod.lucky.drop.func.DropProcessor:processRandomDrop:122]: Chosen Lucky Block Drop: group(type=effect,ID=5,range=4,amplifier=1,duration=600;type=effect,ID=11,range=4,amplifier=1,duration=600;type=particle,ID=splashpotion,potion="strength";type=item,ID=iron_sword,posOffset=#circleOffset(0.0,2.0);type=item,ID=iron_helmet,posOffset=#circleOffset(0.0,2.0);type=item,ID=iron_chestplate,posOffset=#circleOffset(0.0,2.0);type=item,ID=iron_leggings,posOffset=#circleOffset(0.0,2.0);type=item,ID=iron_boots,posOffset=#circleOffset(0.0,2.0))@luck=2
[22:32:51] [Server thread/INFO] [STDOUT]: [mod.lucky.drop.func.DropProcessor:processRandomDrop:122]: Chosen Lucky Block Drop: group(type=effect,ID=1,range=4,amplifier=2,duration=600;type=particle,ID=splashpotion,potion="swiftness";type=item,ID=#randList(cookie,sugar),posOffset=#circleOffset(0.0,2.0),amount=30)@luck=2
[22:32:51] [Server thread/INFO] [STDOUT]: [mod.lucky.drop.func.DropProcessor:processRandomDrop:122]: Chosen Lucky Block Drop: group(type=effect,ID=14,range=4,duration=300;type=particle,ID=splashpotion,potion="invisibility";type=particle,ID=explode,size=(2.0,1.0,2.0),particleAmount=300,amount=30,delay=#rand(0.0,8.0))@luck=2
[22:32:51] [Server thread/INFO] [STDOUT]: [mod.lucky.drop.func.DropProcessor:processRandomDrop:122]: Chosen Lucky Block Drop: group(type=effect,ID=15,range=4,duration=10;type=effect,ID=2,range=4,duration=10;type=particle,ID=splashpotion,potion="slowness";type=particle,ID=largesmoke,size=(2.0,1.0,2.0),particleAmount=300,amount=30,delay=#rand(0.0,8.0))@luck=-2
[22:32:52] [Server thread/INFO] [STDOUT]: [mod.lucky.drop.func.DropProcessor:processRandomDrop:122]: Chosen Lucky Block Drop: group(type=effect,ID=5,range=4,amplifier=1,duration=600;type=effect,ID=11,range=4,amplifier=1,duration=600;type=particle,ID=splashpotion,potion="strength";type=item,ID=iron_sword,posOffset=#circleOffset(0.0,2.0);type=item,ID=iron_helmet,posOffset=#circleOffset(0.0,2.0);type=item,ID=iron_chestplate,posOffset=#circleOffset(0.0,2.0);type=item,ID=iron_leggings,posOffset=#circleOffset(0.0,2.0);type=item,ID=iron_boots,posOffset=#circleOffset(0.0,2.0))@luck=2
[22:32:56] [Server thread/INFO] [STDOUT]: [mod.lucky.drop.func.DropProcessor:processRandomDrop:122]: Chosen Lucky Block Drop: group(type=effect,ID=6,amplifier=#rand(2,6),duration=0;type=effect,ID=10,amplifier=#rand(1,2),duration=#rand(5,10);type=particle,ID=heart,size=(0.5,0.5,0.5),particleAmount=50,pos=#pExactPos)@luck=2
[22:32:58] [Server thread/INFO] [STDOUT]: [mod.lucky.drop.func.DropProcessor:processRandomDrop:122]: Chosen Lucky Block Drop: type=nothing@luck=0@chance=24
[22:32:58] [Server thread/INFO] [STDOUT]: [mod.lucky.drop.func.DropProcessor:processRandomDrop:122]: Chosen Lucky Block Drop: type=nothing@luck=0@chance=24
[22:33:00] [Server thread/INFO] [STDOUT]: [mod.lucky.drop.func.DropProcessor:processRandomDrop:122]: Chosen Lucky Block Drop: type=entity,ID=tnt,pos=#pExactPos,posOffsetY=1.5,NBTTag=(Fuse=40b,Motion=#motionFromDirection(#pYaw,#pPitch,0.8))@luck=2
[22:33:01] [Server thread/INFO] [net.minecraft.server.dedicated.DedicatedServer]: stph_xmx was slain by Jer_efece
[22:33:01] [Server thread/INFO] [STDOUT]: [mod.lucky.drop.func.DropProcessor:processRandomDrop:122]: Chosen Lucky Block Drop: type=nothing@luck=0@chance=24
[22:33:09] [Server thread/INFO] [STDOUT]: [mod.lucky.drop.func.DropProcessor:processRandomDrop:122]: Chosen Lucky Block Drop: type=entity,ID=lucky:LuckyProjectile,pos=#pExactPos,posOffsetY=1.5,NBTTag=(Motion=#motionFromDirection(#pYaw,#pPitch,1.5),item=(id=web,Count=1),impact=["type=fill,ID=web,size=(2,2,2)"])@luck=2@chance=0.5
[22:33:09] [Server thread/INFO] [STDOUT]: [mod.lucky.drop.func.DropProcessor:processRandomDrop:122]: Chosen Lucky Block Drop: type=fill,ID=web,size=(2,2,2)
[22:33:09] [Server thread/WARN] [net.minecraft.network.NetHandlerPlayServer]: stph_xmx moved wrongly!
[22:33:15] [Server thread/INFO] [net.minecraft.server.dedicated.DedicatedServer]: stph_xmx was slain by Jer_efece using [Hero's Sword]
[22:33:25] [Server thread/INFO] [STDOUT]: [mod.lucky.drop.func.DropProcessor:processRandomDrop:122]: Chosen Lucky Block Drop: type=entity,ID=egg,pos=#pExactPos,posOffsetY=1.5,NBTTag=(Motion=#motionFromDirection(#pYaw+#rand(-10,10),#pPitch+#rand(-10,10), 1.0)),amount=25,delay=#rand(0.0,2.0)@luck=2
[22:33:26] [Server thread/INFO] [STDOUT]: [mod.lucky.drop.func.DropProcessor:processRandomDrop:122]: Chosen Lucky Block Drop: group(type=effect,ID=6,amplifier=#rand(2,6),duration=0;type=effect,ID=10,amplifier=#rand(1,2),duration=#rand(5,10);type=particle,ID=heart,size=(0.5,0.5,0.5),particleAmount=50,pos=#pExactPos)@luck=2
[22:33:26] [Server thread/INFO] [STDOUT]: [mod.lucky.drop.func.DropProcessor:processRandomDrop:122]: Chosen Lucky Block Drop: type=nothing@luck=0@chance=24
[22:33:28] [Server thread/INFO] [STDOUT]: [mod.lucky.drop.func.DropProcessor:processRandomDrop:122]: Chosen Lucky Block Drop: type=nothing@luck=0@chance=24
[22:33:28] [Server thread/INFO] [STDOUT]: [mod.lucky.drop.func.DropProcessor:processRandomDrop:122]: Chosen Lucky Block Drop: type=entity,ID=Arrow,pos=#pExactPos,posOffsetY=1.5,NBTTag=(Motion=#motionFromDirection(#pYaw+#rand(-10,10),#pPitch+#rand(-10,10),1.0)),amount=50,delay=#rand(0.0,4.0)@luck=2
[22:33:29] [Server thread/INFO] [net.minecraft.server.dedicated.DedicatedServer]: Jer_efece has made the advancement [Take Aim]
[22:33:31] [Server thread/INFO] [net.minecraft.server.dedicated.DedicatedServer]: stph_xmx was killed trying to hurt TTottaly_RED
[22:33:34] [Server thread/INFO] [STDOUT]: [mod.lucky.drop.func.DropProcessor:processRandomDrop:122]: Chosen Lucky Block Drop: type=nothing@luck=0@chance=24
[22:33:35] [Server thread/INFO] [STDOUT]: [mod.lucky.drop.func.DropProcessor:processRandomDrop:122]: Chosen Lucky Block Drop: type=nothing@luck=0@chance=24
[22:33:36] [Server thread/INFO] [STDOUT]: [mod.lucky.drop.func.DropProcessor:processRandomDrop:122]: Chosen Lucky Block Drop: type=entity,ID=Arrow,pos=#pExactPos,posOffsetY=1.5,NBTTag=(Motion=#motionFromDirection(#pYaw+#rand(-10,10),#pPitch+#rand(-10,10),1.0)),amount=50,delay=#rand(0.0,4.0)@luck=2
[22:34:03] [Server thread/INFO] [net.minecraft.server.dedicated.DedicatedServer]: RompOrTos has made the advancement [Suit Up]
[22:34:05] [Server thread/INFO] [net.minecraft.server.dedicated.DedicatedServer]: stph_xmx was burnt to a crisp whilst fighting Jer_efece
[22:34:31] [Server thread/INFO] [net.minecraft.server.dedicated.DedicatedServer]: stph_xmx was slain by RompOrTos
[22:34:44] [Server thread/INFO] [net.minecraft.server.dedicated.DedicatedServer]: RompOrTos has made the advancement [Monster Hunter]
[22:34:48] [Server thread/INFO] [STDOUT]: [mod.lucky.drop.func.DropProcessor:processRandomDrop:122]: Chosen Lucky Block Drop: type=structure,ID=giant_lucky_block_good,rotation=#pDirect@luck=2
[22:34:49] [Server thread/INFO] [net.minecraft.server.dedicated.DedicatedServer]: stph_xmx was slain by TTottaly_RED using [Hero's Sword]
[22:34:52] [Server thread/INFO] [STDOUT]: [mod.lucky.drop.func.DropProcessor:processRandomDrop:135]: Chosen Lucky Block Drop: group(group(ID=giant_block_break_stage_1;ID=giant_block_break_stage_2,delay=1;ID=giant_block_break_stage_3,delay=2;ID=giant_block_break_stage_4,delay=3;ID=giant_block_break_stage_5,delay=4),type=structure,pos=(-3.5,117.0,4.5),rotation=1;type=fill,ID=air,pos=(3,117,0),pos2=(-4,124,7),delay=5;type=entity,ID=fireworks_rocket,pos=(-1,121,4),posOffset=(#rand(-4,4),#rand(-4,4),#rand(-4,4)),amount=50,NBTTag=(LifeTime=5,FireworksItem=(id=fireworks,Count=1,tag=#randFireworksRocket)),delay=5;group(ID=iron_ingot;ID=gold_ingot;ID=diamond;ID=emerald),pos=(-1,121,4),amount=#rand(16,24),delay=5)
[22:35:03] [Server thread/INFO] [STDOUT]: [mod.lucky.drop.func.DropProcessor:processRandomDrop:122]: Chosen Lucky Block Drop: type=nothing@luck=0@chance=24
[22:35:03] [Server thread/INFO] [STDOUT]: [mod.lucky.drop.func.DropProcessor:processRandomDrop:122]: Chosen Lucky Block Drop: type=nothing@luck=0@chance=24
[22:35:04] [Server thread/INFO] [STDOUT]: [mod.lucky.drop.func.DropProcessor:processRandomDrop:122]: Chosen Lucky Block Drop: type=nothing@luck=0@chance=24
[22:35:06] [Server thread/INFO] [STDOUT]: [mod.lucky.drop.func.DropProcessor:processRandomDrop:122]: Chosen Lucky Block Drop: type=nothing@luck=0@chance=24
[22:35:31] [Server thread/INFO] [net.minecraft.server.dedicated.DedicatedServer]: stph_xmx was slain by RompOrTos
[22:35:42] [Server thread/INFO] [net.minecraft.server.dedicated.DedicatedServer]: stph_xmx was slain by RompOrTos
[22:35:53] [Server thread/WARN] [net.minecraft.network.NetHandlerPlayServer]: RompOrTos moved wrongly!
[22:35:58] [Server thread/INFO] [net.minecraft.server.dedicated.DedicatedServer]: stph_xmx was killed trying to hurt TTottaly_RED
[22:36:04] [Server thread/INFO] [net.minecraft.server.dedicated.DedicatedServer]: Jer_efece was slain by RompOrTos
[22:36:15] [Server thread/INFO] [net.minecraft.server.dedicated.DedicatedServer]: stph_xmx was slain by RompOrTos
[22:36:20] [Server thread/INFO] [net.minecraft.server.dedicated.DedicatedServer]: TTottaly_RED was slain by RompOrTos
[22:36:24] [Server thread/INFO] [net.minecraft.server.dedicated.DedicatedServer]: [@: Set TTottaly_RED's spawn point to (-448, 29, -124)]
[22:36:28] [Server thread/INFO] [net.minecraft.server.dedicated.DedicatedServer]: stph_xmx was slain by RompOrTos
[22:36:36] [Server thread/INFO] [net.minecraft.server.dedicated.DedicatedServer]: [RompOrTos: Teleported TTottaly_RED to RompOrTos]
[22:36:40] [Server thread/INFO] [net.minecraft.server.dedicated.DedicatedServer]: stph_xmx was slain by RompOrTos
[22:36:52] [Server thread/INFO] [net.minecraft.server.dedicated.DedicatedServer]: stph_xmx was slain by RompOrTos
[22:36:53] [Netty Epoll Server IO #7/INFO] [FML]: Client protocol version 2
[22:36:53] [Netty Epoll Server IO #7/INFO] [FML]: Client attempting to join with 6 mods : minecraft@1.12.2,lucky@7.6.0,FML@8.0.99.99,forge@14.23.5.2859,mcp@9.42,jei@4.16.1.1013
[22:36:54] [Server thread/INFO] [FML]: [Server thread] Server side modded connection established
[22:36:54] [Server thread/INFO] [net.minecraft.server.management.PlayerList]: Scotmamani[/127.20.112.198:59283] logged in with entity id 212106 at (-420.5, 64.0, -69.5)
[22:36:54] [Server thread/INFO] [net.minecraft.server.dedicated.DedicatedServer]: Scotmamani joined the game
[22:37:00] [Server thread/INFO] [net.minecraft.server.dedicated.DedicatedServer]: TTottaly_RED was slain by RompOrTos
[22:37:00] [Server thread/INFO] [net.minecraft.server.dedicated.DedicatedServer]: [@: Teleported Jer_efece to 1.5, 116.0, -13.5]
[22:37:01] [Server thread/INFO] [net.minecraft.server.dedicated.DedicatedServer]: stph_xmx was slain by RompOrTos
[22:37:04] [Server thread/INFO] [STDOUT]: [mod.lucky.drop.func.DropProcessor:processRandomDrop:122]: Chosen Lucky Block Drop: group(type=effect,ID=7,range=4;type=particle,ID=splashpotion,potion="harming";type=entity,ID=lucky:LuckyProjectile,NBTTag=(Motion=#motionFromDirection(#rand(0,360),-50,0.4),item=(id=iron_sword),damage=4.0),amount=20)@luck=-2
[22:37:04] [Server thread/INFO] [STDOUT]: [mod.lucky.drop.func.DropProcessor:processRandomDrop:122]: Chosen Lucky Block Drop: group(type=block,ID=fire,posOffset=#circleOffset(0,3),amount=50;type=block,ID=flowing_lava;type=particle,ID=splashpotion,potion="fire_resistance")@luck=-2
[22:37:05] [Server thread/INFO] [STDOUT]: [mod.lucky.drop.func.DropProcessor:processRandomDrop:122]: Chosen Lucky Block Drop: group(type=block,ID=fire,posOffset=#circleOffset(0,3),amount=50;type=block,ID=flowing_lava;type=particle,ID=splashpotion,potion="fire_resistance")@luck=-2
[22:37:05] [Server thread/INFO] [STDOUT]: [mod.lucky.drop.func.DropProcessor:processRandomDrop:122]: Chosen Lucky Block Drop: group(type=effect,ID=20,range=4,duration=30;type=particle,ID=splashpotion,potion="weakness";type=item,ID=bone,posOffset=#circleOffset(0.0,2.0),amount=10;type=item,ID=dye,damage=15,posOffset=#circleOffset(0.0,2.0),amount=10;type=item,ID=skull,posOffset=#circleOffset(0.0,2.0),amount=10)@luck=-2
[22:37:05] [Server thread/INFO] [STDOUT]: [mod.lucky.drop.func.DropProcessor:processRandomDrop:122]: Chosen Lucky Block Drop: group(type=effect,ID=15,range=4,duration=10;type=effect,ID=2,range=4,duration=10;type=particle,ID=splashpotion,potion="slowness";type=particle,ID=largesmoke,size=(2.0,1.0,2.0),particleAmount=300,amount=30,delay=#rand(0.0,8.0))@luck=-2
[22:37:05] [Server thread/INFO] [STDOUT]: [mod.lucky.drop.func.DropProcessor:processRandomDrop:122]: Chosen Lucky Block Drop: group(type=entity,ID=potion,NBTTag=(Potion=(id=splash_potion,tag=(Potion=#randList("slowness","harming","poison","weakness")),Count=1),Motion=#motionFromDirection(#rand(0,360),-70,0.4)),amount=10)@luck=-2
[22:37:05] [Server thread/INFO] [STDOUT]: [mod.lucky.drop.func.DropProcessor:processRandomDrop:122]: Chosen Lucky Block Drop: group(type=block,ID=fire,posOffset=#circleOffset(0,3),amount=50;type=block,ID=flowing_lava;type=particle,ID=splashpotion,potion="fire_resistance")@luck=-2
[22:37:05] [Server thread/INFO] [STDOUT]: [mod.lucky.drop.func.DropProcessor:processRandomDrop:122]: Chosen Lucky Block Drop: group(type=entity,ID=potion,NBTTag=(Potion=(id=splash_potion,tag=(Potion=#randList("slowness","harming","poison","weakness")),Count=1),Motion=#motionFromDirection(#rand(0,360),-70,0.4)),amount=10)@luck=-2
[22:37:05] [Server thread/INFO] [STDOUT]: [mod.lucky.drop.func.DropProcessor:processRandomDrop:122]: Chosen Lucky Block Drop: group(type=effect,ID=9,range=4,duration=10;type=effect,ID=17,range=3,amplifier=8,duration=10;type=particle,ID=splashpotion,potion="poison";type=difficulty,ID=hard;type=entity,ID=Slime;type=particle,ID=slime,size=(1.5,0.5,1.5),particleAmount=500)@luck=-2
[22:37:05] [Server thread/INFO] [net.minecraft.server.dedicated.DedicatedServer]: <TTottaly_RED> hagan tp chat
[22:37:05] [Server thread/INFO] [STDOUT]: [mod.lucky.drop.func.DropProcessor:processRandomDrop:122]: Chosen Lucky Block Drop: group(type=effect,ID=19,range=4,duration=30;type=particle,ID=splashpotion,potion="poison";type=difficulty,ID=hard;type=entity,ID=cave_spider;type=item,ID=#randList(rotten_flesh,spider_eye,fermented_spider_eye),posOffset=#circleOffset(0.0,2.0),amount=30)@luck=-2
[22:37:05] [Server thread/INFO] [STDOUT]: [mod.lucky.drop.func.DropProcessor:processRandomDrop:122]: Chosen Lucky Block Drop: group(type=difficulty,ID=hard;type=explosion,damage=4;type=particle,ID=splashpotion,potion="harming")@luck=-2
[22:37:06] [Server thread/INFO] [STDOUT]: [mod.lucky.drop.func.DropProcessor:processRandomDrop:122]: Chosen Lucky Block Drop: group(type=block,ID=fire,posOffset=#circleOffset(0,3),amount=50;type=block,ID=flowing_lava;type=particle,ID=splashpotion,potion="fire_resistance")@luck=-2
[22:37:06] [Server thread/INFO] [STDOUT]: [mod.lucky.drop.func.DropProcessor:processRandomDrop:122]: Chosen Lucky Block Drop: group(type=effect,ID=19,range=4,duration=30;type=particle,ID=splashpotion,potion="poison";type=difficulty,ID=hard;type=entity,ID=cave_spider;type=item,ID=#randList(rotten_flesh,spider_eye,fermented_spider_eye),posOffset=#circleOffset(0.0,2.0),amount=30)@luck=-2
[22:37:06] [Server thread/INFO] [STDOUT]: [mod.lucky.drop.func.DropProcessor:processRandomDrop:122]: Chosen Lucky Block Drop: group(type=effect,ID=7,range=4;type=particle,ID=splashpotion,potion="harming";type=entity,ID=lucky:LuckyProjectile,NBTTag=(Motion=#motionFromDirection(#rand(0,360),-50,0.4),item=(id=iron_sword),damage=4.0),amount=20)@luck=-2
[22:37:06] [Server thread/INFO] [STDOUT]: [mod.lucky.drop.func.DropProcessor:processRandomDrop:122]: Chosen Lucky Block Drop: group(type=effect,ID=18,range=4,duration=30;type=particle,ID=splashpotion,potion="weakness";type=difficulty,ID=hard;type=entity,ID=#randList(Zombie,Skeleton,Spider),posOffset=#circleOffset(0.0,2.0),amount=#rand(7,10))@luck=-2
[22:37:11] [Server thread/INFO] [net.minecraft.server.dedicated.DedicatedServer]: [@: Set TTottaly_RED's spawn point to (-446, 29, -125)]
[22:37:15] [Server thread/INFO] [net.minecraft.server.dedicated.DedicatedServer]: stph_xmx was slain by RompOrTos
[22:37:15] [Server thread/INFO] [STDOUT]: [mod.lucky.drop.func.DropProcessor:processRandomDrop:122]: Chosen Lucky Block Drop: group(type=effect,ID=9,range=4,duration=10;type=effect,ID=17,range=3,amplifier=8,duration=10;type=particle,ID=splashpotion,potion="poison";type=difficulty,ID=hard;type=entity,ID=Slime;type=particle,ID=slime,size=(1.5,0.5,1.5),particleAmount=500)@luck=-2
[22:37:15] [Server thread/INFO] [STDOUT]: [mod.lucky.drop.func.DropProcessor:processRandomDrop:122]: Chosen Lucky Block Drop: group(type=effect,ID=7,range=4;type=particle,ID=splashpotion,potion="harming";type=entity,ID=lucky:LuckyProjectile,NBTTag=(Motion=#motionFromDirection(#rand(0,360),-50,0.4),item=(id=iron_sword),damage=4.0),amount=20)@luck=-2
[22:37:15] [Server thread/INFO] [STDOUT]: [mod.lucky.drop.func.DropProcessor:processRandomDrop:122]: Chosen Lucky Block Drop: group(type=effect,ID=7,range=4;type=particle,ID=splashpotion,potion="harming";type=entity,ID=lucky:LuckyProjectile,NBTTag=(Motion=#motionFromDirection(#rand(0,360),-50,0.4),item=(id=iron_sword),damage=4.0),amount=20)@luck=-2
[22:37:15] [Server thread/INFO] [STDOUT]: [mod.lucky.drop.func.DropProcessor:processRandomDrop:122]: Chosen Lucky Block Drop: group(type=effect,ID=7,range=4;type=particle,ID=splashpotion,potion="harming";type=entity,ID=lucky:LuckyProjectile,NBTTag=(Motion=#motionFromDirection(#rand(0,360),-50,0.4),item=(id=iron_sword),damage=4.0),amount=20)@luck=-2
[22:37:15] [Server thread/INFO] [net.minecraft.server.dedicated.DedicatedServer]: [@: Set TTottaly_RED's spawn point to (-445, 28, -120)]
[22:37:17] [Server thread/INFO] [net.minecraft.server.dedicated.DedicatedServer]: <Scotmamani> oe gente roten meet p
[22:37:24] [Server thread/INFO] [net.minecraft.server.dedicated.DedicatedServer]: [@: Game rule keeInventory has been updated to true @a]
[22:37:26] [Server thread/INFO] [STDOUT]: [mod.lucky.drop.func.DropProcessor:processRandomDrop:122]: Chosen Lucky Block Drop: type=nothing@luck=0@chance=24
[22:37:26] [Server thread/INFO] [net.minecraft.server.dedicated.DedicatedServer]: [@: Set the time to 0]
[22:37:26] [Server thread/INFO] [STDOUT]: [mod.lucky.drop.func.DropProcessor:processRandomDrop:122]: Chosen Lucky Block Drop: type=nothing@luck=0@chance=24
[22:37:27] [Server thread/INFO] [STDOUT]: [mod.lucky.drop.func.DropProcessor:processRandomDrop:122]: Chosen Lucky Block Drop: type=nothing@luck=0@chance=24
[22:37:29] [Server thread/INFO] [STDOUT]: [mod.lucky.drop.func.DropProcessor:processRandomDrop:122]: Chosen Lucky Block Drop: group(type=effect,ID=special_fire,range=4,excludePlayer=true,duration=#rand(5,10);type=particle,ID=flame,pos=#pExactPos,size=(1.0,0.3,1.0),particleAmount=2000)@luck=2
[22:37:32] [Server thread/INFO] [net.minecraft.server.dedicated.DedicatedServer]: [@: Teleported Scotmamani to -423.5, 28.0625, -117.5]
[22:37:36] [Server thread/INFO] [STDOUT]: [mod.lucky.drop.func.DropProcessor:processRandomDrop:122]: Chosen Lucky Block Drop: group:1:(group(ID=carrot,amount=#rand(8,16);ID=golden_carrot,amount=#rand(4,8));group(ID=potato,amount=#rand(8,16);ID=baked_potato,amount=#rand(4,8);ID=poisonous_potato,amount=#rand(2,4));group(ID=pumpkin_pie,amount=#rand(6,12)))@luck=1
[22:37:37] [Server thread/INFO] [net.minecraft.server.dedicated.DedicatedServer]: Jer_efece was slain by RompOrTos
[22:37:41] [Server thread/INFO] [net.minecraft.server.dedicated.DedicatedServer]: stph_xmx was slain by RompOrTos
[22:37:43] [Server thread/INFO] [net.minecraft.server.dedicated.DedicatedServer]: <TTottaly_RED> hagan tp chaatt
[22:37:44] [Server thread/INFO] [net.minecraft.server.dedicated.DedicatedServer]: [@: Teleported Jer_efece to 1.5, 116.0, -13.5]
[22:37:47] [Server thread/INFO] [net.minecraft.server.dedicated.DedicatedServer]: <RompOrTos> xddddd
[22:37:51] [Server thread/INFO] [net.minecraft.server.dedicated.DedicatedServer]: [RompOrTos: Teleported TTottaly_RED to RompOrTos]
[22:37:52] [Server thread/INFO] [STDOUT]: [mod.lucky.drop.func.DropProcessor:processRandomDrop:122]: Chosen Lucky Block Drop: group:#rand(1,2):(ID=diamond_sword;ID=diamond_shovel;ID=diamond_pickaxe;ID=diamond_axe;ID=diamond_hoe)@luck=2
[22:37:55] [Server thread/INFO] [STDOUT]: [mod.lucky.drop.func.DropProcessor:processRandomDrop:122]: Chosen Lucky Block Drop: type=block,ID=chest,tileEntity=(Items=#customChestLootTable({"pools":[{"rolls":{"min":6,"max":12},"entries":[{"type":"item","name":"minecraft:iron_ingot","weight":1,"functions":[{"function":"set_count","count":{"min":1,"max":8}}]},{"type":"item","name":"minecraft:gold_ingot","weight":1,"functions":[{"function":"set_count","count":{"min":1,"max":4}}]},{"type":"item","name":"minecraft:diamond","weight":1,"functions":[{"function":"set_count","count":{"min":1,"max":4}}]},{"type":"item","name":"minecraft:emerald","weight":1,"functions":[{"function":"set_count","count":{"min":1,"max":4}}]},{"type":"item","name":"minecraft:dye","weight":1,"functions":[{"function":"set_data","data":4},{"function":"set_count","count":{"min":1,"max":4}}]},{"type":"item","name":"lucky:lucky_block","weight":1,"functions":[{"function":"set_data","data":0},{"function":"set_count","count":{"min":1,"max":2}}]},{"type":"item","name":"minecraft:golden_apple","weight":1,"functions":[{"function":"set_data","data":0},{"function":"set_count","count":{"min":1,"max":2}}]},{"type":"item","name":"minecraft:golden_apple","weight":1,"functions":[{"function":"set_data","data":1},{"function":"set_count","count":{"min":1,"max":2}}]}]}]}))@luck=2
[22:37:57] [Server thread/INFO] [net.minecraft.server.dedicated.DedicatedServer]: stph_xmx was killed trying to hurt Jer_efece
[22:38:02] [Server thread/INFO] [net.minecraft.server.dedicated.DedicatedServer]: TTottaly_RED was burnt to a crisp whilst fighting Jer_efece
[22:38:09] [Server thread/INFO] [STDOUT]: [mod.lucky.drop.func.DropProcessor:processRandomDrop:122]: Chosen Lucky Block Drop: group(type=fill,ID=air,size=(1,8,1);type=entity,ID=falling_block,posY=#bPosY+7,NBTTag=(Block=gold_block);type=particle,ID=flame,size=(1,2,1),particleAmount=500;type=sound,ID=entity.ghast.shoot)@luck=0
[22:38:13] [Server thread/INFO] [net.minecraft.server.dedicated.DedicatedServer]: [@: Set Scotmamani's spawn point to (-424, 29, -126)]
[22:38:13] [Server thread/INFO] [STDOUT]: [mod.lucky.drop.func.DropProcessor:processRandomDrop:122]: Chosen Lucky Block Drop: group(type=difficulty,ID=hard;type=entity,ID=Zombie,NBTTag=(HandItems=[(id=diamond_sword,Count=1,tag=(ench=#luckySwordEnchantments))],ArmorItems=[(id=diamond_boots,Count=1,tag=(ench=#luckyBootsEnchantments)),(id=diamond_leggings,Count=1,tag=(ench=#luckyLeggingsEnchantments)),(id=diamond_chestplate,Count=1,tag=(ench=#luckyChestplateEnchantments)),(id=diamond_helmet,Count=1,tag=(ench=#luckyHelmetEnchantments))],HandDropChances=[0.5f,0f],ArmorDropChances=[0.3f,0.3f,0.3f,0.3f],CustomName="$9$lBob",CustomNameVisible=true))@luck=-2
[22:38:19] [Server thread/INFO] [net.minecraft.server.dedicated.DedicatedServer]: [@: Set Scotmamani's spawn point to (-426, 29, -139)]
[22:38:20] [Server thread/INFO] [net.minecraft.server.dedicated.DedicatedServer]: [@: Set Scotmamani's spawn point to (-431, 29, -141)]
[22:38:24] [Server thread/INFO] [net.minecraft.server.dedicated.DedicatedServer]: [@: Set Scotmamani's spawn point to (-433, 29, -124)]
[22:38:29] [Server thread/INFO] [net.minecraft.server.dedicated.DedicatedServer]: [@: Set Scotmamani's spawn point to (-446, 28, -120)]
